gamma,NRC3,,
0.000155868,0.009922601,,
0.000311891,0.009567515,,
0.000467915,0.009294918,,
0.000623938,0.009065006,,
0.000779962,0.00886237,,
0.000935985,0.008679107,,
0.001092009,0.008510522,,
0.001248033,0.008353558,,
0.001404056,0.008206093,,
0.00156008,0.008066577,,
0.001716103,0.007933846,,
0.001872127,0.007806989,,
0.00202815,0.00768529,,
0.002184174,0.00756816,,
0.002340198,0.007455118,,
0.002496221,0.007345765,,
0.002652245,0.007239755,,
0.002808268,0.007136799,,
0.002964292,0.007036648,,
0.003120315,0.00693908,,
0.003276339,0.006843904,,
0.003432363,0.006750953,,
0.003588386,0.006660075,,
0.00374441,0.006571139,,
0.003900433,0.006484021,,
0.004056457,0.006398614,,
0.004212481,0.006314823,,
0.004368504,0.006232556,,
0.004524528,0.006151733,,
0.004680551,0.006072282,,
0.004836575,0.005994132,,
0.004992598,0.005917222,,
0.005148622,0.005841493,,
0.005304645,0.005766894,,
0.005460669,0.005693374,,
0.005616692,0.005620887,,
0.005772716,0.005549391,,
0.005928739,0.005478846,,
0.006084763,0.005409215,,
0.006240787,0.005340462,,
0.006396811,0.005272555,,
0.006552834,0.005205464,,
0.006708858,0.005139159,,
0.006864881,0.005073613,,
0.007020905,0.0050088,,
0.007176928,0.004944697,,
0.007332952,0.00488128,,
0.007488975,0.004818528,,
0.007644999,0.004756419,,
0.007801022,0.004694935,,
0.007957046,0.004634057,,
0.008113069,0.004573767,,
0.008269093,0.004514048,,
0.008425117,0.004454884,,
0.00858114,0.00439626,,
0.008737164,0.004338162,,
0.008893187,0.004280575,,
0.009049211,0.004223486,,
0.009205234,0.004166882,,
0.009361258,0.004110751,,
0.009517281,0.004055081,,
0.009673305,0.003999862,,
0.009829328,0.003945083,,
0.009985352,0.003890732,,
0.010141376,0.0038368,,
0.0102974,0.003783278,,
0.010453423,0.003730156,,
0.010609447,0.003677426,,
0.010765471,0.003625079,,
0.010921494,0.003573106,,
0.011077518,0.003521501,,
0.011233541,0.003470255,,
0.011389565,0.00341936,,
0.011545588,0.003368811,,
0.011701612,0.003318599,,
0.011857635,0.003268719,,
0.012013659,0.003219164,,
0.012169682,0.003169927,,
0.012325706,0.003121003,,
0.012481729,0.003072387,,
0.012637753,0.003024072,,
0.012793777,0.002976053,,
0.0129498,0.002928325,,
0.013105824,0.002880883,,
0.013261847,0.002833721,,
0.013417871,0.002786835,,
0.013573894,0.002740222,,
0.013729918,0.002693875,,
0.013885941,0.002647791,,
0.014041965,0.002601965,,
0.014197988,0.002556393,,
0.014354012,0.002511073,,
0.014510036,0.002465999,,
0.014666059,0.002421168,,
0.014822083,0.002376577,,
0.014978106,0.002332221,,
0.01513413,0.002288099,,
0.015290154,0.002244205,,
0.015446178,0.002200539,,
0.015602201,0.002157095,,
0.015758224,0.002113873,,
0.015914248,0.002070868,,
0.016070271,0.002028078,,
0.016226295,0.0019855,,
0.016382318,0.001943132,,
0.016538342,0.001900972,,
0.016694365,0.001859017,,
0.01685039,0.001817265,,
0.017006412,0.001775715,,
0.017162437,0.001734363,,
0.017318459,0.001693209,,
0.017474484,0.001652251,,
0.017630506,0.001611487,,
0.017786531,0.001570916,,
0.017942555,0.001530536,,
0.018098578,0.001490346,,
0.018254602,0.001450347,,
0.018410625,0.001410536,,
0.018566649,0.001370912,,
0.018722672,0.001331477,,
0.018878696,0.00129223,,
0.019034719,0.001253171,,
0.019190744,0.0012143,,
0.019346766,0.001175619,,
0.019502791,0.001137129,,
0.019658813,0.00109883,,
0.019814838,0.001060726,,
0.01997086,0.00102282,,
0.020126885,0.000985114,,
0.020282907,0.000947613,,
0.020438932,0.000910322,,
0.020594954,0.000873249,,
0.020750979,0.0008364,,
0.020907002,0.000799785,,
0.021063026,0.000763415,,
0.021219049,0.000727305,,
0.021375073,0.000691471,,
0.021531096,0.000655935,,
0.02168712,0.000620721,,
0.021843143,0.000585863,,
0.021999167,0.0005514,,
0.02215519,0.000517382,,
0.022311214,0.000483871,,
0.022467237,0.000450951,,
0.022623261,0.000418725,,
0.022779286,0.000387332,,
0.022935309,0.000356953,,
0.023091333,0.000327829,,
0.023247356,0.000300282,,
0.02340338,0.000274738,,
0.023559403,0.000251759,,
0.023715427,0.00023205,,
0.02387145,0.000216452,,
0.024027474,0.000205841,,
0.024183497,0.000200949,,
0.024339521,0.000202134,,
0.024495544,0.000209236,,
0.024651568,0.000221638,,
0.024807591,0.000238465,,
0.024963615,0.000258814,,
0.025119638,0.000281884,,
0.025275663,0.000307029,,
0.025431685,0.000333748,,
0.02558771,0.000361662,,
0.025743732,0.000390492,,
0.025899757,0.000420023,,
0.026055779,0.000450095,,
0.026211804,0.000480587,,
0.026367826,0.000511405,,
0.026523851,0.000542476,,
0.026679873,0.000573742,,
0.026835898,0.000605158,,
0.026991921,0.000636688,,
0.027147945,0.000668301,,
0.027303968,0.000699974,,
0.027459992,0.000731688,,
0.027616017,0.000763426,,
0.027772039,0.000795174,,
0.027928064,0.000826922,,
0.028084086,0.00085866,,
0.028240111,0.000890378,,
0.028396133,0.000922073,,
0.028552158,0.000953736,,
0.02870818,0.000985364,,
0.028864205,0.001016951,,
0.029020227,0.001048496,,
0.029176252,0.001079994,,
0.029332275,0.001111441,,
0.029488299,0.001142838,,
0.029644322,0.00117418,,
0.029800346,0.001205468,,
0.029956369,0.0012367,,
0.030112393,0.001267872,,
0.030268416,0.001298987,,
0.03042444,0.001330041,,
0.030580463,0.001361034,,
0.030736487,0.001391965,,
0.03089251,0.001422835,,
0.031048534,0.001453643,,
0.031204557,0.001484387,,
0.031360582,0.001515069,,
0.031516604,0.001545688,,
0.031672627,0.001576243,,
0.031828653,0.001606734,,
0.031984676,0.001637162,,
0.032140698,0.001667526,,
0.032296721,0.001697827,,
0.032452747,0.001728063,,
0.03260877,0.001758237,,
0.032764792,0.001788345,,
0.032920819,0.001818393,,
0.033076841,0.001848376,,
0.033232864,0.001878295,,
0.033388887,0.001908153,,
0.033544913,0.001937948,,
0.033700936,0.00196768,,
0.033856958,0.00199735,,
0.034012981,0.002026957,,
0.034169007,0.002056504,,
0.03432503,0.002085988,,
0.034481052,0.002115411,,
0.034637075,0.002144772,,
0.034793101,0.002174074,,
0.034949124,0.002203315,,
0.035105146,0.002232495,,
0.035261169,0.002261615,,
0.035417195,0.002290677,,
0.035573218,0.002319677,,
0.035729241,0.002348619,,
0.035885263,0.002377503,,
0.03604129,0.002406328,,
0.036197312,0.002435094,,
0.036353335,0.002463802,,
0.036509357,0.002492454,,
0.036665384,0.002521047,,
0.036821406,0.002549584,,
0.036977429,0.002578063,,
0.037133452,0.002606486,,
0.037289478,0.002634853,,
0.0374455,0.002663165,,
0.037601523,0.00269142,,
0.037757549,0.002719621,,
0.037913572,0.002747766,,
0.038069595,0.002775856,,
0.038225617,0.002803891,,
0.038381644,0.002831873,,
0.038537666,0.002859802,,
0.038693689,0.002887676,,
0.038849711,0.002915497,,
0.039005738,0.002943265,,
0.03916176,0.00297098,,
0.039317783,0.002998643,,
0.039473806,0.003026253,,
0.039629832,0.003053813,,
0.039785855,0.003081319,,
0.039941877,0.003108775,,
0.0400979,0.00313618,,
0.040253926,0.003163534,,
0.040409949,0.003190837,,
0.040565971,0.00321809,,
0.040721994,0.003245294,,
0.04087802,0.003272447,,
0.041034043,0.003299551,,
0.041190065,0.003326605,,
0.041346088,0.003353611,,
0.041502114,0.003380569,,
0.041658137,0.003407477,,
0.04181416,0.003434338,,
0.041970182,0.003461151,,
0.042126209,0.003487916,,
0.042282231,0.003514634,,
0.042438254,0.003541303,,
0.042594276,0.003567927,,
0.042750303,0.003594504,,
0.042906325,0.003621034,,
0.043062348,0.003647518,,
0.043218374,0.003673957,,
0.043374397,0.00370035,,
0.043530419,0.003726696,,
0.043686442,0.003752997,,
0.043842468,0.003779255,,
0.043998491,0.003805467,,
0.044154514,0.003831634,,
0.044310536,0.003857756,,
0.044466563,0.003883836,,
0.044622585,0.003909871,,
0.044778608,0.003935861,,
0.04493463,0.003961809,,
0.045090657,0.003987715,,
0.045246679,0.004013577,,
0.045402702,0.004039395,,
0.045558725,0.004065171,,
0.045714751,0.004090905,,
0.045870773,0.004116596,,
0.046026796,0.004142246,,
0.046182819,0.004167854,,
0.046338845,0.00419342,,
0.046494868,0.004218945,,
0.04665089,0.004244429,,
0.046806913,0.004269871,,
0.046962939,0.004295274,,
0.047118962,0.004320635,,
0.047274984,0.004345957,,
0.047431007,0.004371238,,
0.047587033,0.004396479,,
0.047743056,0.004421681,,
0.047899079,0.004446842,,
0.048055105,0.004471965,,
0.048211128,0.004497047,,
0.04836715,0.00452209,,
0.048523173,0.004547095,,
0.048679199,0.004572062,,
0.048835222,0.004596991,,
0.048991244,0.00462188,,
0.049147267,0.004646732,,
0.049303293,0.004671546,,
0.049459316,0.004696322,,
0.049615338,0.004721059,,
0.049771361,0.00474576,,
0.049927387,0.004770424,,
0.05008341,0.00479505,,
0.050239433,0.004819641,,
0.050395455,0.004844192,,
0.050551482,0.00486871,,
0.050707504,0.004893189,,
0.050863527,0.004917633,,
0.051019549,0.00494204,,
0.051175576,0.004966413,,
0.051331598,0.004990748,,
0.051487621,0.005015048,,
0.051643644,0.005039313,,
0.05179967,0.005063543,,
0.051955692,0.005087737,,
0.052111715,0.005111897,,
0.052267738,0.005136021,,
0.052423764,0.005160111,,
0.052579787,0.005184167,,
0.052735809,0.005208188,,
0.052891836,0.005232176,,
0.053047858,0.005256129,,
0.053203881,0.005280047,,
0.053359903,0.005303932,,
0.05351593,0.005327784,,
0.053671952,0.005351603,,
0.053827975,0.005375387,,
0.053983998,0.005399139,,
0.054140024,0.005422857,,
0.054296046,0.005446543,,
0.054452069,0.005470196,,
0.054608092,0.005493816,,
0.054764118,0.005517404,,
0.054920141,0.00554096,,
0.055076163,0.005564483,,
0.055232186,0.005587974,,
0.055388212,0.005611434,,
0.055544235,0.005634861,,
0.055700257,0.005658257,,
0.05585628,0.005681621,,
0.056012306,0.005704955,,
0.056168329,0.005728256,,
0.056324352,0.005751526,,
0.056480374,0.005774765,,
0.056636401,0.005797974,,
0.056792423,0.005821151,,
0.056948446,0.005844299,,
0.057104468,0.005867415,,
0.057260495,0.005890501,,
0.057416517,0.005913557,,
0.05757254,0.005936584,,
0.057728566,0.005959579,,
0.057884589,0.005982545,,
0.058040611,0.006005481,,
0.058196634,0.006028387,,
0.05835266,0.006051264,,
0.058508683,0.006074111,,
0.058664706,0.006096928,,
0.058820728,0.006119718,,
0.058976755,0.006142478,,
0.059132777,0.006165208,,
0.0592888,0.006187911,,
0.059444822,0.006210583,,
0.059600849,0.006233228,,
0.059756871,0.006255845,,
0.059912894,0.006278432,,
0.060068917,0.00630099,,
0.060224943,0.006323521,,
0.060380965,0.006346026,,
0.060536988,0.006368499,,
0.060693011,0.006390946,,
0.060849037,0.006413367,,
0.06100506,0.006435758,,
0.061161082,0.006458122,,
0.061317105,0.006480458,,
0.061473131,0.006502768,,
0.061629154,0.00652505,,
0.061785176,0.006547305,,
0.061941199,0.006569533,,
0.062097225,0.006591734,,
0.062253248,0.006613909,,
0.062409271,0.006636056,,
0.062565297,0.006658177,,
0.062721319,0.00668027,,
0.062877342,0.006702339,,
0.063033365,0.006724379,,
0.063189387,0.006746395,,
0.06334541,0.006768384,,
0.06350144,0.006790348,,
0.063657463,0.006812286,,
0.063813485,0.006834196,,
0.063969508,0.006856082,,
0.06412553,0.006877941,,
0.064281553,0.006899775,,
0.064437576,0.006921584,,
0.064593598,0.006943368,,
0.064749628,0.006965126,,
0.064905651,0.006986859,,
0.065061674,0.007008567,,
0.065217696,0.00703025,,
0.065373719,0.007051908,,
0.065529741,0.007073539,,
0.065685764,0.007095148,,
0.065841787,0.00711673,,
0.065997817,0.007138291,,
0.066153839,0.007159824,,
0.066309862,0.007181336,,
0.066465884,0.007202821,,
0.066621907,0.007224281,,
0.06677793,0.007245719,,
0.066933952,0.007267131,,
0.067089975,0.007288521,,
0.067246005,0.007309887,,
0.067402028,0.007331227,,
0.06755805,0.007352546,,
0.067714073,0.00737384,,
0.067870095,0.007395111,,
0.068026118,0.007416358,,
0.068182141,0.00743758,,
0.068338171,0.00745878,,
0.068494193,0.007479958,,
0.068650216,0.007501111,,
0.068806238,0.007522242,,
0.068962261,0.00754335,,
0.069118284,0.007564434,,
0.069274306,0.007585496,,
0.069430329,0.007606534,,
0.069586359,0.007627553,,
0.069742382,0.007648545,,
0.069898404,0.007669518,,
0.070054427,0.007690465,,
0.070210449,0.00771139,,
0.070366472,0.007732295,,
0.070522495,0.007753176,,
0.070678517,0.007774036,,
0.070834547,0.007794874,,
0.07099057,0.007815689,,
0.071146592,0.007836482,,
0.071302615,0.007857253,,
0.071458638,0.007878001,,
0.07161466,0.007898729,,
0.071770683,0.007919434,,
0.071926706,0.00794012,,
0.072082736,0.007960783,,
0.072238758,0.007981426,,
0.072394781,0.008002046,,
0.072550803,0.008022644,,
0.072706826,0.00804322,,
0.072862849,0.008063777,,
0.073018871,0.008084312,,
0.073174901,0.008104826,,
0.073330924,0.00812532,,
0.073486947,0.008145791,,
0.073642969,0.008166242,,
0.073798992,0.008186673,,
0.073955014,0.008207082,,
0.074111037,0.008227471,,
0.07426706,0.008247838,,
0.07442309,0.008268188,,
0.074579112,0.008288515,,
0.074735135,0.008308821,,
0.074891157,0.008329107,,
0.07504718,0.008349376,,
0.075203203,0.008369622,,
0.075359225,0.008389845,,
0.075515248,0.008410053,,
0.075671278,0.008430241,,
0.075827301,0.008450406,,
0.075983323,0.008470552,,
0.076139346,0.008490677,,
0.076295368,0.008510782,,
0.076451391,0.008530869,,
0.076607414,0.008550937,,
0.076763436,0.008570982,,
0.076919466,0.008591012,,
0.077075489,0.00861102,,
0.077231511,0.008631008,,
0.077387534,0.008650976,,
0.077543557,0.008670927,,
0.077699579,0.008690859,,
0.077855602,0.008710771,,
0.078011632,0.008730664,,
0.078167655,0.008750537,,
0.078323677,0.008770391,,
0.0784797,0.008790226,,
0.078635722,0.008810043,,
0.078791745,0.008829842,,
0.078947768,0.008849619,,
0.07910379,0.00886938,,
0.07925982,0.008889123,,
0.079415843,0.008908845,,
0.079571865,0.008928549,,
0.079727888,0.008948234,,
0.079883911,0.008967901,,
0.080039933,0.00898755,,
0.080195956,0.009007181,,
0.080351979,0.009026793,,
0.080508009,0.009046386,,
0.080664031,0.009065961,,
0.080820054,0.009085519,,
0.080976076,0.009105058,,
0.081132099,0.009124581,,
0.081288122,0.009144084,,
0.081444144,0.00916357,,
0.081600174,0.009183036,,
0.081756197,0.009202487,,
0.08191222,0.00922192,,
0.082068242,0.009241331,,
0.082224265,0.009260729,,
0.082380287,0.009280109,,
0.08253631,0.009299469,,
0.082692333,0.009318814,,
0.082848363,0.009338141,,
0.083004385,0.009357449,,
0.083160408,0.00937674,,
0.08331643,0.009396015,,
0.083472453,0.00941527,,
0.083628476,0.009434509,,
0.083784498,0.009453733,,
0.083940521,0.009472939,,
0.084096551,0.009492127,,
0.084252574,0.009511298,,
0.084408596,0.00953045,,
0.084564619,0.009549589,,
0.084720641,0.009568708,,
0.084876664,0.009587811,,
0.085032687,0.009606899,,
0.085188709,0.009625967,,
0.085344739,0.009645021,,
0.085500762,0.009664056,,
0.085656784,0.009683077,,
0.085812807,0.009702081,,
0.08596883,0.009721068,,
0.086124852,0.009740035,,
0.086280875,0.00975899,,
0.086436905,0.009777929,,
0.086592928,0.009796849,,
0.08674895,0.009815752,,
0.086904973,0.009834641,,
0.087060995,0.009853512,,
0.087217018,0.009872368,,
0.087373041,0.009891207,,
0.087529063,0.00991003,,
0.087685093,0.009928838,,
0.087841116,0.009947631,,
0.087997139,0.009966405,,
0.088153161,0.009985167,,
0.088309184,0.010003909,,
0.088465206,0.010022637,,
0.088621229,0.010041349,,
0.088777252,0.010060046,,
0.088933282,0.010078726,,
0.089089304,0.01009739,,
0.089245327,0.010116038,,
0.089401349,0.010134674,,
0.089557372,0.010153292,,
0.089713395,0.010171894,,
0.089869417,0.01019048,,
0.09002544,0.010209051,,
0.09018147,0.010227609,,
0.090337493,0.01024615,,
0.090493515,0.010264674,,
0.090649538,0.010283185,,
0.09080556,0.010301678,,
0.090961583,0.01032016,,
0.091117606,0.010338625,,
0.091273636,0.010357074,,
0.091429658,0.010375508,,
0.091585681,0.010393927,,
0.091741703,0.010412332,,
0.091897726,0.010430722,,
0.092053749,0.010449096,,
0.092209771,0.010467455,,
0.092365794,0.010485799,,
0.092521824,0.01050413,,
0.092677847,0.010522445,,
0.092833869,0.010540745,,
0.092989892,0.01055903,,
0.093145914,0.010577302,,
0.093301937,0.010595557,,
0.09345796,0.010613799,,
0.093613982,0.010632028,,
0.093770012,0.010650239,,
0.093926035,0.010668439,,
0.094082057,0.010686621,,
0.09423808,0.010704791,,
0.094394103,0.010722945,,
0.094550125,0.010741087,,
0.094706148,0.010759212,,
0.094862171,0.010777323,,
0.095018201,0.010795422,,
0.095174223,0.010813507,,
0.095330246,0.010831576,,
0.095486268,0.010849631,,
0.095642291,0.010867672,,
0.095798314,0.0108857,,
0.095954336,0.010903712,,
0.096110359,0.010921711,,
0.096266389,0.010939697,,
0.096422412,0.010957668,,
0.096578434,0.010975625,,
0.096734457,0.010993569,,
0.096890479,0.011011498,,
0.097046502,0.011029413,,
0.097202525,0.011047314,,
0.097358555,0.011065204,,
0.097514577,0.011083079,,
0.0976706,0.011100939,,
0.097826622,0.011118787,,
0.097982645,0.01113662,,
0.098138668,0.011154441,,
0.09829469,0.011172247,,
0.098450713,0.01119004,,
0.098606743,0.011207822,,
0.098762766,0.011225588,,
0.098918788,0.01124334,,
0.099074811,0.011261079,,
0.099230833,0.011278806,,
0.099386856,0.011296518,,
0.099542879,0.011314217,,
0.099698901,0.011331903,,
0.099854931,0.011349577,,
0.100010954,0.011367236,,
0.100166976,0.011384883,,
0.100322999,0.011402518,,
0.100479022,0.011420138,,
0.100635044,0.011437747,,
0.100791067,0.01145534,,
0.100947089,0.011472921,,
0.10110312,0.011490491,,
0.101259142,0.011508047,,
0.101415165,0.011525589,,
0.101571187,0.011543117,,
0.10172721,0.011560635,,
0.101883233,0.011578138,,
0.102039255,0.01159563,,
0.102195285,0.011613109,,
0.102351308,0.011630575,,
0.10250733,0.011648027,,
0.102663353,0.011665469,,
0.102819376,0.011682895,,
0.102975398,0.01170031,,
0.103131421,0.011717714,,
0.103287444,0.011735102,,
0.103443474,0.011752482,,
0.103599496,0.011769846,,
0.103755519,0.011787199,,
0.103911541,0.011804538,,
0.104067564,0.011821866,,
0.104223587,0.011839182,,
0.104379609,0.011856483,,
0.104535632,0.011873773,,
0.104691662,0.011891053,,
0.104847685,0.01190832,,
0.105003707,0.011925573,,
0.10515973,0.011942814,,
0.105315752,0.011960044,,
0.105471775,0.01197726,,
0.105627798,0.011994465,,
0.10578382,0.012011657,,
0.10593985,0.012028839,,
0.106095873,0.012046007,,
0.106251895,0.012063163,,
0.106407918,0.012080309,,
0.106563941,0.012097441,,
0.106719963,0.012114561,,
0.106875986,0.01213167,,
0.107032016,0.012148767,,
0.107188039,0.012165853,,
0.107344061,0.012182926,,
0.107500084,0.012199988,,
0.107656106,0.012217036,,
0.107812129,0.012234072,,
0.107968152,0.012251101,,
0.108124174,0.012268113,,
0.108280204,0.012285117,,
0.108436227,0.012302106,,
0.108592249,0.012319086,,
0.108748272,0.012336054,,
0.108904295,0.01235301,,
0.109060317,0.012369955,,
0.10921634,0.012386886,,
0.109372362,0.012403807,,
0.109528393,0.012420719,,
0.109684415,0.012437616,,
0.109840438,0.012454504,,
0.10999646,0.012471379,,
0.110152483,0.012488243,,
0.110308506,0.012505095,,
0.110464528,0.012521937,,
0.110620551,0.012538766,,
0.110776581,0.012555587,,
0.110932603,0.012572391,,
0.111088626,0.012589189,,
0.111244649,0.012605974,,
0.111400671,0.012622747,,
0.111556694,0.012639509,,
0.111712717,0.012656261,,
0.111868747,0.012673002,,
0.112024769,0.012689729,,
0.112180792,0.012706447,,
0.112336814,0.012723155,,
0.112492837,0.012739849,,
0.11264886,0.012756535,,
0.112804882,0.01277321,,
0.112960905,0.012789873,,
0.113116935,0.012806525,,
0.113272958,0.012823164,,
0.11342898,0.012839796,,
0.113585003,0.012856414,,
0.113741025,0.012873021,,
0.113897048,0.012889618,,
0.114053071,0.012906206,,
0.114209093,0.012922782,,
0.114365123,0.01293935,,
0.114521146,0.012955899,,
0.114677168,0.012972446,,
0.114833191,0.012988977,,
0.114989214,0.013005501,,
0.115145236,0.013022013,,
0.115301259,0.013038511,,
0.115457281,0.013055001,,
0.115613312,0.013071482,,
0.115769334,0.013087952,,
0.115925357,0.013104408,,
0.116081379,0.013120857,,
0.116237402,0.013137294,,
0.116393425,0.013153721,,
0.116549447,0.013170136,,
0.116705477,0.013186544,,
0.1168615,0.013202939,,
0.117017522,0.013219324,,
0.117173545,0.0132357,,
0.117329568,0.013252063,,
0.11748559,0.013268418,,
0.117641613,0.013284761,,
0.117797635,0.013301093,,
0.117953666,0.013317417,,
0.118109688,0.013333729,,
0.118265711,0.013350032,,
0.118421733,0.013366324,,
0.118577756,0.013382605,,
0.118733779,0.013398877,,
0.118889801,0.01341514,,
0.119045824,0.013431392,,
0.119201854,0.013447632,,
0.119357876,0.013463863,,
0.119513899,0.013480086,,
0.119669922,0.013496296,,
0.119825944,0.013512497,,
0.119981967,0.013528689,,
0.12013799,0.013544868,,
0.120294012,0.01356104,,
0.120450042,0.013577201,,
0.120606065,0.013593353,,
0.120762087,0.013609494,,
0.12091811,0.013625625,,
0.121074133,0.013641745,,
0.121230155,0.013657858,,
0.121386178,0.013673957,,
0.121542208,0.013690051,,
0.121698231,0.013706133,,
0.121854253,0.013722205,,
0.122010276,0.013738268,,
0.122166298,0.013754319,,
0.122322321,0.013770363,,
0.122478344,0.013786397,,
0.122634366,0.013802419,,
0.122790396,0.013818435,,
0.122946419,0.01383444,,
0.123102441,0.013850433,,
0.123258464,0.013866418,,
0.123414487,0.013882394,,
0.123570509,0.013898359,,
0.123726532,0.013914313,,
0.123882554,0.013930262,,
0.124038585,0.013946199,,
0.124194607,0.013962125,,
0.12435063,0.013978043,,
0.124506652,0.013993952,,
0.124662675,0.014009851,,
0.124818698,0.014025741,,
0.12497472,0.014041622,,
0.125130743,0.014057491,,
0.125286773,0.014073354,,
0.125442788,0.014089203,,
0.125598818,0.014105048,,
0.125754833,0.014120879,,
0.125910863,0.014136705,,
0.126066893,0.014152519,,
0.126222908,0.014168324,,
0.126378939,0.014184121,,
0.126534954,0.014199906,,
0.126690984,0.014215685,,
0.126846999,0.014231453,,
0.127003029,0.014247211,,
0.127159059,0.014262963,,
0.127315074,0.014278702,,
0.127471104,0.014294434,,
0.127627119,0.014310155,,
0.127783149,0.014325868,,
0.127939165,0.014341572,,
0.128095195,0.014357268,,
0.128251225,0.014372956,,
0.12840724,0.014388629,,
0.12856327,0.014404299,,
0.128719285,0.014419957,,
0.128875315,0.014435607,,
0.12903133,0.014451247,,
0.12918736,0.014466881,,
0.129343376,0.014482502,,
0.129499406,0.014498117,,
0.129655436,0.014513724,,
0.129811451,0.014529318,,
0.129967481,0.014544905,,
0.130123496,0.014560484,,
0.130279526,0.014576053,,
0.130435541,0.014591613,,
0.130591571,0.014607166,,
0.130747601,0.01462271,,
0.130903617,0.014638241,,
0.131059647,0.014653767,,
0.131215662,0.014669285,,
0.131371692,0.014684794,,
0.131527707,0.014700292,,
0.131683737,0.014715782,,
0.131839767,0.014731266,,
0.131995782,0.014746739,,
0.132151812,0.014762204,,
0.132307827,0.014777658,,
0.132463858,0.014793105,,
0.132619873,0.014808542,,
0.132775903,0.014823974,,
0.132931918,0.014839394,,
0.133087948,0.014854806,,
0.133243978,0.014870211,,
0.133399993,0.014885607,,
0.133556023,0.014900993,,
0.133712038,0.014916371,,
0.133868068,0.014931743,,
0.134024084,0.014947102,,
0.134180114,0.014962456,,
0.134336144,0.0149778,,
0.134492159,0.014993137,,
0.134648189,0.015008464,,
0.134804204,0.015023783,,
0.134960234,0.015039095,,
0.135116249,0.015054395,,
0.135272279,0.015069691,,
0.135428295,0.015084975,,
0.135584325,0.015100253,,
0.135740355,0.015115522,,
0.13589637,0.015130783,,
0.1360524,0.015146037,,
0.136208415,0.015161279,,
0.136364445,0.015176514,,
0.13652046,0.015191741,,
0.13667649,0.015206961,,
0.13683252,0.015222173,,
0.136988536,0.015237376,,
0.137144566,0.01525257,,
0.137300581,0.015267755,,
0.137456611,0.015282935,,
0.137612626,0.015298104,,
0.137768656,0.015313268,,
0.137924686,0.01532842,,
0.138080701,0.015343565,,
0.138236731,0.015358704,,
0.138392746,0.015373833,,
0.138548777,0.015388954,,
0.138704792,0.015404066,,
0.138860822,0.015419173,,
0.139016837,0.015434269,,
0.139172867,0.01544936,,
0.139328897,0.015464441,,
0.139484912,0.015479514,,
0.139640942,0.01549458,,
0.139796957,0.015509636,,
0.139952987,0.015524686,,
0.140109003,0.015539725,,
0.140265033,0.015554761,,
0.140421063,0.015569788,,
0.140577078,0.015584804,,
0.140733108,0.015599814,,
0.140889123,0.015614815,,
0.141045153,0.015629809,,
0.141201168,0.015644794,,
0.141357198,0.015659772,,
0.141513228,0.015674744,,
0.141669244,0.015689705,,
0.141825274,0.01570466,,
0.141981289,0.015719607,,
0.142137319,0.015734546,,
0.142293334,0.015749477,,
0.142449364,0.015764402,,
0.142605379,0.015779316,,
0.142761409,0.015794227,,
0.142917439,0.015809126,,
0.143073454,0.015824018,,
0.143229485,0.015838904,,
0.1433855,0.015853779,,
0.14354153,0.015868653,,
0.143697545,0.015883513,,
0.143853575,0.015898369,,
0.144009605,0.015913216,,
0.14416562,0.015928054,,
0.14432165,0.015942885,,
0.144477665,0.015957711,,
0.144633695,0.015972527,,
0.144789711,0.015987337,,
0.144945741,0.016002135,,
0.145101756,0.01601693,,
0.145257786,0.016031718,,
0.145413816,0.016046494,,
0.145569831,0.016061267,,
0.145725861,0.016076034,,
0.145881876,0.016090788,,
0.146037906,0.016105536,,
0.146193922,0.016120275,,
0.146349952,0.016135013,,
0.146505982,0.016149739,,
0.146661997,0.016164457,,
0.146818027,0.016179169,,
0.146974042,0.016193876,,
0.147130072,0.01620857,,
0.147286087,0.016223259,,
0.147442117,0.016237943,,
0.147598147,0.016252616,,
0.147754163,0.016267283,,
0.147910193,0.016281947,,
0.148066208,0.016296597,,
0.148222238,0.016311243,,
0.148378253,0.016325882,,
0.148534283,0.016340515,,
0.148690298,0.016355136,,
0.148846328,0.016369754,,
0.149002358,0.016384363,,
0.149158373,0.016398963,,
0.149314404,0.016413562,,
0.149470419,0.016428148,,
0.149626449,0.016442729,,
0.149782464,0.016457301,,
0.149938494,0.016471865,,
0.150094524,0.016486429,,
0.150250539,0.016500976,,
0.150406569,0.016515521,,
0.150562584,0.016530057,,
0.150718614,0.01654459,,
0.15087463,0.016559111,,
0.15103066,0.016573628,,
0.15118669,0.016588137,,
0.151342705,0.016602639,,
0.151498735,0.016617134,,
0.15165475,0.01663162,,
0.15181078,0.016646104,,
0.151966795,0.016660577,,
0.152122825,0.016675042,,
0.152278841,0.016689502,,
0.152434871,0.016703956,,
0.152590901,0.016718401,,
0.152746916,0.01673284,,
0.152902946,0.016747274,,
0.153058961,0.016761698,,
0.153214991,0.016776115,,
0.153371006,0.016790526,,
0.153527036,0.016804932,,
0.153683066,0.016819326,,
0.153839082,0.016833719,,
0.153995112,0.016848102,,
0.154151127,0.016862476,,
0.154307157,0.016876847,,
0.154463172,0.016891209,,
0.154619202,0.016905567,,
0.154775217,0.016919915,,
0.154931247,0.016934255,,
0.155087277,0.016948594,,
0.155243292,0.016962921,,
0.155399323,0.016977243,,
0.155555338,0.016991556,,
0.155711368,0.017005866,,
0.155867383,0.017020166,,
0.156023413,0.01703446,,
