"Step","Eswimmer_Mnull_DS1000_W0.009_lr0.01 - train.proj_error_H2W","Eswimmer_Mnull_DS1000_W0.009_lr0.01 - train.proj_error_H2W__MIN","Eswimmer_Mnull_DS1000_W0.009_lr0.01 - train.proj_error_H2W__MAX"
"0","0.007313934154808521","0.007313934154808521","0.007313934154808521"
"1","0.014921070076525211","0.014921070076525211","0.014921070076525211"
"2","0.01383726205676794","0.01383726205676794","0.01383726205676794"
"3","0.012584932148456573","0.012584932148456573","0.012584932148456573"
"4","0.011680850759148598","0.011680850759148598","0.011680850759148598"
"5","0.010992409661412239","0.010992409661412239","0.010992409661412239"
"6","0.010421455837786198","0.010421455837786198","0.010421455837786198"
"7","0.009929143823683262","0.009929143823683262","0.009929143823683262"
"8","0.00947334710508585","0.00947334710508585","0.00947334710508585"
"9","0.009043702855706215","0.009043702855706215","0.009043702855706215"
"10","0.008608490228652954","0.008608490228652954","0.008608490228652954"
"11","0.008190740831196308","0.008190740831196308","0.008190740831196308"
"12","0.00778081314638257","0.00778081314638257","0.00778081314638257"
"13","0.007375793065875769","0.007375793065875769","0.007375793065875769"
"14","0.006976132281124592","0.006976132281124592","0.006976132281124592"
"15","0.0066030933521687984","0.0066030933521687984","0.0066030933521687984"
"16","0.006252732127904892","0.006252732127904892","0.006252732127904892"
"17","0.00592863978818059","0.00592863978818059","0.00592863978818059"
"18","0.005628090817481279","0.005628090817481279","0.005628090817481279"
"19","0.00534719368442893","0.00534719368442893","0.00534719368442893"
"20","0.005088891368359327","0.005088891368359327","0.005088891368359327"
"21","0.0048509202897548676","0.0048509202897548676","0.0048509202897548676"
"22","0.004621255677193403","0.004621255677193403","0.004621255677193403"
"23","0.004407479427754879","0.004407479427754879","0.004407479427754879"
"24","0.00420768978074193","0.00420768978074193","0.00420768978074193"
"25","0.004020496737211943","0.004020496737211943","0.004020496737211943"
"26","0.003843072336167097","0.003843072336167097","0.003843072336167097"
"27","0.0036848110612481833","0.0036848110612481833","0.0036848110612481833"
"28","0.003536937525495887","0.003536937525495887","0.003536937525495887"
"29","0.0033998803701251745","0.0033998803701251745","0.0033998803701251745"
"30","0.003272060537710786","0.003272060537710786","0.003272060537710786"
"31","0.0031512617133557796","0.0031512617133557796","0.0031512617133557796"
"32","0.0030372492037713528","0.0030372492037713528","0.0030372492037713528"
"33","0.002930391812697053","0.002930391812697053","0.002930391812697053"
"34","0.0028295309748500586","0.0028295309748500586","0.0028295309748500586"
"35","0.0027323663234710693","0.0027323663234710693","0.0027323663234710693"
"36","0.002639710670337081","0.002639710670337081","0.002639710670337081"
"37","0.0025538899935781956","0.0025538899935781956","0.0025538899935781956"
"38","0.0024726656265556812","0.0024726656265556812","0.0024726656265556812"
"39","0.0023948296438902617","0.0023948296438902617","0.0023948296438902617"
"40","0.0023186388425529003","0.0023186388425529003","0.0023186388425529003"
"41","0.002250408288091421","0.002250408288091421","0.002250408288091421"
"42","0.002184962620958686","0.002184962620958686","0.002184962620958686"
"43","0.0021216440945863724","0.0021216440945863724","0.0021216440945863724"
"44","0.0020607977639883757","0.0020607977639883757","0.0020607977639883757"
"45","0.0019987057894468307","0.0019987057894468307","0.0019987057894468307"
"46","0.001943927607499063","0.001943927607499063","0.001943927607499063"
"47","0.0018905188189819455","0.0018905188189819455","0.0018905188189819455"
"48","0.0018389502074569464","0.0018389502074569464","0.0018389502074569464"
"49","0.0017890819581225514","0.0017890819581225514","0.0017890819581225514"
"50","0.0017416462069377303","0.0017416462069377303","0.0017416462069377303"
"51","0.0016955493483692408","0.0016955493483692408","0.0016955493483692408"
"52","0.0016521021025255322","0.0016521021025255322","0.0016521021025255322"
"53","0.0016076714964583516","0.0016076714964583516","0.0016076714964583516"
"54","0.0015627136453986168","0.0015627136453986168","0.0015627136453986168"
"55","0.0015221565263345838","0.0015221565263345838","0.0015221565263345838"
"56","0.0014837729977443814","0.0014837729977443814","0.0014837729977443814"
"57","0.0014470899477601051","0.0014470899477601051","0.0014470899477601051"
"58","0.001413169433362782","0.001413169433362782","0.001413169433362782"
"59","0.0013773812679573894","0.0013773812679573894","0.0013773812679573894"
"60","0.0013461721828207374","0.0013461721828207374","0.0013461721828207374"
"61","0.0013164611300453544","0.0013164611300453544","0.0013164611300453544"
"62","0.0012874582316726446","0.0012874582316726446","0.0012874582316726446"
"63","0.0012589707039296627","0.0012589707039296627","0.0012589707039296627"
"64","0.001229887711815536","0.001229887711815536","0.001229887711815536"
"65","0.001202979707159102","0.001202979707159102","0.001202979707159102"
"66","0.0011764283990487456","0.0011764283990487456","0.0011764283990487456"
"67","0.0011508628958836198","0.0011508628958836198","0.0011508628958836198"
"68","0.0011267142836004496","0.0011267142836004496","0.0011267142836004496"
"69","0.0011026086285710335","0.0011026086285710335","0.0011026086285710335"
"70","0.0010794608388096094","0.0010794608388096094","0.0010794608388096094"
"71","0.0010561561211943626","0.0010561561211943626","0.0010561561211943626"
"72","0.0010340219596400857","0.0010340219596400857","0.0010340219596400857"
"73","0.0010111756855621934","0.0010111756855621934","0.0010111756855621934"
"74","0.0009892403613775969","0.0009892403613775969","0.0009892403613775969"
"75","0.0009666268597356975","0.0009666268597356975","0.0009666268597356975"
"76","0.0009446871117688715","0.0009446871117688715","0.0009446871117688715"
"77","0.0009243753156624734","0.0009243753156624734","0.0009243753156624734"
"78","0.000903619104065001","0.000903619104065001","0.000903619104065001"
"79","0.0008837968925945461","0.0008837968925945461","0.0008837968925945461"
"80","0.0008644057670608163","0.0008644057670608163","0.0008644057670608163"
"81","0.0008460970129817724","0.0008460970129817724","0.0008460970129817724"
"82","0.000827726733405143","0.000827726733405143","0.000827726733405143"
"83","0.000810542143881321","0.000810542143881321","0.000810542143881321"
"84","0.0007932831067591906","0.0007932831067591906","0.0007932831067591906"
"85","0.0007768222712911665","0.0007768222712911665","0.0007768222712911665"
"86","0.0007601288962177932","0.0007601288962177932","0.0007601288962177932"
"87","0.0007445120136253536","0.0007445120136253536","0.0007445120136253536"
"88","0.000728963001165539","0.000728963001165539","0.000728963001165539"
"89","0.0007138688815757632","0.0007138688815757632","0.0007138688815757632"
"90","0.0007000049808993936","0.0007000049808993936","0.0007000049808993936"
"91","0.0006866264156997204","0.0006866264156997204","0.0006866264156997204"
"92","0.0006735215429216623","0.0006735215429216623","0.0006735215429216623"
"93","0.0006612136494368315","0.0006612136494368315","0.0006612136494368315"
"94","0.000648610177449882","0.000648610177449882","0.000648610177449882"
"95","0.0006370017072185874","0.0006370017072185874","0.0006370017072185874"
"96","0.0006242723320610821","0.0006242723320610821","0.0006242723320610821"
"97","0.000612239062320441","0.000612239062320441","0.000612239062320441"
"98","0.0006003424641676247","0.0006003424641676247","0.0006003424641676247"
"99","0.000588718568906188","0.000588718568906188","0.000588718568906188"
"100","0.0005773947923444211","0.0005773947923444211","0.0005773947923444211"
"101","0.000566271657589823","0.000566271657589823","0.000566271657589823"
"102","0.0005557173280976713","0.0005557173280976713","0.0005557173280976713"
"103","0.0005448817973956466","0.0005448817973956466","0.0005448817973956466"
"104","0.000534353603143245","0.000534353603143245","0.000534353603143245"
"105","0.0005243511404842138","0.0005243511404842138","0.0005243511404842138"
"106","0.0005146287730894983","0.0005146287730894983","0.0005146287730894983"
"107","0.0005054245702922344","0.0005054245702922344","0.0005054245702922344"
"108","0.0004961866070516407","0.0004961866070516407","0.0004961866070516407"
"109","0.0004875592130701989","0.0004875592130701989","0.0004875592130701989"
"110","0.00047937268391251564","0.00047937268391251564","0.00047937268391251564"
"111","0.0004711236688308418","0.0004711236688308418","0.0004711236688308418"
"112","0.0004632703203242272","0.0004632703203242272","0.0004632703203242272"
"113","0.00045524389133788645","0.00045524389133788645","0.00045524389133788645"
"114","0.0004476187750697136","0.0004476187750697136","0.0004476187750697136"
"115","0.00044026682735420763","0.00044026682735420763","0.00044026682735420763"
"116","0.0004331024829298258","0.0004331024829298258","0.0004331024829298258"
"117","0.0004256124666426331","0.0004256124666426331","0.0004256124666426331"
"118","0.00041872781002894044","0.00041872781002894044","0.00041872781002894044"
"119","0.00041190956835635006","0.00041190956835635006","0.00041190956835635006"
"120","0.00040516775334253907","0.00040516775334253907","0.00040516775334253907"
"121","0.0003986852243542671","0.0003986852243542671","0.0003986852243542671"
"122","0.00039248389657586813","0.00039248389657586813","0.00039248389657586813"
"123","0.000386247003916651","0.000386247003916651","0.000386247003916651"
"124","0.00038023339584469795","0.00038023339584469795","0.00038023339584469795"
"125","0.00037432595854625106","0.00037432595854625106","0.00037432595854625106"
"126","0.0003685711126308888","0.0003685711126308888","0.0003685711126308888"
"127","0.00036317663034424186","0.00036317663034424186","0.00036317663034424186"
"128","0.0003579158801585436","0.0003579158801585436","0.0003579158801585436"
"129","0.0003525707288645208","0.0003525707288645208","0.0003525707288645208"
"130","0.0003472871903795749","0.0003472871903795749","0.0003472871903795749"
"131","0.00034211002639494836","0.00034211002639494836","0.00034211002639494836"
"132","0.00033715309109538794","0.00033715309109538794","0.00033715309109538794"
"133","0.00033235695445910096","0.00033235695445910096","0.00033235695445910096"
"134","0.0003277515061199665","0.0003277515061199665","0.0003277515061199665"
"135","0.00032300545717589557","0.00032300545717589557","0.00032300545717589557"
"136","0.00031905100331641734","0.00031905100331641734","0.00031905100331641734"
"137","0.00031543915974907577","0.00031543915974907577","0.00031543915974907577"
"138","0.0003118026943411678","0.0003118026943411678","0.0003118026943411678"
"139","0.000308346381643787","0.000308346381643787","0.000308346381643787"
"140","0.00030401942785829306","0.00030401942785829306","0.00030401942785829306"
"141","0.0002993146772496402","0.0002993146772496402","0.0002993146772496402"
"142","0.0002945487794931978","0.0002945487794931978","0.0002945487794931978"
"143","0.00029011769220232964","0.00029011769220232964","0.00029011769220232964"
"144","0.0002857489453162998","0.0002857489453162998","0.0002857489453162998"
"145","0.0002815057523548603","0.0002815057523548603","0.0002815057523548603"
"146","0.00027764588594436646","0.00027764588594436646","0.00027764588594436646"
"147","0.0002740172785706818","0.0002740172785706818","0.0002740172785706818"
"148","0.0002702389901969582","0.0002702389901969582","0.0002702389901969582"
"149","0.0002663856139406562","0.0002663856139406562","0.0002663856139406562"
"150","0.0002624544140417129","0.0002624544140417129","0.0002624544140417129"
"151","0.0002586295595392585","0.0002586295595392585","0.0002586295595392585"
"152","0.00025489169638603926","0.00025489169638603926","0.00025489169638603926"
"153","0.00025131055735982955","0.00025131055735982955","0.00025131055735982955"
"154","0.0002477626549080014","0.0002477626549080014","0.0002477626549080014"
"155","0.0002444754063617438","0.0002444754063617438","0.0002444754063617438"
"156","0.00024099972506519407","0.00024099972506519407","0.00024099972506519407"
"157","0.0002376325719524175","0.0002376325719524175","0.0002376325719524175"
"158","0.0002344470558455214","0.0002344470558455214","0.0002344470558455214"
"159","0.00023128997418098152","0.00023128997418098152","0.00023128997418098152"
"160","0.00022814658586867154","0.00022814658586867154","0.00022814658586867154"
"161","0.00022499673650600016","0.00022499673650600016","0.00022499673650600016"
"162","0.0002218445879407227","0.0002218445879407227","0.0002218445879407227"
"163","0.0002186896454077214","0.0002186896454077214","0.0002186896454077214"
"164","0.0002155732800019905","0.0002155732800019905","0.0002155732800019905"
"165","0.00021258382184896618","0.00021258382184896618","0.00021258382184896618"
"166","0.00020963487622793764","0.00020963487622793764","0.00020963487622793764"
"167","0.0002067008608719334","0.0002067008608719334","0.0002067008608719334"
"168","0.00020370085258036852","0.00020370085258036852","0.00020370085258036852"
"169","0.00020077872613910586","0.00020077872613910586","0.00020077872613910586"
"170","0.00019802474707830697","0.00019802474707830697","0.00019802474707830697"
"171","0.00019534153398126364","0.00019534153398126364","0.00019534153398126364"
"172","0.0001926656550494954","0.0001926656550494954","0.0001926656550494954"
"173","0.0001901662180898711","0.0001901662180898711","0.0001901662180898711"
"174","0.00018762129184324294","0.00018762129184324294","0.00018762129184324294"
"175","0.00018497882410883904","0.00018497882410883904","0.00018497882410883904"
"176","0.00018259513308294117","0.00018259513308294117","0.00018259513308294117"
"177","0.0001802265178412199","0.0001802265178412199","0.0001802265178412199"
"178","0.00017783319344744086","0.00017783319344744086","0.00017783319344744086"
"179","0.0001754916156642139","0.0001754916156642139","0.0001754916156642139"
"180","0.0001732253876980394","0.0001732253876980394","0.0001732253876980394"
"181","0.00017091936024371535","0.00017091936024371535","0.00017091936024371535"
"182","0.00016877501911949366","0.00016877501911949366","0.00016877501911949366"
"183","0.00016657343076076359","0.00016657343076076359","0.00016657343076076359"
"184","0.00016423752822447568","0.00016423752822447568","0.00016423752822447568"
"185","0.00016211648471653461","0.00016211648471653461","0.00016211648471653461"
"186","0.00016006089572329074","0.00016006089572329074","0.00016006089572329074"
"187","0.00015793307102285326","0.00015793307102285326","0.00015793307102285326"
"188","0.00015597580932080746","0.00015597580932080746","0.00015597580932080746"
"189","0.00015398897812701762","0.00015398897812701762","0.00015398897812701762"
"190","0.00015211483696475625","0.00015211483696475625","0.00015211483696475625"
"191","0.00015019513375591487","0.00015019513375591487","0.00015019513375591487"
"192","0.00014849301078356802","0.00014849301078356802","0.00014849301078356802"
"193","0.00014675727288704365","0.00014675727288704365","0.00014675727288704365"
"194","0.0001449628034606576","0.0001449628034606576","0.0001449628034606576"
"195","0.00014334553270600736","0.00014334553270600736","0.00014334553270600736"
"196","0.00014163745800033212","0.00014163745800033212","0.00014163745800033212"
"197","0.0001399659231537953","0.0001399659231537953","0.0001399659231537953"
"198","0.0001383096241625026","0.0001383096241625026","0.0001383096241625026"
"199","0.00013665485312230885","0.00013665485312230885","0.00013665485312230885"
"200","0.00013521092478185892","0.00013521092478185892","0.00013521092478185892"
"201","0.00013356674753595144","0.00013356674753595144","0.00013356674753595144"
"202","0.00013212025805842131","0.00013212025805842131","0.00013212025805842131"
"203","0.00013071986904833466","0.00013071986904833466","0.00013071986904833466"
"204","0.00012930324010085315","0.00012930324010085315","0.00012930324010085315"
"205","0.00012792376219294965","0.00012792376219294965","0.00012792376219294965"
"206","0.00012656293984036893","0.00012656293984036893","0.00012656293984036893"
"207","0.00012524734484031796","0.00012524734484031796","0.00012524734484031796"
"208","0.00012391754717100412","0.00012391754717100412","0.00012391754717100412"
"209","0.0001226304448209703","0.0001226304448209703","0.0001226304448209703"
"210","0.00012139775208197534","0.00012139775208197534","0.00012139775208197534"
"211","0.00012010990758426487","0.00012010990758426487","0.00012010990758426487"
"212","0.00011884449486387894","0.00011884449486387894","0.00011884449486387894"
"213","0.00011792818986577913","0.00011792818986577913","0.00011792818986577913"
"214","0.0001166203073807992","0.0001166203073807992","0.0001166203073807992"
"215","0.00011560287384781986","0.00011560287384781986","0.00011560287384781986"
"216","0.00011445922427810729","0.00011445922427810729","0.00011445922427810729"
"217","0.0001134412013925612","0.0001134412013925612","0.0001134412013925612"
"218","0.000112391724542249","0.000112391724542249","0.000112391724542249"
"219","0.00011129109770990908","0.00011129109770990908","0.00011129109770990908"
"220","0.00011041559628210962","0.00011041559628210962","0.00011041559628210962"
"221","0.00010947306145681068","0.00010947306145681068","0.00010947306145681068"
"222","0.00010856397420866415","0.00010856397420866415","0.00010856397420866415"
"223","0.00010755441326182336","0.00010755441326182336","0.00010755441326182336"
"224","0.00010661369742592797","0.00010661369742592797","0.00010661369742592797"
"225","0.0001057757981470786","0.0001057757981470786","0.0001057757981470786"
"226","0.00010485921666258946","0.00010485921666258946","0.00010485921666258946"
"227","0.00010397151345387101","0.00010397151345387101","0.00010397151345387101"
"228","0.00010295928950654343","0.00010295928950654343","0.00010295928950654343"
"229","0.00010212652705376968","0.00010212652705376968","0.00010212652705376968"
"230","0.00010125224071089178","0.00010125224071089178","0.00010125224071089178"
"231","0.00010044348164228722","0.00010044348164228722","0.00010044348164228722"
"232","0.00009957914880942553","0.00009957914880942553","0.00009957914880942553"
"233","0.00009871888323687017","0.00009871888323687017","0.00009871888323687017"
"234","0.00009790915646590292","0.00009790915646590292","0.00009790915646590292"
"235","0.00009701995440991595","0.00009701995440991595","0.00009701995440991595"
"236","0.00009611078712623566","0.00009611078712623566","0.00009611078712623566"
"237","0.00009541165491100401","0.00009541165491100401","0.00009541165491100401"
"238","0.00009458325803279877","0.00009458325803279877","0.00009458325803279877"
"239","0.0000937069853534922","0.0000937069853534922","0.0000937069853534922"
"240","0.00009299763041781262","0.00009299763041781262","0.00009299763041781262"
"241","0.0000922398830880411","0.0000922398830880411","0.0000922398830880411"
"242","0.00009131933620665222","0.00009131933620665222","0.00009131933620665222"
"243","0.00009052925452124327","0.00009052925452124327","0.00009052925452124327"
"244","0.00008987024193629622","0.00008987024193629622","0.00008987024193629622"
"245","0.00008902898844098672","0.00008902898844098672","0.00008902898844098672"
"246","0.00008846857963362709","0.00008846857963362709","0.00008846857963362709"
"247","0.00008762606739765033","0.00008762606739765033","0.00008762606739765033"
"248","0.00008693848940311","0.00008693848940311","0.00008693848940311"
"249","0.00008617790444986895","0.00008617790444986895","0.00008617790444986895"
"250","0.00008543053263565525","0.00008543053263565525","0.00008543053263565525"
"251","0.00008493158384226263","0.00008493158384226263","0.00008493158384226263"
"252","0.00008431497553829104","0.00008431497553829104","0.00008431497553829104"
"253","0.00008356612670468166","0.00008356612670468166","0.00008356612670468166"
"254","0.00008295054431073368","0.00008295054431073368","0.00008295054431073368"
"255","0.00008223955956054851","0.00008223955956054851","0.00008223955956054851"
"256","0.00008170646469807252","0.00008170646469807252","0.00008170646469807252"
"257","0.00008103899017442018","0.00008103899017442018","0.00008103899017442018"
"258","0.00008043682464631274","0.00008043682464631274","0.00008043682464631274"
"259","0.00007985597039805725","0.00007985597039805725","0.00007985597039805725"
"260","0.00007929462299216539","0.00007929462299216539","0.00007929462299216539"
"261","0.00007866630039643496","0.00007866630039643496","0.00007866630039643496"
"262","0.00007813642150722444","0.00007813642150722444","0.00007813642150722444"
"263","0.00007748964708298445","0.00007748964708298445","0.00007748964708298445"
"264","0.00007697125693084672","0.00007697125693084672","0.00007697125693084672"
"265","0.00007642278069397435","0.00007642278069397435","0.00007642278069397435"
"266","0.0000760027178330347","0.0000760027178330347","0.0000760027178330347"
"267","0.0000754278662498109","0.0000754278662498109","0.0000754278662498109"
"268","0.00007480725616915151","0.00007480725616915151","0.00007480725616915151"
"269","0.00007434135477524251","0.00007434135477524251","0.00007434135477524251"
"270","0.00007384394120890647","0.00007384394120890647","0.00007384394120890647"
"271","0.00007335133705055341","0.00007335133705055341","0.00007335133705055341"
"272","0.00007286694017238915","0.00007286694017238915","0.00007286694017238915"
"273","0.00007237660611281171","0.00007237660611281171","0.00007237660611281171"
"274","0.0000718183655408211","0.0000718183655408211","0.0000718183655408211"
"275","0.00007137798093026504","0.00007137798093026504","0.00007137798093026504"
"276","0.00007094162720022723","0.00007094162720022723","0.00007094162720022723"
"277","0.00007044680387480184","0.00007044680387480184","0.00007044680387480184"
"278","0.00006996167940087616","0.00006996167940087616","0.00006996167940087616"
"279","0.00006960426981095225","0.00006960426981095225","0.00006960426981095225"
"280","0.00006913796096341684","0.00006913796096341684","0.00006913796096341684"
"281","0.0000687089777784422","0.0000687089777784422","0.0000687089777784422"
"282","0.00006832557119196281","0.00006832557119196281","0.00006832557119196281"
"283","0.00006784727884223685","0.00006784727884223685","0.00006784727884223685"
"284","0.00006743288395227864","0.00006743288395227864","0.00006743288395227864"
"285","0.00006705312262056395","0.00006705312262056395","0.00006705312262056395"
"286","0.00006664442480541766","0.00006664442480541766","0.00006664442480541766"
"287","0.00006630884308833629","0.00006630884308833629","0.00006630884308833629"
"288","0.00006581984780495986","0.00006581984780495986","0.00006581984780495986"
"289","0.00006546267832163721","0.00006546267832163721","0.00006546267832163721"
"290","0.0000652550661470741","0.0000652550661470741","0.0000652550661470741"
"291","0.00006485733320005238","0.00006485733320005238","0.00006485733320005238"
"292","0.00006444837345043197","0.00006444837345043197","0.00006444837345043197"
"293","0.00006404479790944606","0.00006404479790944606","0.00006404479790944606"
"294","0.00006383205618476495","0.00006383205618476495","0.00006383205618476495"
"295","0.00006336298974929377","0.00006336298974929377","0.00006336298974929377"
"296","0.00006308723095571622","0.00006308723095571622","0.00006308723095571622"
"297","0.00006275565829128027","0.00006275565829128027","0.00006275565829128027"
"298","0.00006246617704164237","0.00006246617704164237","0.00006246617704164237"
"299","0.00006209794810274616","0.00006209794810274616","0.00006209794810274616"
"300","0.00006172354915179312","0.00006172354915179312","0.00006172354915179312"
"301","0.00006131808913778514","0.00006131808913778514","0.00006131808913778514"
"302","0.00006099815800553188","0.00006099815800553188","0.00006099815800553188"
"303","0.00006067430877010338","0.00006067430877010338","0.00006067430877010338"
"304","0.000060320297052385285","0.000060320297052385285","0.000060320297052385285"
"305","0.00005981582580716349","0.00005981582580716349","0.00005981582580716349"
"306","0.00005952324136160314","0.00005952324136160314","0.00005952324136160314"
"307","0.00005910384425078519","0.00005910384425078519","0.00005910384425078519"
"308","0.0000585251473239623","0.0000585251473239623","0.0000585251473239623"
"309","0.00005815633267047815","0.00005815633267047815","0.00005815633267047815"
"310","0.00005772985241492279","0.00005772985241492279","0.00005772985241492279"
"311","0.00005737860919907689","0.00005737860919907689","0.00005737860919907689"
"312","0.00005691224941983819","0.00005691224941983819","0.00005691224941983819"
"313","0.00005652018808177672","0.00005652018808177672","0.00005652018808177672"
"314","0.00005608496940112673","0.00005608496940112673","0.00005608496940112673"
"315","0.000055638774938415736","0.000055638774938415736","0.000055638774938415736"
"316","0.00005525354208657518","0.00005525354208657518","0.00005525354208657518"
"317","0.00005504509317688644","0.00005504509317688644","0.00005504509317688644"
"318","0.00005471418262459338","0.00005471418262459338","0.00005471418262459338"
"319","0.00005437486106529832","0.00005437486106529832","0.00005437486106529832"
"320","0.000053966319683240727","0.000053966319683240727","0.000053966319683240727"
"321","0.000053661526180803776","0.000053661526180803776","0.000053661526180803776"
"322","0.00005321494973031804","0.00005321494973031804","0.00005321494973031804"
"323","0.00005292785499477759","0.00005292785499477759","0.00005292785499477759"
"324","0.00005257494922261685","0.00005257494922261685","0.00005257494922261685"
"325","0.000052278945076977834","0.000052278945076977834","0.000052278945076977834"
"326","0.00005193776814849116","0.00005193776814849116","0.00005193776814849116"
"327","0.00005165135735296644","0.00005165135735296644","0.00005165135735296644"
"328","0.000051382859965087846","0.000051382859965087846","0.000051382859965087846"
"329","0.00005096713357488625","0.00005096713357488625","0.00005096713357488625"
"330","0.00005069540566182695","0.00005069540566182695","0.00005069540566182695"
"331","0.00005012709152651951","0.00005012709152651951","0.00005012709152651951"
"332","0.000049944526836043224","0.000049944526836043224","0.000049944526836043224"
"333","0.00004975149204256013","0.00004975149204256013","0.00004975149204256013"
"334","0.000049175545427715406","0.000049175545427715406","0.000049175545427715406"
"335","0.00004879812695435248","0.00004879812695435248","0.00004879812695435248"
"336","0.000048540627176407725","0.000048540627176407725","0.000048540627176407725"
"337","0.00004831786282011308","0.00004831786282011308","0.00004831786282011308"
"338","0.0000480158778373152","0.0000480158778373152","0.0000480158778373152"
"339","0.00004769206861965358","0.00004769206861965358","0.00004769206861965358"
"340","0.00004734717731480487","0.00004734717731480487","0.00004734717731480487"
"341","0.000047080098738661036","0.000047080098738661036","0.000047080098738661036"
"342","0.00004670306952903047","0.00004670306952903047","0.00004670306952903047"
"343","0.00004649207403417677","0.00004649207403417677","0.00004649207403417677"
"344","0.000046178887714631855","0.000046178887714631855","0.000046178887714631855"
"345","0.00004586002978612669","0.00004586002978612669","0.00004586002978612669"
"346","0.00004563912079902366","0.00004563912079902366","0.00004563912079902366"
"347","0.00004531223021331243","0.00004531223021331243","0.00004531223021331243"
"348","0.00004510330836637877","0.00004510330836637877","0.00004510330836637877"
"349","0.00004474887828109786","0.00004474887828109786","0.00004474887828109786"
"350","0.00004460776472114958","0.00004460776472114958","0.00004460776472114958"
"351","0.00004427423846209422","0.00004427423846209422","0.00004427423846209422"
"352","0.000044106520363129675","0.000044106520363129675","0.000044106520363129675"
"353","0.00004390983667690307","0.00004390983667690307","0.00004390983667690307"
"354","0.000043722320697270334","0.000043722320697270334","0.000043722320697270334"
"355","0.000043418698624009266","0.000043418698624009266","0.000043418698624009266"
"356","0.00004319338040659204","0.00004319338040659204","0.00004319338040659204"
"357","0.00004289843127480708","0.00004289843127480708","0.00004289843127480708"
"358","0.000042842286347877234","0.000042842286347877234","0.000042842286347877234"
"359","0.000042658990423660725","0.000042658990423660725","0.000042658990423660725"
"360","0.00004240683847456239","0.00004240683847456239","0.00004240683847456239"
"361","0.0000421742006437853","0.0000421742006437853","0.0000421742006437853"
"362","0.00004170101601630449","0.00004170101601630449","0.00004170101601630449"
"363","0.00004149521919316612","0.00004149521919316612","0.00004149521919316612"
"364","0.00004125026680412702","0.00004125026680412702","0.00004125026680412702"
"365","0.00004101594822714105","0.00004101594822714105","0.00004101594822714105"
"366","0.00004076689947396517","0.00004076689947396517","0.00004076689947396517"
"367","0.0000406431827286724","0.0000406431827286724","0.0000406431827286724"
"368","0.000040414186514681205","0.000040414186514681205","0.000040414186514681205"
"369","0.000040196118789026514","0.000040196118789026514","0.000040196118789026514"
"370","0.00004004877700936049","0.00004004877700936049","0.00004004877700936049"
"371","0.00003994795406470075","0.00003994795406470075","0.00003994795406470075"
"372","0.00003972348713432439","0.00003972348713432439","0.00003972348713432439"
"373","0.000039514878153568134","0.000039514878153568134","0.000039514878153568134"
"374","0.00003932140680262819","0.00003932140680262819","0.00003932140680262819"
"375","0.000039145561459008604","0.000039145561459008604","0.000039145561459008604"
"376","0.00003898748764186166","0.00003898748764186166","0.00003898748764186166"
"377","0.00003875478432746604","0.00003875478432746604","0.00003875478432746604"
"378","0.0000385421808459796","0.0000385421808459796","0.0000385421808459796"
"379","0.0000383722253900487","0.0000383722253900487","0.0000383722253900487"
"380","0.00003818616096395999","0.00003818616096395999","0.00003818616096395999"
"381","0.00003807358370977454","0.00003807358370977454","0.00003807358370977454"
"382","0.00003777163146878593","0.00003777163146878593","0.00003777163146878593"
"383","0.00003755091893253848","0.00003755091893253848","0.00003755091893253848"
"384","0.000037423320463858545","0.000037423320463858545","0.000037423320463858545"
"385","0.00003727824514498934","0.00003727824514498934","0.00003727824514498934"
"386","0.00003699166336446069","0.00003699166336446069","0.00003699166336446069"
"387","0.00003692189056891948","0.00003692189056891948","0.00003692189056891948"
"388","0.00003672350794658996","0.00003672350794658996","0.00003672350794658996"
"389","0.000036610672395909205","0.000036610672395909205","0.000036610672395909205"
"390","0.00003643591480795294","0.00003643591480795294","0.00003643591480795294"
"391","0.000036237091990187764","0.000036237091990187764","0.000036237091990187764"
"392","0.000036107634514337406","0.000036107634514337406","0.000036107634514337406"
"393","0.00003594463487388566","0.00003594463487388566","0.00003594463487388566"
"394","0.000035802077036350965","0.000035802077036350965","0.000035802077036350965"
"395","0.00003574659785954282","0.00003574659785954282","0.00003574659785954282"
"396","0.00003557031959644519","0.00003557031959644519","0.00003557031959644519"
"397","0.00003535345967975445","0.00003535345967975445","0.00003535345967975445"
"398","0.00003532421396812424","0.00003532421396812424","0.00003532421396812424"
"399","0.00003511769318720326","0.00003511769318720326","0.00003511769318720326"
"400","0.000034990491258213297","0.000034990491258213297","0.000034990491258213297"
"401","0.00003492890391498804","0.00003492890391498804","0.00003492890391498804"
"402","0.00003468106660875492","0.00003468106660875492","0.00003468106660875492"
"403","0.00003456151898717508","0.00003456151898717508","0.00003456151898717508"
"404","0.000034458837035344914","0.000034458837035344914","0.000034458837035344914"
"405","0.00003428367926971987","0.00003428367926971987","0.00003428367926971987"
"406","0.00003412223304621875","0.00003412223304621875","0.00003412223304621875"
"407","0.00003406366886338219","0.00003406366886338219","0.00003406366886338219"
"408","0.0000338517056661658","0.0000338517056661658","0.0000338517056661658"
"409","0.00003366419696249068","0.00003366419696249068","0.00003366419696249068"
"410","0.000033484495361335576","0.000033484495361335576","0.000033484495361335576"
"411","0.00003330753679620102","0.00003330753679620102","0.00003330753679620102"
"412","0.000033129454095615074","0.000033129454095615074","0.000033129454095615074"
"413","0.00003296386421425268","0.00003296386421425268","0.00003296386421425268"
"414","0.00003288549851276912","0.00003288549851276912","0.00003288549851276912"
"415","0.000032827709219418466","0.000032827709219418466","0.000032827709219418466"
"416","0.00003251943417126313","0.00003251943417126313","0.00003251943417126313"
"417","0.000032435640605399385","0.000032435640605399385","0.000032435640605399385"
"418","0.00003218898564227857","0.00003218898564227857","0.00003218898564227857"
"419","0.0000321121551678516","0.0000321121551678516","0.0000321121551678516"
"420","0.000032057017961051315","0.000032057017961051315","0.000032057017961051315"
"421","0.00003178830229444429","0.00003178830229444429","0.00003178830229444429"
"422","0.000031669602321926504","0.000031669602321926504","0.000031669602321926504"
"423","0.00003146234666928649","0.00003146234666928649","0.00003146234666928649"
"424","0.000031356714316643775","0.000031356714316643775","0.000031356714316643775"
"425","0.000031202842365019023","0.000031202842365019023","0.000031202842365019023"
"426","0.000031034131097840145","0.000031034131097840145","0.000031034131097840145"
"427","0.00003089456004090607","0.00003089456004090607","0.00003089456004090607"
"428","0.00003076276334468275","0.00003076276334468275","0.00003076276334468275"
"429","0.00003055664274143055","0.00003055664274143055","0.00003055664274143055"
"430","0.000030427150704781525","0.000030427150704781525","0.000030427150704781525"
"431","0.00003028245373570826","0.00003028245373570826","0.00003028245373570826"
"432","0.0000301439158647554","0.0000301439158647554","0.0000301439158647554"
"433","0.000030001034247106872","0.000030001034247106872","0.000030001034247106872"
"434","0.00002979923374368809","0.00002979923374368809","0.00002979923374368809"
"435","0.00002969239722006023","0.00002969239722006023","0.00002969239722006023"
"436","0.000029497847208403982","0.000029497847208403982","0.000029497847208403982"
"437","0.000029407192414510064","0.000029407192414510064","0.000029407192414510064"
"438","0.00002919851613114588","0.00002919851613114588","0.00002919851613114588"
"439","0.000029062992325634696","0.000029062992325634696","0.000029062992325634696"
"440","0.00002894906538131181","0.00002894906538131181","0.00002894906538131181"
"441","0.000028828504582634196","0.000028828504582634196","0.000028828504582634196"
"442","0.000028642525649047457","0.000028642525649047457","0.000028642525649047457"
"443","0.000028429463782231323","0.000028429463782231323","0.000028429463782231323"
"444","0.00002829952609317843","0.00002829952609317843","0.00002829952609317843"
"445","0.000028181437301100232","0.000028181437301100232","0.000028181437301100232"
"446","0.000028038833988830447","0.000028038833988830447","0.000028038833988830447"
"447","0.00002790415965137072","0.00002790415965137072","0.00002790415965137072"
"448","0.000027903546651941724","0.000027903546651941724","0.000027903546651941724"
"449","0.000027685489840223454","0.000027685489840223454","0.000027685489840223454"
"450","0.000027601148758549243","0.000027601148758549243","0.000027601148758549243"
"451","0.000027433026843937114","0.000027433026843937114","0.000027433026843937114"
"452","0.000027326561394147575","0.000027326561394147575","0.000027326561394147575"
"453","0.000027188691092305817","0.000027188691092305817","0.000027188691092305817"
"454","0.00002711261549848132","0.00002711261549848132","0.00002711261549848132"
"455","0.00002702971687540412","0.00002702971687540412","0.00002702971687540412"
"456","0.000026865798645303585","0.000026865798645303585","0.000026865798645303585"
"457","0.00002670894900802523","0.00002670894900802523","0.00002670894900802523"
"458","0.000026671636078390293","0.000026671636078390293","0.000026671636078390293"
"459","0.000026484021873329766","0.000026484021873329766","0.000026484021873329766"
"460","0.00002644398045958951","0.00002644398045958951","0.00002644398045958951"
"461","0.00002635711462062318","0.00002635711462062318","0.00002635711462062318"
"462","0.00002621745807118714","0.00002621745807118714","0.00002621745807118714"
"463","0.000026079445888171904","0.000026079445888171904","0.000026079445888171904"
"464","0.000026037052521132864","0.000026037052521132864","0.000026037052521132864"
"465","0.000025890509277815","0.000025890509277815","0.000025890509277815"
"466","0.000025819837901508436","0.000025819837901508436","0.000025819837901508436"
"467","0.000025708723114803433","0.000025708723114803433","0.000025708723114803433"
"468","0.000025618119252612814","0.000025618119252612814","0.000025618119252612814"
"469","0.000025549363272148184","0.000025549363272148184","0.000025549363272148184"
"470","0.00002549829878262244","0.00002549829878262244","0.00002549829878262244"
"471","0.00002539785418775864","0.00002539785418775864","0.00002539785418775864"
"472","0.00002529347693780437","0.00002529347693780437","0.00002529347693780437"
"473","0.00002519276677048765","0.00002519276677048765","0.00002519276677048765"
"474","0.00002507361932657659","0.00002507361932657659","0.00002507361932657659"
"475","0.00002496526030881796","0.00002496526030881796","0.00002496526030881796"
"476","0.000024885795937734656","0.000024885795937734656","0.000024885795937734656"
"477","0.0000248772521445062","0.0000248772521445062","0.0000248772521445062"
"478","0.000024806937290122733","0.000024806937290122733","0.000024806937290122733"
"479","0.000024692162696737796","0.000024692162696737796","0.000024692162696737796"
"480","0.000024666003810125403","0.000024666003810125403","0.000024666003810125403"
"481","0.000024506742192897946","0.000024506742192897946","0.000024506742192897946"
"482","0.000024559016310377046","0.000024559016310377046","0.000024559016310377046"
"483","0.000024467412004014477","0.000024467412004014477","0.000024467412004014477"
"484","0.0000243997092184145","0.0000243997092184145","0.0000243997092184145"
"485","0.000024307511921506375","0.000024307511921506375","0.000024307511921506375"
"486","0.000024426073650829494","0.000024426073650829494","0.000024426073650829494"
"487","0.00002447497536195442","0.00002447497536195442","0.00002447497536195442"
"488","0.000024497707272530533","0.000024497707272530533","0.000024497707272530533"
"489","0.00002450990359648131","0.00002450990359648131","0.00002450990359648131"
"490","0.000024637067326693796","0.000024637067326693796","0.000024637067326693796"
"491","0.000024789087547105737","0.000024789087547105737","0.000024789087547105737"
"492","0.000024766139176790603","0.000024766139176790603","0.000024766139176790603"
"493","0.00002469959326845128","0.00002469959326845128","0.00002469959326845128"
"494","0.000024597899027867243","0.000024597899027867243","0.000024597899027867243"
"495","0.000024553204639232717","0.000024553204639232717","0.000024553204639232717"
"496","0.000024520670194760896","0.000024520670194760896","0.000024520670194760896"
"497","0.00002443194534862414","0.00002443194534862414","0.00002443194534862414"
"498","0.000024416685846517794","0.000024416685846517794","0.000024416685846517794"
"499","0.000024239578124252148","0.000024239578124252148","0.000024239578124252148"
"500","0.000024074890461633913","0.000024074890461633913","0.000024074890461633913"
"501","0.000023970640540937893","0.000023970640540937893","0.000023970640540937893"
"502","0.000023961621991475113","0.000023961621991475113","0.000023961621991475113"
"503","0.000023720593162579462","0.000023720593162579462","0.000023720593162579462"
"504","0.000023565362425870262","0.000023565362425870262","0.000023565362425870262"
"505","0.000023360471459454857","0.000023360471459454857","0.000023360471459454857"
"506","0.00002332051553821657","0.00002332051553821657","0.00002332051553821657"
"507","0.00002311332900717389","0.00002311332900717389","0.00002311332900717389"
"508","0.00002297993160027545","0.00002297993160027545","0.00002297993160027545"
"509","0.000022855550923850387","0.000022855550923850387","0.000022855550923850387"
"510","0.000022654909116681665","0.000022654909116681665","0.000022654909116681665"
"511","0.000022519423509947956","0.000022519423509947956","0.000022519423509947956"
"512","0.00002228472840215545","0.00002228472840215545","0.00002228472840215545"
"513","0.000022245891159400344","0.000022245891159400344","0.000022245891159400344"
"514","0.00002207172838097904","0.00002207172838097904","0.00002207172838097904"
"515","0.000021980562451062724","0.000021980562451062724","0.000021980562451062724"
"516","0.000021871748685953207","0.000021871748685953207","0.000021871748685953207"
"517","0.00002167412640119437","0.00002167412640119437","0.00002167412640119437"
"518","0.00002156651135010179","0.00002156651135010179","0.00002156651135010179"
"519","0.000021406161977211013","0.000021406161977211013","0.000021406161977211013"
"520","0.00002129268614226021","0.00002129268614226021","0.00002129268614226021"
"521","0.000021127372747287154","0.000021127372747287154","0.000021127372747287154"
"522","0.000020959698304068297","0.000020959698304068297","0.000020959698304068297"
"523","0.00002082334140141029","0.00002082334140141029","0.00002082334140141029"
"524","0.00002066376146103721","0.00002066376146103721","0.00002066376146103721"
"525","0.000020508061425061896","0.000020508061425061896","0.000020508061425061896"
"526","0.000020385303287184797","0.000020385303287184797","0.000020385303287184797"
"527","0.00002020680040004663","0.00002020680040004663","0.00002020680040004663"
"528","0.000020095725631108508","0.000020095725631108508","0.000020095725631108508"
"529","0.00001993549449252896","0.00001993549449252896","0.00001993549449252896"
"530","0.000019794584659393877","0.000019794584659393877","0.000019794584659393877"
"531","0.000019728182451217435","0.000019728182451217435","0.000019728182451217435"
"532","0.000019539231288945302","0.000019539231288945302","0.000019539231288945302"
"533","0.000019424192942096852","0.000019424192942096852","0.000019424192942096852"
"534","0.000019260012777522206","0.000019260012777522206","0.000019260012777522206"
"535","0.00001910070022859145","0.00001910070022859145","0.00001910070022859145"
"536","0.00001903082011267543","0.00001903082011267543","0.00001903082011267543"
"537","0.000018911536244559102","0.000018911536244559102","0.000018911536244559102"
"538","0.000018767837900668383","0.000018767837900668383","0.000018767837900668383"
"539","0.0000185959943337366","0.0000185959943337366","0.0000185959943337366"
"540","0.000018527611246099696","0.000018527611246099696","0.000018527611246099696"
"541","0.00001837170566432178","0.00001837170566432178","0.00001837170566432178"
"542","0.000018287684724782594","0.000018287684724782594","0.000018287684724782594"
"543","0.00001818063719838392","0.00001818063719838392","0.00001818063719838392"
"544","0.00001805964893719647","0.00001805964893719647","0.00001805964893719647"
"545","0.00001796047763491515","0.00001796047763491515","0.00001796047763491515"
"546","0.000017851114535005763","0.000017851114535005763","0.000017851114535005763"
"547","0.000017764969015843235","0.000017764969015843235","0.000017764969015843235"
"548","0.00001764409535098821","0.00001764409535098821","0.00001764409535098821"
"549","0.00001755740049702581","0.00001755740049702581","0.00001755740049702581"
"550","0.00001741628693707753","0.00001741628693707753","0.00001741628693707753"
"551","0.000017318852769676596","0.000017318852769676596","0.000017318852769676596"
"552","0.00001722339766274672","0.00001722339766274672","0.00001722339766274672"
"553","0.00001711876757326536","0.00001711876757326536","0.00001711876757326536"
"554","0.000016962207155302167","0.000016962207155302167","0.000016962207155302167"
"555","0.000016903550204006024","0.000016903550204006024","0.000016903550204006024"
"556","0.000016786456399131566","0.000016786456399131566","0.000016786456399131566"
"557","0.000016670443073962815","0.000016670443073962815","0.000016670443073962815"
"558","0.000016560479707550257","0.000016560479707550257","0.000016560479707550257"
"559","0.000016503207007190213","0.000016503207007190213","0.000016503207007190213"
"560","0.000016344900359399617","0.000016344900359399617","0.000016344900359399617"
"561","0.000016281206626445055","0.000016281206626445055","0.000016281206626445055"
"562","0.0000161705775099108","0.0000161705775099108","0.0000161705775099108"
"563","0.000016062533177318983","0.000016062533177318983","0.000016062533177318983"
"564","0.00001597304071765393","0.00001597304071765393","0.00001597304071765393"
"565","0.000015862020518397912","0.000015862020518397912","0.000015862020518397912"
"566","0.00001576744398334995","0.00001576744398334995","0.00001576744398334995"
"567","0.000015694704416091554","0.000015694704416091554","0.000015694704416091554"
"568","0.00001559492557134945","0.00001559492557134945","0.00001559492557134945"
"569","0.000015517227438976988","0.000015517227438976988","0.000015517227438976988"
"570","0.000015440242350450717","0.000015440242350450717","0.000015440242350450717"
"571","0.0000152797183545772","0.0000152797183545772","0.0000152797183545772"
"572","0.000015193179024208803","0.000015193179024208803","0.000015193179024208803"
"573","0.000015100361451914068","0.000015100361451914068","0.000015100361451914068"
"574","0.000015053255992825143","0.000015053255992825143","0.000015053255992825143"
"575","0.00001495560172770638","0.00001495560172770638","0.00001495560172770638"
"576","0.000014893864317855332","0.000014893864317855332","0.000014893864317855332"
"577","0.000014835579349892214","0.000014835579349892214","0.000014835579349892214"
"578","0.000014707561604154762","0.000014707561604154762","0.000014707561604154762"
"579","0.000014705695321026724","0.000014705695321026724","0.000014705695321026724"
"580","0.000014659747648693155","0.000014659747648693155","0.000014659747648693155"
"581","0.000014526523045788053","0.000014526523045788053","0.000014526523045788053"
"582","0.00001447149315936258","0.00001447149315936258","0.00001447149315936258"
"583","0.000014365069546329323","0.000014365069546329323","0.000014365069546329323"
"584","0.000014331090824271087","0.000014331090824271087","0.000014331090824271087"
"585","0.000014185942745825741","0.000014185942745825741","0.000014185942745825741"
"586","0.000014179674508341122","0.000014179674508341122","0.000014179674508341122"
"587","0.000014078966160013806","0.000014078966160013806","0.000014078966160013806"
"588","0.00001399577649863204","0.00001399577649863204","0.00001399577649863204"
"589","0.000013936568393546622","0.000013936568393546622","0.000013936568393546622"
"590","0.000013814104931952897","0.000013814104931952897","0.000013814104931952897"
"591","0.000013727440091315657","0.000013727440091315657","0.000013727440091315657"
"592","0.000013643227248394396","0.000013643227248394396","0.000013643227248394396"
"593","0.000013538766324927565","0.000013538766324927565","0.000013538766324927565"
"594","0.000013482626854965929","0.000013482626854965929","0.000013482626854965929"
"595","0.000013410067367658485","0.000013410067367658485","0.000013410067367658485"
"596","0.000013345839761313982","0.000013345839761313982","0.000013345839761313982"
"597","0.000013222133929957636","0.000013222133929957636","0.000013222133929957636"
"598","0.000013163185940356925","0.000013163185940356925","0.000013163185940356925"
"599","0.00001309851541009266","0.00001309851541009266","0.00001309851541009266"
"600","0.000013049048902757932","0.000013049048902757932","0.000013049048902757932"
"601","0.000012971387150173541","0.000012971387150173541","0.000012971387150173541"
"602","0.00001289512056246167","0.00001289512056246167","0.00001289512056246167"
"603","0.000012806754057237413","0.000012806754057237413","0.000012806754057237413"
"604","0.000012679035535256844","0.000012679035535256844","0.000012679035535256844"
"605","0.000012594036888913251","0.000012594036888913251","0.000012594036888913251"
"606","0.000012474344657675829","0.000012474344657675829","0.000012474344657675829"
"607","0.000012440575119399","0.000012440575119399","0.000012440575119399"
"608","0.000012317417713347822","0.000012317417713347822","0.000012317417713347822"
"609","0.000012233467714395374","0.000012233467714395374","0.000012233467714395374"
"610","0.000012158448953414336","0.000012158448953414336","0.000012158448953414336"
"611","0.00001200392853206722","0.00001200392853206722","0.00001200392853206722"
"612","0.000011931844710488804","0.000011931844710488804","0.000011931844710488804"
"613","0.00001184239772555884","0.00001184239772555884","0.00001184239772555884"
"614","0.000011761680070776492","0.000011761680070776492","0.000011761680070776492"
"615","0.000011673632798192557","0.000011673632798192557","0.000011673632798192557"
"616","0.000011617854397627525","0.000011617854397627525","0.000011617854397627525"
"617","0.00001152625736722257","0.00001152625736722257","0.00001152625736722257"
"618","0.000011421004273870494","0.000011421004273870494","0.000011421004273870494"
"619","0.000011342060133756604","0.000011342060133756604","0.000011342060133756604"
"620","0.000011259434359089937","0.000011259434359089937","0.000011259434359089937"
"621","0.000011159785572090186","0.000011159785572090186","0.000011159785572090186"
"622","0.00001109348340833094","0.00001109348340833094","0.00001109348340833094"
"623","0.00001103394060919527","0.00001103394060919527","0.00001103394060919527"
"624","0.000010898493201239035","0.000010898493201239035","0.000010898493201239035"
"625","0.000010878961802518461","0.000010878961802518461","0.000010878961802518461"
"626","0.000010750542969617527","0.000010750542969617527","0.000010750542969617527"
"627","0.000010649412615748588","0.000010649412615748588","0.000010649412615748588"
"628","0.000010600824680295773","0.000010600824680295773","0.000010600824680295773"
"629","0.000010505471436772496","0.000010505471436772496","0.000010505471436772496"
"630","0.000010395582648925483","0.000010395582648925483","0.000010395582648925483"
"631","0.000010320655746909324","0.000010320655746909324","0.000010320655746909324"
"632","0.000010215071597485803","0.000010215071597485803","0.000010215071597485803"
"633","0.000010131718227057718","0.000010131718227057718","0.000010131718227057718"
"634","0.000010050624041468836","0.000010050624041468836","0.000010050624041468836"
"635","0.00000998238283500541","0.00000998238283500541","0.00000998238283500541"
"636","0.0000099137905635871","0.0000099137905635871","0.0000099137905635871"
"637","0.000009818885700951796","0.000009818885700951796","0.000009818885700951796"
"638","0.000009777600098459516","0.000009777600098459516","0.000009777600098459516"
"639","0.000009679761205916293","0.000009679761205916293","0.000009679761205916293"
"640","0.000009639663403504528","0.000009639663403504528","0.000009639663403504528"
"641","0.000009590098670742009","0.000009590098670742009","0.000009590098670742009"
"642","0.000009530055649520364","0.000009530055649520364","0.000009530055649520364"
"643","0.000009499778570898343","0.000009499778570898343","0.000009499778570898343"
"644","0.000009500025953457225","0.000009500025953457225","0.000009500025953457225"
"645","0.000009486755516263656","0.000009486755516263656","0.000009486755516263656"
"646","0.000009430934369447641","0.000009430934369447641","0.000009430934369447641"
"647","0.000009380722985952161","0.000009380722985952161","0.000009380722985952161"
"648","0.000009348878847958986","0.000009348878847958986","0.000009348878847958986"
"649","0.000009285666237701662","0.000009285666237701662","0.000009285666237701662"
"650","0.000009193925507133827","0.000009193925507133827","0.000009193925507133827"
"651","0.00000912832092581084","0.00000912832092581084","0.00000912832092581084"
"652","0.000009077936738322023","0.000009077936738322023","0.000009077936738322023"
"653","0.000009021247024065815","0.000009021247024065815","0.000009021247024065815"
"654","0.000008914114005165175","0.000008914114005165175","0.000008914114005165175"
"655","0.000008882674592314288","0.000008882674592314288","0.000008882674592314288"
"656","0.000008795198482403066","0.000008795198482403066","0.000008795198482403066"
"657","0.000008723723112780135","0.000008723723112780135","0.000008723723112780135"
"658","0.000008652269571030047","0.000008652269571030047","0.000008652269571030047"
"659","0.00000857612303661881","0.00000857612303661881","0.00000857612303661881"
"660","0.00000850807464303216","0.00000850807464303216","0.00000850807464303216"
"661","0.000008414835065195803","0.000008414835065195803","0.000008414835065195803"
"662","0.000008394884389417712","0.000008394884389417712","0.000008394884389417712"
"663","0.000008280908332380932","0.000008280908332380932","0.000008280908332380932"
"664","0.000008258250090875663","0.000008258250090875663","0.000008258250090875663"
"665","0.00000816904503153637","0.00000816904503153637","0.00000816904503153637"
"666","0.000008082855856628157","0.000008082855856628157","0.000008082855856628157"
"667","0.000008037051884457469","0.000008037051884457469","0.000008037051884457469"
"668","0.000007943915989017114","0.000007943915989017114","0.000007943915989017114"
"669","0.00000789588284533238","0.00000789588284533238","0.00000789588284533238"
"670","0.000007811674549884629","0.000007811674549884629","0.000007811674549884629"
"671","0.000007738695785519667","0.000007738695785519667","0.000007738695785519667"
"672","0.00000769273356127087","0.00000769273356127087","0.00000769273356127087"
"673","0.000007672879291931167","0.000007672879291931167","0.000007672879291931167"
"674","0.000007587234449601965","0.000007587234449601965","0.000007587234449601965"
"675","0.000007529758022428723","0.000007529758022428723","0.000007529758022428723"
"676","0.0000074891822805511765","0.0000074891822805511765","0.0000074891822805511765"
"677","0.000007433421160385478","0.000007433421160385478","0.000007433421160385478"
"678","0.000007368359092652099","0.000007368359092652099","0.000007368359092652099"
"679","0.000007315006314456696","0.000007315006314456696","0.000007315006314456696"
"680","0.0000073029109444178175","0.0000073029109444178175","0.0000073029109444178175"
"681","0.000007249064765346702","0.000007249064765346702","0.000007249064765346702"
"682","0.0000071639387897448614","0.0000071639387897448614","0.0000071639387897448614"
"683","0.000007168606771301711","0.000007168606771301711","0.000007168606771301711"
"684","0.000007079876013449393","0.000007079876013449393","0.000007079876013449393"
"685","0.000007030871984170517","0.000007030871984170517","0.000007030871984170517"
"686","0.0000069948982854839414","0.0000069948982854839414","0.0000069948982854839414"
"687","0.000006968626166781178","0.000006968626166781178","0.000006968626166781178"
"688","0.000006944032065803185","0.000006944032065803185","0.000006944032065803185"
"689","0.000006894137186463922","0.000006894137186463922","0.000006894137186463922"
"690","0.000006821444912930019","0.000006821444912930019","0.000006821444912930019"
"691","0.000006776814188924618","0.000006776814188924618","0.000006776814188924618"
"692","0.0000067545829551818315","0.0000067545829551818315","0.0000067545829551818315"
"693","0.000006714242772432044","0.000006714242772432044","0.000006714242772432044"
"694","0.00000669803011987824","0.00000669803011987824","0.00000669803011987824"
"695","0.000006693366231047548","0.000006693366231047548","0.000006693366231047548"
"696","0.000006697031039948342","0.000006697031039948342","0.000006697031039948342"
"697","0.000006738524916727329","0.000006738524916727329","0.000006738524916727329"
"698","0.00000675701357977232","0.00000675701357977232","0.00000675701357977232"
"699","0.000006817461326136254","0.000006817461326136254","0.000006817461326136254"
"700","0.00000685216809870326","0.00000685216809870326","0.00000685216809870326"
"701","0.000006861224846943514","0.000006861224846943514","0.000006861224846943514"
"702","0.000006879733973619295","0.000006879733973619295","0.000006879733973619295"
"703","0.0000069151678872003686","0.0000069151678872003686","0.0000069151678872003686"
"704","0.000006984357241890393","0.000006984357241890393","0.000006984357241890393"
"705","0.000006998692242632387","0.000006998692242632387","0.000006998692242632387"
"706","0.000007113478204701096","0.000007113478204701096","0.000007113478204701096"
"707","0.000007255008313222788","0.000007255008313222788","0.000007255008313222788"
"708","0.000007328430911002215","0.000007328430911002215","0.000007328430911002215"
"709","0.000007436627583956579","0.000007436627583956579","0.000007436627583956579"
"710","0.000007488997653126717","0.000007488997653126717","0.000007488997653126717"
"711","0.0000075773391472466756","0.0000075773391472466756","0.0000075773391472466756"
"712","0.000007636126611032523","0.000007636126611032523","0.000007636126611032523"
"713","0.000007705340067332145","0.000007705340067332145","0.000007705340067332145"
"714","0.000007723218004684895","0.000007723218004684895","0.000007723218004684895"
"715","0.000007710366844548844","0.000007710366844548844","0.000007710366844548844"
"716","0.000007709007149969693","0.000007709007149969693","0.000007709007149969693"
"717","0.000007723328963038512","0.000007723328963038512","0.000007723328963038512"
"718","0.000007739858119748533","0.000007739858119748533","0.000007739858119748533"
"719","0.000007698010449530557","0.000007698010449530557","0.000007698010449530557"
"720","0.000007637730050191749","0.000007637730050191749","0.000007637730050191749"
"721","0.000007620387350470992","0.000007620387350470992","0.000007620387350470992"
"722","0.0000075672141974791884","0.0000075672141974791884","0.0000075672141974791884"
"723","0.0000075340576586313546","0.0000075340576586313546","0.0000075340576586313546"
"724","0.000007452590580214746","0.000007452590580214746","0.000007452590580214746"
"725","0.000007336365342780482","0.000007336365342780482","0.000007336365342780482"
"726","0.000007315328275581123","0.000007315328275581123","0.000007315328275581123"
"727","0.000007192874818429118","0.000007192874818429118","0.000007192874818429118"
"728","0.000007103039479261497","0.000007103039479261497","0.000007103039479261497"
"729","0.000007033683687041048","0.000007033683687041048","0.000007033683687041048"
"730","0.000006959567599551519","0.000006959567599551519","0.000006959567599551519"
"731","0.000006869664048281265","0.000006869664048281265","0.000006869664048281265"
"732","0.000006792747626604978","0.000006792747626604978","0.000006792747626604978"
"733","0.000006695118827337865","0.000006695118827337865","0.000006695118827337865"
"734","0.00000664382241666317","0.00000664382241666317","0.00000664382241666317"
"735","0.000006556823791470379","0.000006556823791470379","0.000006556823791470379"
"736","0.000006473544999607839","0.000006473544999607839","0.000006473544999607839"
"737","0.00000638767096461379","0.00000638767096461379","0.00000638767096461379"
"738","0.000006337043032544898","0.000006337043032544898","0.000006337043032544898"
"739","0.00000628764337307075","0.00000628764337307075","0.00000628764337307075"
"740","0.000006187439794302918","0.000006187439794302918","0.000006187439794302918"
"741","0.000006106792625359958","0.000006106792625359958","0.000006106792625359958"
"742","0.000006033022145857103","0.000006033022145857103","0.000006033022145857103"
"743","0.0000059644094108080026","0.0000059644094108080026","0.0000059644094108080026"
"744","0.000005918217993894359","0.000005918217993894359","0.000005918217993894359"
"745","0.000005829367637488758","0.000005829367637488758","0.000005829367637488758"
"746","0.000005726078597945161","0.000005726078597945161","0.000005726078597945161"
"747","0.000005681628863385413","0.000005681628863385413","0.000005681628863385413"
"748","0.000005581363893725211","0.000005581363893725211","0.000005581363893725211"
"749","0.000005542293820326449","0.000005542293820326449","0.000005542293820326449"
"750","0.000005454363872559043","0.000005454363872559043","0.000005454363872559043"
"751","0.000005373018666432472","0.000005373018666432472","0.000005373018666432472"
"752","0.00000531948717252817","0.00000531948717252817","0.00000531948717252817"
"753","0.000005235637672740268","0.000005235637672740268","0.000005235637672740268"
"754","0.000005185152986086905","0.000005185152986086905","0.000005185152986086905"
"755","0.000005133345894137165","0.000005133345894137165","0.000005133345894137165"
"756","0.000005054020220995881","0.000005054020220995881","0.000005054020220995881"
"757","0.000005006122592021711","0.000005006122592021711","0.000005006122592021711"
"758","0.000004923949745716527","0.000004923949745716527","0.000004923949745716527"
"759","0.000004866371000389336","0.000004866371000389336","0.000004866371000389336"
"760","0.000004798011104867328","0.000004798011104867328","0.000004798011104867328"
"761","0.000004735698894364759","0.000004735698894364759","0.000004735698894364759"
"762","0.0000046722980187041685","0.0000046722980187041685","0.0000046722980187041685"
"763","0.0000046229724830482155","0.0000046229724830482155","0.0000046229724830482155"
"764","0.000004565617018670309","0.000004565617018670309","0.000004565617018670309"
"765","0.000004486058060138021","0.000004486058060138021","0.000004486058060138021"
"766","0.0000044353128032526","0.0000044353128032526","0.0000044353128032526"
"767","0.000004374487161840079","0.000004374487161840079","0.000004374487161840079"
"768","0.000004326157068135217","0.000004326157068135217","0.000004326157068135217"
"769","0.000004259734851075336","0.000004259734851075336","0.000004259734851075336"
"770","0.000004206650828564307","0.000004206650828564307","0.000004206650828564307"
"771","0.000004158420779276639","0.000004158420779276639","0.000004158420779276639"
"772","0.0000041085977500188164","0.0000041085977500188164","0.0000041085977500188164"
"773","0.00000405102173317573","0.00000405102173317573","0.00000405102173317573"
"774","0.0000039846331674198154","0.0000039846331674198154","0.0000039846331674198154"
"775","0.0000039448282223020215","0.0000039448282223020215","0.0000039448282223020215"
"776","0.000003906783604179509","0.000003906783604179509","0.000003906783604179509"
"777","0.000003841320449282648","0.000003841320449282648","0.000003841320449282648"
"778","0.000003792829602389247","0.000003792829602389247","0.000003792829602389247"
"779","0.0000037433030684042023","0.0000037433030684042023","0.0000037433030684042023"
"780","0.0000036904061744280625","0.0000036904061744280625","0.0000036904061744280625"
"781","0.000003649103064162773","0.000003649103064162773","0.000003649103064162773"
"782","0.0000035924738313042326","0.0000035924738313042326","0.0000035924738313042326"
"783","0.000003555603370841709","0.000003555603370841709","0.000003555603370841709"
"784","0.0000035093919450446265","0.0000035093919450446265","0.0000035093919450446265"
"785","0.0000034635820611583767","0.0000034635820611583767","0.0000034635820611583767"
"786","0.0000034086037885572296","0.0000034086037885572296","0.0000034086037885572296"
"787","0.000003380496764293639","0.000003380496764293639","0.000003380496764293639"
"788","0.0000033127837468782673","0.0000033127837468782673","0.0000033127837468782673"
"789","0.0000032773900784377474","0.0000032773900784377474","0.0000032773900784377474"
"790","0.0000032321090657205787","0.0000032321090657205787","0.0000032321090657205787"
"791","0.000003184835577485501","0.000003184835577485501","0.000003184835577485501"
"792","0.0000031499673696089303","0.0000031499673696089303","0.0000031499673696089303"
"793","0.0000030981411782704527","0.0000030981411782704527","0.0000030981411782704527"
"794","0.000003058583615711541","0.000003058583615711541","0.000003058583615711541"
"795","0.000003009117563124164","0.000003009117563124164","0.000003009117563124164"
"796","0.0000029820380404999014","0.0000029820380404999014","0.0000029820380404999014"
"797","0.0000029426178116409574","0.0000029426178116409574","0.0000029426178116409574"
"798","0.0000028752785965480143","0.0000028752785965480143","0.0000028752785965480143"
"799","0.0000028546112389449263","0.0000028546112389449263","0.0000028546112389449263"
"800","0.0000028174790713819675","0.0000028174790713819675","0.0000028174790713819675"
"801","0.0000027657054033625172","0.0000027657054033625172","0.0000027657054033625172"
"802","0.000002725871581787942","0.000002725871581787942","0.000002725871581787942"
"803","0.0000026679035727283917","0.0000026679035727283917","0.0000026679035727283917"
"804","0.000002642166009536595","0.000002642166009536595","0.000002642166009536595"
"805","0.0000025974529762606835","0.0000025974529762606835","0.0000025974529762606835"
"806","0.000002563514271969325","0.000002563514271969325","0.000002563514271969325"
"807","0.0000025287024527642643","0.0000025287024527642643","0.0000025287024527642643"
"808","0.000002501403059795848","0.000002501403059795848","0.000002501403059795848"
"809","0.0000024685894004505826","0.0000024685894004505826","0.0000024685894004505826"
"810","0.0000024377820864174282","0.0000024377820864174282","0.0000024377820864174282"
"811","0.0000023983097889868077","0.0000023983097889868077","0.0000023983097889868077"
"812","0.0000023735028662486","0.0000023735028662486","0.0000023735028662486"
"813","0.0000023422608137479983","0.0000023422608137479983","0.0000023422608137479983"
"814","0.0000023137708922149613","0.0000023137708922149613","0.0000023137708922149613"
"815","0.0000022761237232771236","0.0000022761237232771236","0.0000022761237232771236"
"816","0.000002255563231301494","0.000002255563231301494","0.000002255563231301494"
"817","0.000002226909600722138","0.000002226909600722138","0.000002226909600722138"
"818","0.000002189994347645552","0.000002189994347645552","0.000002189994347645552"
"819","0.000002173380153180915","0.000002173380153180915","0.000002173380153180915"
"820","0.0000021404619019449456","0.0000021404619019449456","0.0000021404619019449456"
"821","0.0000021016337541368557","0.0000021016337541368557","0.0000021016337541368557"
"822","0.00000207967741516768","0.00000207967741516768","0.00000207967741516768"
"823","0.0000020472296000662027","0.0000020472296000662027","0.0000020472296000662027"
"824","0.0000020263753413019003","0.0000020263753413019003","0.0000020263753413019003"
"825","0.0000019848216652462725","0.0000019848216652462725","0.0000019848216652462725"
"826","0.0000019694566617545206","0.0000019694566617545206","0.0000019694566617545206"
"827","0.000001945726353369537","0.000001945726353369537","0.000001945726353369537"
"828","0.0000019134058675263077","0.0000019134058675263077","0.0000019134058675263077"
"829","0.0000018945844431073056","0.0000018945844431073056","0.0000018945844431073056"
"830","0.0000018741111489362083","0.0000018741111489362083","0.0000018741111489362083"
"831","0.0000018375127410763525","0.0000018375127410763525","0.0000018375127410763525"
"832","0.0000018106588868249673","0.0000018106588868249673","0.0000018106588868249673"
"833","0.000001790097030607285","0.000001790097030607285","0.000001790097030607285"
"834","0.0000017666683334027766","0.0000017666683334027766","0.0000017666683334027766"
"835","0.0000017408390249329386","0.0000017408390249329386","0.0000017408390249329386"
"836","0.000001728720576466003","0.000001728720576466003","0.000001728720576466003"
"837","0.000001699017389000801","0.000001699017389000801","0.000001699017389000801"
"838","0.0000016753028830862604","0.0000016753028830862604","0.0000016753028830862604"
"839","0.0000016490421330672689","0.0000016490421330672689","0.0000016490421330672689"
"840","0.0000016309037391692982","0.0000016309037391692982","0.0000016309037391692982"
"841","0.0000016125096635732916","0.0000016125096635732916","0.0000016125096635732916"
"842","0.0000015861528481764253","0.0000015861528481764253","0.0000015861528481764253"
"843","0.0000015619665418853401","0.0000015619665418853401","0.0000015619665418853401"
"844","0.0000015424130879182485","0.0000015424130879182485","0.0000015424130879182485"
"845","0.0000015252917364705354","0.0000015252917364705354","0.0000015252917364705354"
"846","0.000001513480242465448","0.000001513480242465448","0.000001513480242465448"
"847","0.0000014874758562655188","0.0000014874758562655188","0.0000014874758562655188"
"848","0.0000014679966398034594","0.0000014679966398034594","0.0000014679966398034594"
"849","0.0000014487627595372032","0.0000014487627595372032","0.0000014487627595372032"
"850","0.000001432109911547741","0.000001432109911547741","0.000001432109911547741"
"851","0.0000014161058743411559","0.0000014161058743411559","0.0000014161058743411559"
"852","0.0000013901326383347623","0.0000013901326383347623","0.0000013901326383347623"
"853","0.0000013711540987060289","0.0000013711540987060289","0.0000013711540987060289"
"854","0.0000013577018762589432","0.0000013577018762589432","0.0000013577018762589432"
"855","0.0000013397274187809671","0.0000013397274187809671","0.0000013397274187809671"
"856","0.000001322374146184302","0.000001322374146184302","0.000001322374146184302"
"857","0.0000013003544836465153","0.0000013003544836465153","0.0000013003544836465153"
"858","0.0000012847516472902498","0.0000012847516472902498","0.0000012847516472902498"
"859","0.0000012679636256507365","0.0000012679636256507365","0.0000012679636256507365"
"860","0.000001249088882104843","0.000001249088882104843","0.000001249088882104843"
"861","0.0000012365018164928188","0.0000012365018164928188","0.0000012365018164928188"
"862","0.0000012162753364464152","0.0000012162753364464152","0.0000012162753364464152"
"863","0.0000012030994867018308","0.0000012030994867018308","0.0000012030994867018308"
"864","0.00000118433138140972","0.00000118433138140972","0.00000118433138140972"
"865","0.0000011685649496939732","0.0000011685649496939732","0.0000011685649496939732"
"866","0.0000011550938552318257","0.0000011550938552318257","0.0000011550938552318257"
"867","0.0000011437214197940193","0.0000011437214197940193","0.0000011437214197940193"
"868","0.000001127980908677273","0.000001127980908677273","0.000001127980908677273"
"869","0.0000011094018645962933","0.0000011094018645962933","0.0000011094018645962933"
"870","0.0000010904981309067807","0.0000010904981309067807","0.0000010904981309067807"
"871","0.0000010749110970209586","0.0000010749110970209586","0.0000010749110970209586"
"872","0.0000010650776403053897","0.0000010650776403053897","0.0000010650776403053897"
"873","0.0000010477097021066584","0.0000010477097021066584","0.0000010477097021066584"
"874","0.0000010374511703048483","0.0000010374511703048483","0.0000010374511703048483"
"875","0.000001022194169308932","0.000001022194169308932","0.000001022194169308932"
"876","0.0000010050905530079035","0.0000010050905530079035","0.0000010050905530079035"
"877","9.88704414339736e-7","9.88704414339736e-7","9.88704414339736e-7"
"878","9.81264975052909e-7","9.81264975052909e-7","9.81264975052909e-7"
"879","9.710973927212763e-7","9.710973927212763e-7","9.710973927212763e-7"
"880","9.559878435538849e-7","9.559878435538849e-7","9.559878435538849e-7"
"881","9.473324666942062e-7","9.473324666942062e-7","9.473324666942062e-7"
"882","9.309886195296713e-7","9.309886195296713e-7","9.309886195296713e-7"
"883","9.196051564686059e-7","9.196051564686059e-7","9.196051564686059e-7"
"884","9.080474683287321e-7","9.080474683287321e-7","9.080474683287321e-7"
"885","8.954900181379344e-7","8.954900181379344e-7","8.954900181379344e-7"
"886","8.839809311211866e-7","8.839809311211866e-7","8.839809311211866e-7"
"887","8.753132192396151e-7","8.753132192396151e-7","8.753132192396151e-7"
"888","8.65777167291526e-7","8.65777167291526e-7","8.65777167291526e-7"
"889","8.529842716598068e-7","8.529842716598068e-7","8.529842716598068e-7"
"890","8.450822406302905e-7","8.450822406302905e-7","8.450822406302905e-7"
"891","8.339401915691269e-7","8.339401915691269e-7","8.339401915691269e-7"
"892","8.231849051298923e-7","8.231849051298923e-7","8.231849051298923e-7"
"893","8.149031600623857e-7","8.149031600623857e-7","8.149031600623857e-7"
"894","8.050269002524146e-7","8.050269002524146e-7","8.050269002524146e-7"
"895","7.931958521112392e-7","7.931958521112392e-7","7.931958521112392e-7"
"896","7.866361784181208e-7","7.866361784181208e-7","7.866361784181208e-7"
"897","7.727524575784628e-7","7.727524575784628e-7","7.727524575784628e-7"
"898","7.689666290389141e-7","7.689666290389141e-7","7.689666290389141e-7"
"899","7.586554033878201e-7","7.586554033878201e-7","7.586554033878201e-7"
"900","7.512403499276843e-7","7.512403499276843e-7","7.512403499276843e-7"
"901","7.390672180918045e-7","7.390672180918045e-7","7.390672180918045e-7"
"902","7.323897079913877e-7","7.323897079913877e-7","7.323897079913877e-7"
"903","7.235507837322075e-7","7.235507837322075e-7","7.235507837322075e-7"
"904","7.153944920901267e-7","7.153944920901267e-7","7.153944920901267e-7"
"905","7.07189201420988e-7","7.07189201420988e-7","7.07189201420988e-7"
"906","6.993795977905393e-7","6.993795977905393e-7","6.993795977905393e-7"
"907","6.905821123837086e-7","6.905821123837086e-7","6.905821123837086e-7"
"908","6.849130613773013e-7","6.849130613773013e-7","6.849130613773013e-7"
"909","6.764273052795033e-7","6.764273052795033e-7","6.764273052795033e-7"
"910","6.687687346129678e-7","6.687687346129678e-7","6.687687346129678e-7"
"911","6.606182409996109e-7","6.606182409996109e-7","6.606182409996109e-7"
"912","6.558203722306644e-7","6.558203722306644e-7","6.558203722306644e-7"
"913","6.476250291598262e-7","6.476250291598262e-7","6.476250291598262e-7"
"914","6.409516117855674e-7","6.409516117855674e-7","6.409516117855674e-7"
"915","6.326133075162943e-7","6.326133075162943e-7","6.326133075162943e-7"
"916","6.263493901315087e-7","6.263493901315087e-7","6.263493901315087e-7"
"917","6.17564978711016e-7","6.17564978711016e-7","6.17564978711016e-7"
"918","6.089049975344096e-7","6.089049975344096e-7","6.089049975344096e-7"
"919","6.025258585395932e-7","6.025258585395932e-7","6.025258585395932e-7"
"920","6.005555519550398e-7","6.005555519550398e-7","6.005555519550398e-7"
"921","5.907684794692614e-7","5.907684794692614e-7","5.907684794692614e-7"
"922","5.845688519912073e-7","5.845688519912073e-7","5.845688519912073e-7"
"923","5.806388685414277e-7","5.806388685414277e-7","5.806388685414277e-7"
"924","5.742536473007931e-7","5.742536473007931e-7","5.742536473007931e-7"
"925","5.692393756362435e-7","5.692393756362435e-7","5.692393756362435e-7"
"926","5.614500082629093e-7","5.614500082629093e-7","5.614500082629093e-7"
"927","5.570821599576448e-7","5.570821599576448e-7","5.570821599576448e-7"
"928","5.489437739925052e-7","5.489437739925052e-7","5.489437739925052e-7"
"929","5.453812264022417e-7","5.453812264022417e-7","5.453812264022417e-7"
"930","5.398679263635131e-7","5.398679263635131e-7","5.398679263635131e-7"
"931","5.339815061233821e-7","5.339815061233821e-7","5.339815061233821e-7"
"932","5.26047529092466e-7","5.26047529092466e-7","5.26047529092466e-7"
"933","5.190344154470949e-7","5.190344154470949e-7","5.190344154470949e-7"
"934","5.151372874934168e-7","5.151372874934168e-7","5.151372874934168e-7"
"935","5.102861564409977e-7","5.102861564409977e-7","5.102861564409977e-7"
"936","5.053803988630534e-7","5.053803988630534e-7","5.053803988630534e-7"
"937","5.016001409785531e-7","5.016001409785531e-7","5.016001409785531e-7"
"938","4.962139996678161e-7","4.962139996678161e-7","4.962139996678161e-7"
"939","4.930167278871522e-7","4.930167278871522e-7","4.930167278871522e-7"
"940","4.870876182394568e-7","4.870876182394568e-7","4.870876182394568e-7"
"941","4.826498525289935e-7","4.826498525289935e-7","4.826498525289935e-7"
"942","4.787848411069717e-7","4.787848411069717e-7","4.787848411069717e-7"
"943","4.7151172566373134e-7","4.7151172566373134e-7","4.7151172566373134e-7"
"944","4.683670056238043e-7","4.683670056238043e-7","4.683670056238043e-7"
"945","4.648371145776764e-7","4.648371145776764e-7","4.648371145776764e-7"
"946","4.5963713546370855e-7","4.5963713546370855e-7","4.5963713546370855e-7"
"947","4.5603209741784667e-7","4.5603209741784667e-7","4.5603209741784667e-7"
"948","4.509109885475482e-7","4.509109885475482e-7","4.509109885475482e-7"
"949","4.472462933335919e-7","4.472462933335919e-7","4.472462933335919e-7"
"950","4.430739863892086e-7","4.430739863892086e-7","4.430739863892086e-7"
"951","4.368680208699516e-7","4.368680208699516e-7","4.368680208699516e-7"
"952","4.3383775505390076e-7","4.3383775505390076e-7","4.3383775505390076e-7"
"953","4.2827724655580823e-7","4.2827724655580823e-7","4.2827724655580823e-7"
"954","4.268393922757241e-7","4.268393922757241e-7","4.268393922757241e-7"
"955","4.2326786342528067e-7","4.2326786342528067e-7","4.2326786342528067e-7"
"956","4.18901919374548e-7","4.18901919374548e-7","4.18901919374548e-7"
"957","4.12509336911171e-7","4.12509336911171e-7","4.12509336911171e-7"
"958","4.107669724362495e-7","4.107669724362495e-7","4.107669724362495e-7"
"959","4.0642262888468395e-7","4.0642262888468395e-7","4.0642262888468395e-7"
"960","4.013645593659021e-7","4.013645593659021e-7","4.013645593659021e-7"
"961","3.9819704511501186e-7","3.9819704511501186e-7","3.9819704511501186e-7"
"962","3.951153075831826e-7","3.951153075831826e-7","3.951153075831826e-7"
"963","3.9205013990795123e-7","3.9205013990795123e-7","3.9205013990795123e-7"
"964","3.905583412233682e-7","3.905583412233682e-7","3.905583412233682e-7"
"965","3.86580779832002e-7","3.86580779832002e-7","3.86580779832002e-7"
"966","3.84852512524958e-7","3.84852512524958e-7","3.84852512524958e-7"
"967","3.8070513141974516e-7","3.8070513141974516e-7","3.8070513141974516e-7"
"968","3.767916325614351e-7","3.767916325614351e-7","3.767916325614351e-7"
"969","3.7626602988893865e-7","3.7626602988893865e-7","3.7626602988893865e-7"
"970","3.7092334537192073e-7","3.7092334537192073e-7","3.7092334537192073e-7"
"971","3.686843967898312e-7","3.686843967898312e-7","3.686843967898312e-7"
"972","3.6655103485827567e-7","3.6655103485827567e-7","3.6655103485827567e-7"
"973","3.6385404200700577e-7","3.6385404200700577e-7","3.6385404200700577e-7"
"974","3.612841226185992e-7","3.612841226185992e-7","3.612841226185992e-7"
"975","3.5731827097151836e-7","3.5731827097151836e-7","3.5731827097151836e-7"
"976","3.5374478102312423e-7","3.5374478102312423e-7","3.5374478102312423e-7"
"977","3.5104687867715256e-7","3.5104687867715256e-7","3.5104687867715256e-7"
"978","3.499973217913066e-7","3.499973217913066e-7","3.499973217913066e-7"
"979","3.462481288352137e-7","3.462481288352137e-7","3.462481288352137e-7"
"980","3.4600023468556174e-7","3.4600023468556174e-7","3.4600023468556174e-7"
"981","3.431242703300086e-7","3.431242703300086e-7","3.431242703300086e-7"
"982","3.384816125162615e-7","3.384816125162615e-7","3.384816125162615e-7"
"983","3.353160025199031e-7","3.353160025199031e-7","3.353160025199031e-7"
"984","3.328079287712171e-7","3.328079287712171e-7","3.328079287712171e-7"
"985","3.310389047328499e-7","3.310389047328499e-7","3.310389047328499e-7"
"986","3.2909679248405155e-7","3.2909679248405155e-7","3.2909679248405155e-7"
"987","3.270584159054124e-7","3.270584159054124e-7","3.270584159054124e-7"
"988","3.262343000187684e-7","3.262343000187684e-7","3.262343000187684e-7"
"989","3.239366321849957e-7","3.239366321849957e-7","3.239366321849957e-7"
"990","3.198167064510926e-7","3.198167064510926e-7","3.198167064510926e-7"
"991","3.189194615060842e-7","3.189194615060842e-7","3.189194615060842e-7"
"992","3.135135386855836e-7","3.135135386855836e-7","3.135135386855836e-7"
"993","3.1141203749029955e-7","3.1141203749029955e-7","3.1141203749029955e-7"
"994","3.119761231573648e-7","3.119761231573648e-7","3.119761231573648e-7"
"995","3.1083777685125824e-7","3.1083777685125824e-7","3.1083777685125824e-7"
"996","3.106085273429926e-7","3.106085273429926e-7","3.106085273429926e-7"
"997","3.057668891415233e-7","3.057668891415233e-7","3.057668891415233e-7"
"998","3.050571990570461e-7","3.050571990570461e-7","3.050571990570461e-7"
"999","3.00566881605846e-7","3.00566881605846e-7","3.00566881605846e-7"
"1000","2.984502884828544e-7","2.984502884828544e-7","2.984502884828544e-7"