"Step","Eswimmer_Mnull_DS1000_W0.009_lr0.01 - validation.prediction_error","Eswimmer_Mnull_DS1000_W0.009_lr0.01 - validation.prediction_error__MIN","Eswimmer_Mnull_DS1000_W0.009_lr0.01 - validation.prediction_error__MAX"
"0","1.4226216077804565","1.4226216077804565","1.4226216077804565"
"1","0.4925260543823242","0.4925260543823242","0.4925260543823242"
"2","0.4385616183280945","0.4385616183280945","0.4385616183280945"
"3","0.3836084008216858","0.3836084008216858","0.3836084008216858"
"4","0.33437851071357727","0.33437851071357727","0.33437851071357727"
"5","0.293517529964447","0.293517529964447","0.293517529964447"
"6","0.26319196820259094","0.26319196820259094","0.26319196820259094"
"7","0.24098548293113708","0.24098548293113708","0.24098548293113708"
"8","0.2249794751405716","0.2249794751405716","0.2249794751405716"
"9","0.2135034203529358","0.2135034203529358","0.2135034203529358"
"10","0.2048814743757248","0.2048814743757248","0.2048814743757248"
"11","0.19806943833827972","0.19806943833827972","0.19806943833827972"
"12","0.19205139577388763","0.19205139577388763","0.19205139577388763"
"13","0.1878957897424698","0.1878957897424698","0.1878957897424698"
"14","0.18412673473358154","0.18412673473358154","0.18412673473358154"
"15","0.1818254441022873","0.1818254441022873","0.1818254441022873"
"16","0.17981398105621338","0.17981398105621338","0.17981398105621338"
"17","0.17807359993457794","0.17807359993457794","0.17807359993457794"
"18","0.17648302018642426","0.17648302018642426","0.17648302018642426"
"19","0.17540234327316284","0.17540234327316284","0.17540234327316284"
"20","0.17405375838279724","0.17405375838279724","0.17405375838279724"
"21","0.17310388386249542","0.17310388386249542","0.17310388386249542"
"22","0.17133775353431702","0.17133775353431702","0.17133775353431702"
"23","0.1706225723028183","0.1706225723028183","0.1706225723028183"
"24","0.16996806859970093","0.16996806859970093","0.16996806859970093"
"25","0.16935023665428162","0.16935023665428162","0.16935023665428162"
"26","0.16824708878993988","0.16824708878993988","0.16824708878993988"
"27","0.1678043007850647","0.1678043007850647","0.1678043007850647"
"28","0.1674058735370636","0.1674058735370636","0.1674058735370636"
"29","0.16666418313980103","0.16666418313980103","0.16666418313980103"
"30","0.16641001403331757","0.16641001403331757","0.16641001403331757"
"31","0.16648395359516144","0.16648395359516144","0.16648395359516144"
"32","0.16563257575035095","0.16563257575035095","0.16563257575035095"
"33","0.1652158796787262","0.1652158796787262","0.1652158796787262"
"34","0.16494451463222504","0.16494451463222504","0.16494451463222504"
"35","0.1647631675004959","0.1647631675004959","0.1647631675004959"
"36","0.16460086405277252","0.16460086405277252","0.16460086405277252"
"37","0.1643640398979187","0.1643640398979187","0.1643640398979187"
"38","0.16424360871315002","0.16424360871315002","0.16424360871315002"
"39","0.1643027812242508","0.1643027812242508","0.1643027812242508"
"40","0.1638903170824051","0.1638903170824051","0.1638903170824051"
"41","0.1637752503156662","0.1637752503156662","0.1637752503156662"
"42","0.1634267419576645","0.1634267419576645","0.1634267419576645"
"43","0.16350562870502472","0.16350562870502472","0.16350562870502472"
"44","0.16358764469623566","0.16358764469623566","0.16358764469623566"
"45","0.16290533542633057","0.16290533542633057","0.16290533542633057"
"46","0.16310587525367737","0.16310587525367737","0.16310587525367737"
"47","0.1626422256231308","0.1626422256231308","0.1626422256231308"
"48","0.16243904829025269","0.16243904829025269","0.16243904829025269"
"49","0.1620713770389557","0.1620713770389557","0.1620713770389557"
"50","0.16186842322349548","0.16186842322349548","0.16186842322349548"
"51","0.1615162044763565","0.1615162044763565","0.1615162044763565"
"52","0.16162386536598206","0.16162386536598206","0.16162386536598206"
"53","0.16128629446029663","0.16128629446029663","0.16128629446029663"
"54","0.16108287870883942","0.16108287870883942","0.16108287870883942"
"55","0.1612596958875656","0.1612596958875656","0.1612596958875656"
"56","0.16095830500125885","0.16095830500125885","0.16095830500125885"
"57","0.1606791913509369","0.1606791913509369","0.1606791913509369"
"58","0.16097642481327057","0.16097642481327057","0.16097642481327057"
"59","0.16024406254291534","0.16024406254291534","0.16024406254291534"
"60","0.16022232174873352","0.16022232174873352","0.16022232174873352"
"61","0.16022558510303497","0.16022558510303497","0.16022558510303497"
"62","0.16026778519153595","0.16026778519153595","0.16026778519153595"
"63","0.16022811830043793","0.16022811830043793","0.16022811830043793"
"64","0.15992921590805054","0.15992921590805054","0.15992921590805054"
"65","0.1601431667804718","0.1601431667804718","0.1601431667804718"
"66","0.15980534255504608","0.15980534255504608","0.15980534255504608"
"67","0.15974093973636627","0.15974093973636627","0.15974093973636627"
"68","0.1597220003604889","0.1597220003604889","0.1597220003604889"
"69","0.1596044898033142","0.1596044898033142","0.1596044898033142"
"70","0.15976975858211517","0.15976975858211517","0.15976975858211517"
"71","0.15944327414035797","0.15944327414035797","0.15944327414035797"
"72","0.15968628227710724","0.15968628227710724","0.15968628227710724"
"73","0.1594880223274231","0.1594880223274231","0.1594880223274231"
"74","0.15983720123767853","0.15983720123767853","0.15983720123767853"
"75","0.15948420763015747","0.15948420763015747","0.15948420763015747"
"76","0.15947680175304413","0.15947680175304413","0.15947680175304413"
"77","0.1597118228673935","0.1597118228673935","0.1597118228673935"
"78","0.15962189435958862","0.15962189435958862","0.15962189435958862"
"79","0.15983495116233826","0.15983495116233826","0.15983495116233826"
"80","0.1598275899887085","0.1598275899887085","0.1598275899887085"
"81","0.15974758565425873","0.15974758565425873","0.15974758565425873"
"82","0.15954053401947021","0.15954053401947021","0.15954053401947021"
"83","0.15977293252944946","0.15977293252944946","0.15977293252944946"
"84","0.15980662405490875","0.15980662405490875","0.15980662405490875"
"85","0.16001884639263153","0.16001884639263153","0.16001884639263153"
"86","0.15978577733039856","0.15978577733039856","0.15978577733039856"
"87","0.15995284914970398","0.15995284914970398","0.15995284914970398"
"88","0.16004009544849396","0.16004009544849396","0.16004009544849396"
"89","0.1600901037454605","0.1600901037454605","0.1600901037454605"
"90","0.1600678563117981","0.1600678563117981","0.1600678563117981"
"91","0.16017279028892517","0.16017279028892517","0.16017279028892517"
"92","0.16023479402065277","0.16023479402065277","0.16023479402065277"
"93","0.1604137420654297","0.1604137420654297","0.1604137420654297"
"94","0.16020148992538452","0.16020148992538452","0.16020148992538452"
"95","0.16076934337615967","0.16076934337615967","0.16076934337615967"
"96","0.16049771010875702","0.16049771010875702","0.16049771010875702"
"97","0.16060632467269897","0.16060632467269897","0.16060632467269897"
"98","0.16057032346725464","0.16057032346725464","0.16057032346725464"
"99","0.16062618792057037","0.16062618792057037","0.16062618792057037"
"100","0.16077281534671783","0.16077281534671783","0.16077281534671783"
"101","0.16063304245471954","0.16063304245471954","0.16063304245471954"
"102","0.16109533607959747","0.16109533607959747","0.16109533607959747"
"103","0.16123901307582855","0.16123901307582855","0.16123901307582855"
"104","0.16111937165260315","0.16111937165260315","0.16111937165260315"
"105","0.1614035665988922","0.1614035665988922","0.1614035665988922"
"106","0.16138021647930145","0.16138021647930145","0.16138021647930145"
"107","0.1616756021976471","0.1616756021976471","0.1616756021976471"
"108","0.16152849793434143","0.16152849793434143","0.16152849793434143"
"109","0.1617080271244049","0.1617080271244049","0.1617080271244049"
"110","0.16172979772090912","0.16172979772090912","0.16172979772090912"
"111","0.16175240278244019","0.16175240278244019","0.16175240278244019"
"112","0.16191338002681732","0.16191338002681732","0.16191338002681732"
"113","0.16185326874256134","0.16185326874256134","0.16185326874256134"
"114","0.1620239019393921","0.1620239019393921","0.1620239019393921"
"115","0.1621798276901245","0.1621798276901245","0.1621798276901245"
"116","0.1623324453830719","0.1623324453830719","0.1623324453830719"
"117","0.16239792108535767","0.16239792108535767","0.16239792108535767"
"118","0.16257229447364807","0.16257229447364807","0.16257229447364807"
"119","0.1626061201095581","0.1626061201095581","0.1626061201095581"
"120","0.16264547407627106","0.16264547407627106","0.16264547407627106"
"121","0.16272445023059845","0.16272445023059845","0.16272445023059845"
"122","0.16301877796649933","0.16301877796649933","0.16301877796649933"
"123","0.1629752218723297","0.1629752218723297","0.1629752218723297"
"124","0.1631539911031723","0.1631539911031723","0.1631539911031723"
"125","0.1634015589952469","0.1634015589952469","0.1634015589952469"
"126","0.16345486044883728","0.16345486044883728","0.16345486044883728"
"127","0.16339878737926483","0.16339878737926483","0.16339878737926483"
"128","0.16368559002876282","0.16368559002876282","0.16368559002876282"
"129","0.16367223858833313","0.16367223858833313","0.16367223858833313"
"130","0.16389116644859314","0.16389116644859314","0.16389116644859314"
"131","0.1638830006122589","0.1638830006122589","0.1638830006122589"
"132","0.16397109627723694","0.16397109627723694","0.16397109627723694"
"133","0.16409467160701752","0.16409467160701752","0.16409467160701752"
"134","0.1641828566789627","0.1641828566789627","0.1641828566789627"
"135","0.16431455314159393","0.16431455314159393","0.16431455314159393"
"136","0.1643865555524826","0.1643865555524826","0.1643865555524826"
"137","0.16465404629707336","0.16465404629707336","0.16465404629707336"
"138","0.1646110713481903","0.1646110713481903","0.1646110713481903"
"139","0.16452835500240326","0.16452835500240326","0.16452835500240326"
"140","0.1645526885986328","0.1645526885986328","0.1645526885986328"
"141","0.16463908553123474","0.16463908553123474","0.16463908553123474"
"142","0.16463959217071533","0.16463959217071533","0.16463959217071533"
"143","0.1648896336555481","0.1648896336555481","0.1648896336555481"
"144","0.16489088535308838","0.16489088535308838","0.16489088535308838"
"145","0.16490866243839264","0.16490866243839264","0.16490866243839264"
"146","0.16492410004138947","0.16492410004138947","0.16492410004138947"
"147","0.1652335375547409","0.1652335375547409","0.1652335375547409"
"148","0.16523465514183044","0.16523465514183044","0.16523465514183044"
"149","0.16525594890117645","0.16525594890117645","0.16525594890117645"
"150","0.16536331176757812","0.16536331176757812","0.16536331176757812"
"151","0.16538135707378387","0.16538135707378387","0.16538135707378387"
"152","0.16552065312862396","0.16552065312862396","0.16552065312862396"
"153","0.16556638479232788","0.16556638479232788","0.16556638479232788"
"154","0.16562767326831818","0.16562767326831818","0.16562767326831818"
"155","0.16556772589683533","0.16556772589683533","0.16556772589683533"
"156","0.16566400229930878","0.16566400229930878","0.16566400229930878"
"157","0.16591519117355347","0.16591519117355347","0.16591519117355347"
"158","0.16577500104904175","0.16577500104904175","0.16577500104904175"
"159","0.16576948761940002","0.16576948761940002","0.16576948761940002"
"160","0.1656360626220703","0.1656360626220703","0.1656360626220703"
"161","0.16583530604839325","0.16583530604839325","0.16583530604839325"
"162","0.1660391241312027","0.1660391241312027","0.1660391241312027"
"163","0.16600656509399414","0.16600656509399414","0.16600656509399414"
"164","0.16605588793754578","0.16605588793754578","0.16605588793754578"
"165","0.16626030206680298","0.16626030206680298","0.16626030206680298"
"166","0.16600194573402405","0.16600194573402405","0.16600194573402405"
"167","0.16603320837020874","0.16603320837020874","0.16603320837020874"
"168","0.16632895171642303","0.16632895171642303","0.16632895171642303"
"169","0.1663091629743576","0.1663091629743576","0.1663091629743576"
"170","0.16628266870975494","0.16628266870975494","0.16628266870975494"
"171","0.16631585359573364","0.16631585359573364","0.16631585359573364"
"172","0.16639626026153564","0.16639626026153564","0.16639626026153564"
"173","0.16642610728740692","0.16642610728740692","0.16642610728740692"
"174","0.16633032262325287","0.16633032262325287","0.16633032262325287"
"175","0.1665136218070984","0.1665136218070984","0.1665136218070984"
"176","0.16639643907546997","0.16639643907546997","0.16639643907546997"
"177","0.16654254496097565","0.16654254496097565","0.16654254496097565"
"178","0.16649730503559113","0.16649730503559113","0.16649730503559113"
"179","0.16661003232002258","0.16661003232002258","0.16661003232002258"
"180","0.16660074889659882","0.16660074889659882","0.16660074889659882"
"181","0.1667564958333969","0.1667564958333969","0.1667564958333969"
"182","0.16658149659633636","0.16658149659633636","0.16658149659633636"
"183","0.16650234162807465","0.16650234162807465","0.16650234162807465"
"184","0.16679008305072784","0.16679008305072784","0.16679008305072784"
"185","0.16665974259376526","0.16665974259376526","0.16665974259376526"
"186","0.1667214184999466","0.1667214184999466","0.1667214184999466"
"187","0.1667339950799942","0.1667339950799942","0.1667339950799942"
"188","0.1667402982711792","0.1667402982711792","0.1667402982711792"
"189","0.16686008870601654","0.16686008870601654","0.16686008870601654"
"190","0.1669343113899231","0.1669343113899231","0.1669343113899231"
"191","0.16698434948921204","0.16698434948921204","0.16698434948921204"
"192","0.1668216735124588","0.1668216735124588","0.1668216735124588"
"193","0.16682225465774536","0.16682225465774536","0.16682225465774536"
"194","0.16711479425430298","0.16711479425430298","0.16711479425430298"
"195","0.166950523853302","0.166950523853302","0.166950523853302"
"196","0.16705459356307983","0.16705459356307983","0.16705459356307983"
"197","0.16710425913333893","0.16710425913333893","0.16710425913333893"
"198","0.16720111668109894","0.16720111668109894","0.16720111668109894"
"199","0.1673690229654312","0.1673690229654312","0.1673690229654312"
"200","0.1673887073993683","0.1673887073993683","0.1673887073993683"
"201","0.16738565266132355","0.16738565266132355","0.16738565266132355"
"202","0.16732481122016907","0.16732481122016907","0.16732481122016907"
"203","0.16728664934635162","0.16728664934635162","0.16728664934635162"
"204","0.1674286276102066","0.1674286276102066","0.1674286276102066"
"205","0.16750755906105042","0.16750755906105042","0.16750755906105042"
"206","0.16739389300346375","0.16739389300346375","0.16739389300346375"
"207","0.1673768162727356","0.1673768162727356","0.1673768162727356"
"208","0.16743361949920654","0.16743361949920654","0.16743361949920654"
"209","0.16753631830215454","0.16753631830215454","0.16753631830215454"
"210","0.16739164292812347","0.16739164292812347","0.16739164292812347"
"211","0.1675533652305603","0.1675533652305603","0.1675533652305603"
"212","0.16773320734500885","0.16773320734500885","0.16773320734500885"
"213","0.16745834052562714","0.16745834052562714","0.16745834052562714"
"214","0.16771022975444794","0.16771022975444794","0.16771022975444794"
"215","0.1675974428653717","0.1675974428653717","0.1675974428653717"
"216","0.16766422986984253","0.16766422986984253","0.16766422986984253"
"217","0.16777625679969788","0.16777625679969788","0.16777625679969788"
"218","0.16788607835769653","0.16788607835769653","0.16788607835769653"
"219","0.1679563969373703","0.1679563969373703","0.1679563969373703"
"220","0.16783428192138672","0.16783428192138672","0.16783428192138672"
"221","0.1678457260131836","0.1678457260131836","0.1678457260131836"
"222","0.16791664063930511","0.16791664063930511","0.16791664063930511"
"223","0.16801002621650696","0.16801002621650696","0.16801002621650696"
"224","0.1680620163679123","0.1680620163679123","0.1680620163679123"
"225","0.1679624617099762","0.1679624617099762","0.1679624617099762"
"226","0.16819660365581512","0.16819660365581512","0.16819660365581512"
"227","0.16804879903793335","0.16804879903793335","0.16804879903793335"
"228","0.16829614341259003","0.16829614341259003","0.16829614341259003"
"229","0.16827870905399323","0.16827870905399323","0.16827870905399323"
"230","0.16822631657123566","0.16822631657123566","0.16822631657123566"
"231","0.16826117038726807","0.16826117038726807","0.16826117038726807"
"232","0.16831159591674805","0.16831159591674805","0.16831159591674805"
"233","0.1683579832315445","0.1683579832315445","0.1683579832315445"
"234","0.16837862133979797","0.16837862133979797","0.16837862133979797"
"235","0.16838310658931732","0.16838310658931732","0.16838310658931732"
"236","0.16851404309272766","0.16851404309272766","0.16851404309272766"
"237","0.16838930547237396","0.16838930547237396","0.16838930547237396"
"238","0.16842880845069885","0.16842880845069885","0.16842880845069885"
"239","0.16854606568813324","0.16854606568813324","0.16854606568813324"
"240","0.16846255958080292","0.16846255958080292","0.16846255958080292"
"241","0.16848386824131012","0.16848386824131012","0.16848386824131012"
"242","0.16869449615478516","0.16869449615478516","0.16869449615478516"
"243","0.16863393783569336","0.16863393783569336","0.16863393783569336"
"244","0.16869530081748962","0.16869530081748962","0.16869530081748962"
"245","0.168772354722023","0.168772354722023","0.168772354722023"
"246","0.1686083823442459","0.1686083823442459","0.1686083823442459"
"247","0.16893693804740906","0.16893693804740906","0.16893693804740906"
"248","0.1687995344400406","0.1687995344400406","0.1687995344400406"
"249","0.16887453198432922","0.16887453198432922","0.16887453198432922"
"250","0.16902603209018707","0.16902603209018707","0.16902603209018707"
"251","0.16879300773143768","0.16879300773143768","0.16879300773143768"
"252","0.16883616149425507","0.16883616149425507","0.16883616149425507"
"253","0.16901759803295135","0.16901759803295135","0.16901759803295135"
"254","0.1689460426568985","0.1689460426568985","0.1689460426568985"
"255","0.16906742751598358","0.16906742751598358","0.16906742751598358"
"256","0.1690494418144226","0.1690494418144226","0.1690494418144226"
"257","0.16908960044384003","0.16908960044384003","0.16908960044384003"
"258","0.16913089156150818","0.16913089156150818","0.16913089156150818"
"259","0.1691579967737198","0.1691579967737198","0.1691579967737198"
"260","0.16911724209785461","0.16911724209785461","0.16911724209785461"
"261","0.1692115068435669","0.1692115068435669","0.1692115068435669"
"262","0.16918310523033142","0.16918310523033142","0.16918310523033142"
"263","0.16930805146694183","0.16930805146694183","0.16930805146694183"
"264","0.16928981244564056","0.16928981244564056","0.16928981244564056"
"265","0.16934233903884888","0.16934233903884888","0.16934233903884888"
"266","0.1693146675825119","0.1693146675825119","0.1693146675825119"
"267","0.16935530304908752","0.16935530304908752","0.16935530304908752"
"268","0.16949884593486786","0.16949884593486786","0.16949884593486786"
"269","0.16944362223148346","0.16944362223148346","0.16944362223148346"
"270","0.16945591568946838","0.16945591568946838","0.16945591568946838"
"271","0.1695265918970108","0.1695265918970108","0.1695265918970108"
"272","0.16954761743545532","0.16954761743545532","0.16954761743545532"
"273","0.1695365160703659","0.1695365160703659","0.1695365160703659"
"274","0.16959978640079498","0.16959978640079498","0.16959978640079498"
"275","0.1695852279663086","0.1695852279663086","0.1695852279663086"
"276","0.1696256697177887","0.1696256697177887","0.1696256697177887"
"277","0.16963979601860046","0.16963979601860046","0.16963979601860046"
"278","0.16975337266921997","0.16975337266921997","0.16975337266921997"
"279","0.16954028606414795","0.16954028606414795","0.16954028606414795"
"280","0.1697702556848526","0.1697702556848526","0.1697702556848526"
"281","0.16966433823108673","0.16966433823108673","0.16966433823108673"
"282","0.16974155604839325","0.16974155604839325","0.16974155604839325"
"283","0.16984055936336517","0.16984055936336517","0.16984055936336517"
"284","0.16981588304042816","0.16981588304042816","0.16981588304042816"
"285","0.16985370218753815","0.16985370218753815","0.16985370218753815"
"286","0.1698673963546753","0.1698673963546753","0.1698673963546753"
"287","0.16990210115909576","0.16990210115909576","0.16990210115909576"
"288","0.16998647153377533","0.16998647153377533","0.16998647153377533"
"289","0.17000102996826172","0.17000102996826172","0.17000102996826172"
"290","0.16988550126552582","0.16988550126552582","0.16988550126552582"
"291","0.16991950571537018","0.16991950571537018","0.16991950571537018"
"292","0.16992975771427155","0.16992975771427155","0.16992975771427155"
"293","0.17009387910366058","0.17009387910366058","0.17009387910366058"
"294","0.1699443757534027","0.1699443757534027","0.1699443757534027"
"295","0.17008104920387268","0.17008104920387268","0.17008104920387268"
"296","0.17004689574241638","0.17004689574241638","0.17004689574241638"
"297","0.1701364368200302","0.1701364368200302","0.1701364368200302"
"298","0.1700114607810974","0.1700114607810974","0.1700114607810974"
"299","0.17016662657260895","0.17016662657260895","0.17016662657260895"
"300","0.1701986938714981","0.1701986938714981","0.1701986938714981"
"301","0.17031292617321014","0.17031292617321014","0.17031292617321014"
"302","0.17029620707035065","0.17029620707035065","0.17029620707035065"
"303","0.1702878773212433","0.1702878773212433","0.1702878773212433"
"304","0.17031900584697723","0.17031900584697723","0.17031900584697723"
"305","0.17035286128520966","0.17035286128520966","0.17035286128520966"
"306","0.17031915485858917","0.17031915485858917","0.17031915485858917"
"307","0.17029039561748505","0.17029039561748505","0.17029039561748505"
"308","0.17047849297523499","0.17047849297523499","0.17047849297523499"
"309","0.17046810686588287","0.17046810686588287","0.17046810686588287"
"310","0.17040424048900604","0.17040424048900604","0.17040424048900604"
"311","0.17039966583251953","0.17039966583251953","0.17039966583251953"
"312","0.17050322890281677","0.17050322890281677","0.17050322890281677"
"313","0.17047227919101715","0.17047227919101715","0.17047227919101715"
"314","0.17052105069160461","0.17052105069160461","0.17052105069160461"
"315","0.17060397565364838","0.17060397565364838","0.17060397565364838"
"316","0.1705855131149292","0.1705855131149292","0.1705855131149292"
"317","0.17053626477718353","0.17053626477718353","0.17053626477718353"
"318","0.17050227522850037","0.17050227522850037","0.17050227522850037"
"319","0.17051838338375092","0.17051838338375092","0.17051838338375092"
"320","0.17058828473091125","0.17058828473091125","0.17058828473091125"
"321","0.17055363953113556","0.17055363953113556","0.17055363953113556"
"322","0.17065931856632233","0.17065931856632233","0.17065931856632233"
"323","0.17055469751358032","0.17055469751358032","0.17055469751358032"
"324","0.17060640454292297","0.17060640454292297","0.17060640454292297"
"325","0.1705906093120575","0.1705906093120575","0.1705906093120575"
"326","0.1705905795097351","0.1705905795097351","0.1705905795097351"
"327","0.17056526243686676","0.17056526243686676","0.17056526243686676"
"328","0.1706485152244568","0.1706485152244568","0.1706485152244568"
"329","0.17066848278045654","0.17066848278045654","0.17066848278045654"
"330","0.17066988348960876","0.17066988348960876","0.17066988348960876"
"331","0.17085298895835876","0.17085298895835876","0.17085298895835876"
"332","0.17070797085762024","0.17070797085762024","0.17070797085762024"
"333","0.17064505815505981","0.17064505815505981","0.17064505815505981"
"334","0.17079685628414154","0.17079685628414154","0.17079685628414154"
"335","0.17090481519699097","0.17090481519699097","0.17090481519699097"
"336","0.17085318267345428","0.17085318267345428","0.17085318267345428"
"337","0.17091350257396698","0.17091350257396698","0.17091350257396698"
"338","0.1708070933818817","0.1708070933818817","0.1708070933818817"
"339","0.1708676964044571","0.1708676964044571","0.1708676964044571"
"340","0.17086681723594666","0.17086681723594666","0.17086681723594666"
"341","0.17086881399154663","0.17086881399154663","0.17086881399154663"
"342","0.170974001288414","0.170974001288414","0.170974001288414"
"343","0.17102457582950592","0.17102457582950592","0.17102457582950592"
"344","0.17100170254707336","0.17100170254707336","0.17100170254707336"
"345","0.170989990234375","0.170989990234375","0.170989990234375"
"346","0.1709538698196411","0.1709538698196411","0.1709538698196411"
"347","0.17107753455638885","0.17107753455638885","0.17107753455638885"
"348","0.17098425328731537","0.17098425328731537","0.17098425328731537"
"349","0.17113620042800903","0.17113620042800903","0.17113620042800903"
"350","0.17107859253883362","0.17107859253883362","0.17107859253883362"
"351","0.17118145525455475","0.17118145525455475","0.17118145525455475"
"352","0.17122173309326172","0.17122173309326172","0.17122173309326172"
"353","0.17122747004032135","0.17122747004032135","0.17122747004032135"
"354","0.17107799649238586","0.17107799649238586","0.17107799649238586"
"355","0.17123860120773315","0.17123860120773315","0.17123860120773315"
"356","0.17125652730464935","0.17125652730464935","0.17125652730464935"
"357","0.17132827639579773","0.17132827639579773","0.17132827639579773"
"358","0.17121681571006775","0.17121681571006775","0.17121681571006775"
"359","0.17125338315963745","0.17125338315963745","0.17125338315963745"
"360","0.17127184569835663","0.17127184569835663","0.17127184569835663"
"361","0.17121770977973938","0.17121770977973938","0.17121770977973938"
"362","0.1713540405035019","0.1713540405035019","0.1713540405035019"
"363","0.1712464839220047","0.1712464839220047","0.1712464839220047"
"364","0.1713113635778427","0.1713113635778427","0.1713113635778427"
"365","0.17127825319766998","0.17127825319766998","0.17127825319766998"
"366","0.17141015827655792","0.17141015827655792","0.17141015827655792"
"367","0.1713433712720871","0.1713433712720871","0.1713433712720871"
"368","0.17132608592510223","0.17132608592510223","0.17132608592510223"
"369","0.17139245569705963","0.17139245569705963","0.17139245569705963"
"370","0.17134055495262146","0.17134055495262146","0.17134055495262146"
"371","0.17125549912452698","0.17125549912452698","0.17125549912452698"
"372","0.1712987720966339","0.1712987720966339","0.1712987720966339"
"373","0.17129920423030853","0.17129920423030853","0.17129920423030853"
"374","0.17132440209388733","0.17132440209388733","0.17132440209388733"
"375","0.17137077450752258","0.17137077450752258","0.17137077450752258"
"376","0.17130379378795624","0.17130379378795624","0.17130379378795624"
"377","0.17135170102119446","0.17135170102119446","0.17135170102119446"
"378","0.1713780164718628","0.1713780164718628","0.1713780164718628"
"379","0.1713467389345169","0.1713467389345169","0.1713467389345169"
"380","0.17141513526439667","0.17141513526439667","0.17141513526439667"
"381","0.1712646484375","0.1712646484375","0.1712646484375"
"382","0.1714705228805542","0.1714705228805542","0.1714705228805542"
"383","0.17149698734283447","0.17149698734283447","0.17149698734283447"
"384","0.17147989571094513","0.17147989571094513","0.17147989571094513"
"385","0.17142564058303833","0.17142564058303833","0.17142564058303833"
"386","0.1716480404138565","0.1716480404138565","0.1716480404138565"
"387","0.17143213748931885","0.17143213748931885","0.17143213748931885"
"388","0.17147964239120483","0.17147964239120483","0.17147964239120483"
"389","0.17140252888202667","0.17140252888202667","0.17140252888202667"
"390","0.1714540272951126","0.1714540272951126","0.1714540272951126"
"391","0.17145240306854248","0.17145240306854248","0.17145240306854248"
"392","0.17147791385650635","0.17147791385650635","0.17147791385650635"
"393","0.1714933216571808","0.1714933216571808","0.1714933216571808"
"394","0.17145825922489166","0.17145825922489166","0.17145825922489166"
"395","0.17138521373271942","0.17138521373271942","0.17138521373271942"
"396","0.17145904898643494","0.17145904898643494","0.17145904898643494"
"397","0.17154182493686676","0.17154182493686676","0.17154182493686676"
"398","0.17139585316181183","0.17139585316181183","0.17139585316181183"
"399","0.1715136468410492","0.1715136468410492","0.1715136468410492"
"400","0.1716022491455078","0.1716022491455078","0.1716022491455078"
"401","0.17143873870372772","0.17143873870372772","0.17143873870372772"
"402","0.17156241834163666","0.17156241834163666","0.17156241834163666"
"403","0.17161191999912262","0.17161191999912262","0.17161191999912262"
"404","0.17153623700141907","0.17153623700141907","0.17153623700141907"
"405","0.17163310945034027","0.17163310945034027","0.17163310945034027"
"406","0.17168766260147095","0.17168766260147095","0.17168766260147095"
"407","0.17149671912193298","0.17149671912193298","0.17149671912193298"
"408","0.1716330498456955","0.1716330498456955","0.1716330498456955"
"409","0.1716322898864746","0.1716322898864746","0.1716322898864746"
"410","0.1716810017824173","0.1716810017824173","0.1716810017824173"
"411","0.17163710296154022","0.17163710296154022","0.17163710296154022"
"412","0.17165672779083252","0.17165672779083252","0.17165672779083252"
"413","0.17172539234161377","0.17172539234161377","0.17172539234161377"
"414","0.17164377868175507","0.17164377868175507","0.17164377868175507"
"415","0.1715170294046402","0.1715170294046402","0.1715170294046402"
"416","0.17171254754066467","0.17171254754066467","0.17171254754066467"
"417","0.17164897918701172","0.17164897918701172","0.17164897918701172"
"418","0.17180250585079193","0.17180250585079193","0.17180250585079193"
"419","0.17171955108642578","0.17171955108642578","0.17171955108642578"
"420","0.17163850367069244","0.17163850367069244","0.17163850367069244"
"421","0.17179714143276215","0.17179714143276215","0.17179714143276215"
"422","0.1717977672815323","0.1717977672815323","0.1717977672815323"
"423","0.17189572751522064","0.17189572751522064","0.17189572751522064"
"424","0.17178678512573242","0.17178678512573242","0.17178678512573242"
"425","0.1718563586473465","0.1718563586473465","0.1718563586473465"
"426","0.17182648181915283","0.17182648181915283","0.17182648181915283"
"427","0.1718152016401291","0.1718152016401291","0.1718152016401291"
"428","0.17191730439662933","0.17191730439662933","0.17191730439662933"
"429","0.171875461935997","0.171875461935997","0.171875461935997"
"430","0.1718892604112625","0.1718892604112625","0.1718892604112625"
"431","0.17187853157520294","0.17187853157520294","0.17187853157520294"
"432","0.17183516919612885","0.17183516919612885","0.17183516919612885"
"433","0.17205530405044556","0.17205530405044556","0.17205530405044556"
"434","0.17194439470767975","0.17194439470767975","0.17194439470767975"
"435","0.1719471514225006","0.1719471514225006","0.1719471514225006"
"436","0.17196494340896606","0.17196494340896606","0.17196494340896606"
"437","0.17196565866470337","0.17196565866470337","0.17196565866470337"
"438","0.17206785082817078","0.17206785082817078","0.17206785082817078"
"439","0.17207103967666626","0.17207103967666626","0.17207103967666626"
"440","0.1720924824476242","0.1720924824476242","0.1720924824476242"
"441","0.17203867435455322","0.17203867435455322","0.17203867435455322"
"442","0.17209801077842712","0.17209801077842712","0.17209801077842712"
"443","0.17224493622779846","0.17224493622779846","0.17224493622779846"
"444","0.17223325371742249","0.17223325371742249","0.17223325371742249"
"445","0.17220012843608856","0.17220012843608856","0.17220012843608856"
"446","0.17226886749267578","0.17226886749267578","0.17226886749267578"
"447","0.17231762409210205","0.17231762409210205","0.17231762409210205"
"448","0.172101229429245","0.172101229429245","0.172101229429245"
"449","0.17229622602462769","0.17229622602462769","0.17229622602462769"
"450","0.1723058670759201","0.1723058670759201","0.1723058670759201"
"451","0.17233537137508392","0.17233537137508392","0.17233537137508392"
"452","0.17233051359653473","0.17233051359653473","0.17233051359653473"
"453","0.1724342703819275","0.1724342703819275","0.1724342703819275"
"454","0.17230042815208435","0.17230042815208435","0.17230042815208435"
"455","0.17230096459388733","0.17230096459388733","0.17230096459388733"
"456","0.17238985002040863","0.17238985002040863","0.17238985002040863"
"457","0.17250192165374756","0.17250192165374756","0.17250192165374756"
"458","0.17239275574684143","0.17239275574684143","0.17239275574684143"
"459","0.1725480854511261","0.1725480854511261","0.1725480854511261"
"460","0.17242786288261414","0.17242786288261414","0.17242786288261414"
"461","0.17244550585746765","0.17244550585746765","0.17244550585746765"
"462","0.1725143939256668","0.1725143939256668","0.1725143939256668"
"463","0.17268700897693634","0.17268700897693634","0.17268700897693634"
"464","0.17250211536884308","0.17250211536884308","0.17250211536884308"
"465","0.17266987264156342","0.17266987264156342","0.17266987264156342"
"466","0.1726112812757492","0.1726112812757492","0.1726112812757492"
"467","0.17276136577129364","0.17276136577129364","0.17276136577129364"
"468","0.17268522083759308","0.17268522083759308","0.17268522083759308"
"469","0.17272166907787323","0.17272166907787323","0.17272166907787323"
"470","0.17268921434879303","0.17268921434879303","0.17268921434879303"
"471","0.17268818616867065","0.17268818616867065","0.17268818616867065"
"472","0.17273730039596558","0.17273730039596558","0.17273730039596558"
"473","0.1727668195962906","0.1727668195962906","0.1727668195962906"
"474","0.17286540567874908","0.17286540567874908","0.17286540567874908"
"475","0.17289923131465912","0.17289923131465912","0.17289923131465912"
"476","0.17298275232315063","0.17298275232315063","0.17298275232315063"
"477","0.17286305129528046","0.17286305129528046","0.17286305129528046"
"478","0.17291642725467682","0.17291642725467682","0.17291642725467682"
"479","0.17301350831985474","0.17301350831985474","0.17301350831985474"
"480","0.17301347851753235","0.17301347851753235","0.17301347851753235"
"481","0.17312940955162048","0.17312940955162048","0.17312940955162048"
"482","0.17297978699207306","0.17297978699207306","0.17297978699207306"
"483","0.17304468154907227","0.17304468154907227","0.17304468154907227"
"484","0.17308498919010162","0.17308498919010162","0.17308498919010162"
"485","0.17325277626514435","0.17325277626514435","0.17325277626514435"
"486","0.1732490360736847","0.1732490360736847","0.1732490360736847"
"487","0.17318278551101685","0.17318278551101685","0.17318278551101685"
"488","0.17320136725902557","0.17320136725902557","0.17320136725902557"
"489","0.1733124852180481","0.1733124852180481","0.1733124852180481"
"490","0.17331980168819427","0.17331980168819427","0.17331980168819427"
"491","0.1732022911310196","0.1732022911310196","0.1732022911310196"
"492","0.17329296469688416","0.17329296469688416","0.17329296469688416"
"493","0.1733342409133911","0.1733342409133911","0.1733342409133911"
"494","0.17343656718730927","0.17343656718730927","0.17343656718730927"
"495","0.17353515326976776","0.17353515326976776","0.17353515326976776"
"496","0.17343167960643768","0.17343167960643768","0.17343167960643768"
"497","0.17350392043590546","0.17350392043590546","0.17350392043590546"
"498","0.17345233261585236","0.17345233261585236","0.17345233261585236"
"499","0.17351867258548737","0.17351867258548737","0.17351867258548737"
"500","0.1736275851726532","0.1736275851726532","0.1736275851726532"
"501","0.1736181229352951","0.1736181229352951","0.1736181229352951"
"502","0.17347712814807892","0.17347712814807892","0.17347712814807892"
"503","0.17363899946212769","0.17363899946212769","0.17363899946212769"
"504","0.1737074851989746","0.1737074851989746","0.1737074851989746"
"505","0.1738361418247223","0.1738361418247223","0.1738361418247223"
"506","0.17372442781925201","0.17372442781925201","0.17372442781925201"
"507","0.1737760603427887","0.1737760603427887","0.1737760603427887"
"508","0.1738038808107376","0.1738038808107376","0.1738038808107376"
"509","0.17381551861763","0.17381551861763","0.17381551861763"
"510","0.17392374575138092","0.17392374575138092","0.17392374575138092"
"511","0.1739816665649414","0.1739816665649414","0.1739816665649414"
"512","0.17417900264263153","0.17417900264263153","0.17417900264263153"
"513","0.17404134571552277","0.17404134571552277","0.17404134571552277"
"514","0.1742321401834488","0.1742321401834488","0.1742321401834488"
"515","0.174172043800354","0.174172043800354","0.174172043800354"
"516","0.17411205172538757","0.17411205172538757","0.17411205172538757"
"517","0.1743166297674179","0.1743166297674179","0.1743166297674179"
"518","0.17429453134536743","0.17429453134536743","0.17429453134536743"
"519","0.17437905073165894","0.17437905073165894","0.17437905073165894"
"520","0.174388587474823","0.174388587474823","0.174388587474823"
"521","0.17436961829662323","0.17436961829662323","0.17436961829662323"
"522","0.1744014024734497","0.1744014024734497","0.1744014024734497"
"523","0.174456387758255","0.174456387758255","0.174456387758255"
"524","0.1745731681585312","0.1745731681585312","0.1745731681585312"
"525","0.17462241649627686","0.17462241649627686","0.17462241649627686"
"526","0.17460550367832184","0.17460550367832184","0.17460550367832184"
"527","0.17474903166294098","0.17474903166294098","0.17474903166294098"
"528","0.17473533749580383","0.17473533749580383","0.17473533749580383"
"529","0.17487306892871857","0.17487306892871857","0.17487306892871857"
"530","0.1748782992362976","0.1748782992362976","0.1748782992362976"
"531","0.17478805780410767","0.17478805780410767","0.17478805780410767"
"532","0.17486409842967987","0.17486409842967987","0.17486409842967987"
"533","0.17485950887203217","0.17485950887203217","0.17485950887203217"
"534","0.1749987006187439","0.1749987006187439","0.1749987006187439"
"535","0.1751279979944229","0.1751279979944229","0.1751279979944229"
"536","0.17499132454395294","0.17499132454395294","0.17499132454395294"
"537","0.17504335939884186","0.17504335939884186","0.17504335939884186"
"538","0.17507623136043549","0.17507623136043549","0.17507623136043549"
"539","0.17518438398838043","0.17518438398838043","0.17518438398838043"
"540","0.17508678138256073","0.17508678138256073","0.17508678138256073"
"541","0.17522946000099182","0.17522946000099182","0.17522946000099182"
"542","0.17523811757564545","0.17523811757564545","0.17523811757564545"
"543","0.1752334088087082","0.1752334088087082","0.1752334088087082"
"544","0.17523634433746338","0.17523634433746338","0.17523634433746338"
"545","0.1752300262451172","0.1752300262451172","0.1752300262451172"
"546","0.17521822452545166","0.17521822452545166","0.17521822452545166"
"547","0.1752101480960846","0.1752101480960846","0.1752101480960846"
"548","0.17521381378173828","0.17521381378173828","0.17521381378173828"
"549","0.17516013979911804","0.17516013979911804","0.17516013979911804"
"550","0.17522619664669037","0.17522619664669037","0.17522619664669037"
"551","0.17520980536937714","0.17520980536937714","0.17520980536937714"
"552","0.17520801723003387","0.17520801723003387","0.17520801723003387"
"553","0.17513130605220795","0.17513130605220795","0.17513130605220795"
"554","0.17528437077999115","0.17528437077999115","0.17528437077999115"
"555","0.17517049610614777","0.17517049610614777","0.17517049610614777"
"556","0.1752508580684662","0.1752508580684662","0.1752508580684662"
"557","0.17519481480121613","0.17519481480121613","0.17519481480121613"
"558","0.1752268671989441","0.1752268671989441","0.1752268671989441"
"559","0.17522267997264862","0.17522267997264862","0.17522267997264862"
"560","0.175268292427063","0.175268292427063","0.175268292427063"
"561","0.17517642676830292","0.17517642676830292","0.17517642676830292"
"562","0.17530259490013123","0.17530259490013123","0.17530259490013123"
"563","0.17522308230400085","0.17522308230400085","0.17522308230400085"
"564","0.17518465220928192","0.17518465220928192","0.17518465220928192"
"565","0.17521823942661285","0.17521823942661285","0.17521823942661285"
"566","0.1752210110425949","0.1752210110425949","0.1752210110425949"
"567","0.17519760131835938","0.17519760131835938","0.17519760131835938"
"568","0.1751755177974701","0.1751755177974701","0.1751755177974701"
"569","0.17518648505210876","0.17518648505210876","0.17518648505210876"
"570","0.17510414123535156","0.17510414123535156","0.17510414123535156"
"571","0.17529448866844177","0.17529448866844177","0.17529448866844177"
"572","0.17528478801250458","0.17528478801250458","0.17528478801250458"
"573","0.17528395354747772","0.17528395354747772","0.17528395354747772"
"574","0.17513419687747955","0.17513419687747955","0.17513419687747955"
"575","0.1752173751592636","0.1752173751592636","0.1752173751592636"
"576","0.17519956827163696","0.17519956827163696","0.17519956827163696"
"577","0.17522567510604858","0.17522567510604858","0.17522567510604858"
"578","0.17531131207942963","0.17531131207942963","0.17531131207942963"
"579","0.17527003586292267","0.17527003586292267","0.17527003586292267"
"580","0.17519015073776245","0.17519015073776245","0.17519015073776245"
"581","0.1753459870815277","0.1753459870815277","0.1753459870815277"
"582","0.17524462938308716","0.17524462938308716","0.17524462938308716"
"583","0.1752501130104065","0.1752501130104065","0.1752501130104065"
"584","0.17530493438243866","0.17530493438243866","0.17530493438243866"
"585","0.17538323998451233","0.17538323998451233","0.17538323998451233"
"586","0.17521993815898895","0.17521993815898895","0.17521993815898895"
"587","0.17532451450824738","0.17532451450824738","0.17532451450824738"
"588","0.17527267336845398","0.17527267336845398","0.17527267336845398"
"589","0.17524008452892303","0.17524008452892303","0.17524008452892303"
"590","0.17540930211544037","0.17540930211544037","0.17540930211544037"
"591","0.1752324253320694","0.1752324253320694","0.1752324253320694"
"592","0.1753423660993576","0.1753423660993576","0.1753423660993576"
"593","0.17542728781700134","0.17542728781700134","0.17542728781700134"
"594","0.17529650032520294","0.17529650032520294","0.17529650032520294"
"595","0.17529794573783875","0.17529794573783875","0.17529794573783875"
"596","0.17525088787078857","0.17525088787078857","0.17525088787078857"
"597","0.17532682418823242","0.17532682418823242","0.17532682418823242"
"598","0.1753639578819275","0.1753639578819275","0.1753639578819275"
"599","0.17540298402309418","0.17540298402309418","0.17540298402309418"
"600","0.17532281577587128","0.17532281577587128","0.17532281577587128"
"601","0.17539706826210022","0.17539706826210022","0.17539706826210022"
"602","0.17531324923038483","0.17531324923038483","0.17531324923038483"
"603","0.17532053589820862","0.17532053589820862","0.17532053589820862"
"604","0.17551971971988678","0.17551971971988678","0.17551971971988678"
"605","0.17542418837547302","0.17542418837547302","0.17542418837547302"
"606","0.17552578449249268","0.17552578449249268","0.17552578449249268"
"607","0.17541924118995667","0.17541924118995667","0.17541924118995667"
"608","0.1754884272813797","0.1754884272813797","0.1754884272813797"
"609","0.17549264430999756","0.17549264430999756","0.17549264430999756"
"610","0.17549842596054077","0.17549842596054077","0.17549842596054077"
"611","0.1756594330072403","0.1756594330072403","0.1756594330072403"
"612","0.1755535900592804","0.1755535900592804","0.1755535900592804"
"613","0.1755920946598053","0.1755920946598053","0.1755920946598053"
"614","0.17562559247016907","0.17562559247016907","0.17562559247016907"
"615","0.1756090670824051","0.1756090670824051","0.1756090670824051"
"616","0.1755480319261551","0.1755480319261551","0.1755480319261551"
"617","0.17559215426445007","0.17559215426445007","0.17559215426445007"
"618","0.1756698489189148","0.1756698489189148","0.1756698489189148"
"619","0.1756911426782608","0.1756911426782608","0.1756911426782608"
"620","0.17569966614246368","0.17569966614246368","0.17569966614246368"
"621","0.17574085295200348","0.17574085295200348","0.17574085295200348"
"622","0.17573994398117065","0.17573994398117065","0.17573994398117065"
"623","0.1756887435913086","0.1756887435913086","0.1756887435913086"
"624","0.1758752316236496","0.1758752316236496","0.1758752316236496"
"625","0.17566290497779846","0.17566290497779846","0.17566290497779846"
"626","0.17579549551010132","0.17579549551010132","0.17579549551010132"
"627","0.17580902576446533","0.17580902576446533","0.17580902576446533"
"628","0.17577773332595825","0.17577773332595825","0.17577773332595825"
"629","0.17576420307159424","0.17576420307159424","0.17576420307159424"
"630","0.175883486866951","0.175883486866951","0.175883486866951"
"631","0.1758575439453125","0.1758575439453125","0.1758575439453125"
"632","0.17592798173427582","0.17592798173427582","0.17592798173427582"
"633","0.17596270143985748","0.17596270143985748","0.17596270143985748"
"634","0.17591620981693268","0.17591620981693268","0.17591620981693268"
"635","0.17594140768051147","0.17594140768051147","0.17594140768051147"
"636","0.17590227723121643","0.17590227723121643","0.17590227723121643"
"637","0.17601421475410461","0.17601421475410461","0.17601421475410461"
"638","0.17599454522132874","0.17599454522132874","0.17599454522132874"
"639","0.1760522425174713","0.1760522425174713","0.1760522425174713"
"640","0.17600585520267487","0.17600585520267487","0.17600585520267487"
"641","0.17597192525863647","0.17597192525863647","0.17597192525863647"
"642","0.1760246604681015","0.1760246604681015","0.1760246604681015"
"643","0.17603398859500885","0.17603398859500885","0.17603398859500885"
"644","0.17607839405536652","0.17607839405536652","0.17607839405536652"
"645","0.17602039873600006","0.17602039873600006","0.17602039873600006"
"646","0.17608466744422913","0.17608466744422913","0.17608466744422913"
"647","0.17607063055038452","0.17607063055038452","0.17607063055038452"
"648","0.1760743260383606","0.1760743260383606","0.1760743260383606"
"649","0.17601121962070465","0.17601121962070465","0.17601121962070465"
"650","0.17619605362415314","0.17619605362415314","0.17619605362415314"
"651","0.1761903315782547","0.1761903315782547","0.1761903315782547"
"652","0.17615558207035065","0.17615558207035065","0.17615558207035065"
"653","0.1761092245578766","0.1761092245578766","0.1761092245578766"
"654","0.17623594403266907","0.17623594403266907","0.17623594403266907"
"655","0.17612095177173615","0.17612095177173615","0.17612095177173615"
"656","0.176229327917099","0.176229327917099","0.176229327917099"
"657","0.17624065279960632","0.17624065279960632","0.17624065279960632"
"658","0.1762053370475769","0.1762053370475769","0.1762053370475769"
"659","0.17624236643314362","0.17624236643314362","0.17624236643314362"
"660","0.1762533038854599","0.1762533038854599","0.1762533038854599"
"661","0.17634351551532745","0.17634351551532745","0.17634351551532745"
"662","0.17626138031482697","0.17626138031482697","0.17626138031482697"
"663","0.17641419172286987","0.17641419172286987","0.17641419172286987"
"664","0.17627304792404175","0.17627304792404175","0.17627304792404175"
"665","0.17640216648578644","0.17640216648578644","0.17640216648578644"
"666","0.17647036910057068","0.17647036910057068","0.17647036910057068"
"667","0.17642533779144287","0.17642533779144287","0.17642533779144287"
"668","0.17652183771133423","0.17652183771133423","0.17652183771133423"
"669","0.17647327482700348","0.17647327482700348","0.17647327482700348"
"670","0.17652319371700287","0.17652319371700287","0.17652319371700287"
"671","0.176594540476799","0.176594540476799","0.176594540476799"
"672","0.17654801905155182","0.17654801905155182","0.17654801905155182"
"673","0.17642375826835632","0.17642375826835632","0.17642375826835632"
"674","0.17648281157016754","0.17648281157016754","0.17648281157016754"
"675","0.1764608770608902","0.1764608770608902","0.1764608770608902"
"676","0.17642593383789062","0.17642593383789062","0.17642593383789062"
"677","0.17640605568885803","0.17640605568885803","0.17640605568885803"
"678","0.17657209932804108","0.17657209932804108","0.17657209932804108"
"679","0.17665351927280426","0.17665351927280426","0.17665351927280426"
"680","0.1765454262495041","0.1765454262495041","0.1765454262495041"
"681","0.1765904277563095","0.1765904277563095","0.1765904277563095"
"682","0.1767653077840805","0.1767653077840805","0.1767653077840805"
"683","0.17654594779014587","0.17654594779014587","0.17654594779014587"
"684","0.17670492827892303","0.17670492827892303","0.17670492827892303"
"685","0.17674200236797333","0.17674200236797333","0.17674200236797333"
"686","0.17659752070903778","0.17659752070903778","0.17659752070903778"
"687","0.17656654119491577","0.17656654119491577","0.17656654119491577"
"688","0.17654520273208618","0.17654520273208618","0.17654520273208618"
"689","0.17662091553211212","0.17662091553211212","0.17662091553211212"
"690","0.17670513689517975","0.17670513689517975","0.17670513689517975"
"691","0.17670725286006927","0.17670725286006927","0.17670725286006927"
"692","0.1766570806503296","0.1766570806503296","0.1766570806503296"
"693","0.17668981850147247","0.17668981850147247","0.17668981850147247"
"694","0.17673592269420624","0.17673592269420624","0.17673592269420624"
"695","0.176860511302948","0.176860511302948","0.176860511302948"
"696","0.17692707479000092","0.17692707479000092","0.17692707479000092"
"697","0.17676609754562378","0.17676609754562378","0.17676609754562378"
"698","0.17687511444091797","0.17687511444091797","0.17687511444091797"
"699","0.17670026421546936","0.17670026421546936","0.17670026421546936"
"700","0.17672163248062134","0.17672163248062134","0.17672163248062134"
"701","0.17677907645702362","0.17677907645702362","0.17677907645702362"
"702","0.17662857472896576","0.17662857472896576","0.17662857472896576"
"703","0.17669084668159485","0.17669084668159485","0.17669084668159485"
"704","0.1766541600227356","0.1766541600227356","0.1766541600227356"
"705","0.1768035888671875","0.1768035888671875","0.1768035888671875"
"706","0.17677469551563263","0.17677469551563263","0.17677469551563263"
"707","0.17658521234989166","0.17658521234989166","0.17658521234989166"
"708","0.1766655594110489","0.1766655594110489","0.1766655594110489"
"709","0.17649002373218536","0.17649002373218536","0.17649002373218536"
"710","0.17648521065711975","0.17648521065711975","0.17648521065711975"
"711","0.17640379071235657","0.17640379071235657","0.17640379071235657"
"712","0.17647136747837067","0.17647136747837067","0.17647136747837067"
"713","0.17630217969417572","0.17630217969417572","0.17630217969417572"
"714","0.17631912231445312","0.17631912231445312","0.17631912231445312"
"715","0.17642280459403992","0.17642280459403992","0.17642280459403992"
"716","0.17638535797595978","0.17638535797595978","0.17638535797595978"
"717","0.1763230860233307","0.1763230860233307","0.1763230860233307"
"718","0.17624597251415253","0.17624597251415253","0.17624597251415253"
"719","0.17628027498722076","0.17628027498722076","0.17628027498722076"
"720","0.1764439195394516","0.1764439195394516","0.1764439195394516"
"721","0.17630718648433685","0.17630718648433685","0.17630718648433685"
"722","0.17629913985729218","0.17629913985729218","0.17629913985729218"
"723","0.1762324571609497","0.1762324571609497","0.1762324571609497"
"724","0.1761900931596756","0.1761900931596756","0.1761900931596756"
"725","0.17644131183624268","0.17644131183624268","0.17644131183624268"
"726","0.17621394991874695","0.17621394991874695","0.17621394991874695"
"727","0.17637956142425537","0.17637956142425537","0.17637956142425537"
"728","0.17644435167312622","0.17644435167312622","0.17644435167312622"
"729","0.17654627561569214","0.17654627561569214","0.17654627561569214"
"730","0.176415354013443","0.176415354013443","0.176415354013443"
"731","0.1765061914920807","0.1765061914920807","0.1765061914920807"
"732","0.1764734387397766","0.1764734387397766","0.1764734387397766"
"733","0.1765451431274414","0.1765451431274414","0.1765451431274414"
"734","0.17649099230766296","0.17649099230766296","0.17649099230766296"
"735","0.17650924623012543","0.17650924623012543","0.17650924623012543"
"736","0.17655299603939056","0.17655299603939056","0.17655299603939056"
"737","0.1766434609889984","0.1766434609889984","0.1766434609889984"
"738","0.17655503749847412","0.17655503749847412","0.17655503749847412"
"739","0.17637401819229126","0.17637401819229126","0.17637401819229126"
"740","0.17659805715084076","0.17659805715084076","0.17659805715084076"
"741","0.1765999048948288","0.1765999048948288","0.1765999048948288"
"742","0.17665651440620422","0.17665651440620422","0.17665651440620422"
"743","0.17665405571460724","0.17665405571460724","0.17665405571460724"
"744","0.17642468214035034","0.17642468214035034","0.17642468214035034"
"745","0.1765666902065277","0.1765666902065277","0.1765666902065277"
"746","0.17676788568496704","0.17676788568496704","0.17676788568496704"
"747","0.17665281891822815","0.17665281891822815","0.17665281891822815"
"748","0.1767960488796234","0.1767960488796234","0.1767960488796234"
"749","0.17661593854427338","0.17661593854427338","0.17661593854427338"
"750","0.17673179507255554","0.17673179507255554","0.17673179507255554"
"751","0.17676419019699097","0.17676419019699097","0.17676419019699097"
"752","0.17668525874614716","0.17668525874614716","0.17668525874614716"
"753","0.17685537040233612","0.17685537040233612","0.17685537040233612"
"754","0.17673633992671967","0.17673633992671967","0.17673633992671967"
"755","0.176616370677948","0.176616370677948","0.176616370677948"
"756","0.17680101096630096","0.17680101096630096","0.17680101096630096"
"757","0.1766410619020462","0.1766410619020462","0.1766410619020462"
"758","0.1768273562192917","0.1768273562192917","0.1768273562192917"
"759","0.1767345666885376","0.1767345666885376","0.1767345666885376"
"760","0.17688140273094177","0.17688140273094177","0.17688140273094177"
"761","0.17683997750282288","0.17683997750282288","0.17683997750282288"
"762","0.17692498862743378","0.17692498862743378","0.17692498862743378"
"763","0.17686553299427032","0.17686553299427032","0.17686553299427032"
"764","0.17684707045555115","0.17684707045555115","0.17684707045555115"
"765","0.17697197198867798","0.17697197198867798","0.17697197198867798"
"766","0.17690891027450562","0.17690891027450562","0.17690891027450562"
"767","0.17698855698108673","0.17698855698108673","0.17698855698108673"
"768","0.1768791526556015","0.1768791526556015","0.1768791526556015"
"769","0.17701320350170135","0.17701320350170135","0.17701320350170135"
"770","0.17701147496700287","0.17701147496700287","0.17701147496700287"
"771","0.17699427902698517","0.17699427902698517","0.17699427902698517"
"772","0.176967054605484","0.176967054605484","0.176967054605484"
"773","0.17699100077152252","0.17699100077152252","0.17699100077152252"
"774","0.1771582067012787","0.1771582067012787","0.1771582067012787"
"775","0.17701846361160278","0.17701846361160278","0.17701846361160278"
"776","0.17695751786231995","0.17695751786231995","0.17695751786231995"
"777","0.17704957723617554","0.17704957723617554","0.17704957723617554"
"778","0.17707355320453644","0.17707355320453644","0.17707355320453644"
"779","0.1770889312028885","0.1770889312028885","0.1770889312028885"
"780","0.177139014005661","0.177139014005661","0.177139014005661"
"781","0.17704342305660248","0.17704342305660248","0.17704342305660248"
"782","0.17719581723213196","0.17719581723213196","0.17719581723213196"
"783","0.17709152400493622","0.17709152400493622","0.17709152400493622"
"784","0.17707465589046478","0.17707465589046478","0.17707465589046478"
"785","0.177099347114563","0.177099347114563","0.177099347114563"
"786","0.1771482229232788","0.1771482229232788","0.1771482229232788"
"787","0.17696185410022736","0.17696185410022736","0.17696185410022736"
"788","0.1772010624408722","0.1772010624408722","0.1772010624408722"
"789","0.17706018686294556","0.17706018686294556","0.17706018686294556"
"790","0.1771504282951355","0.1771504282951355","0.1771504282951355"
"791","0.17722074687480927","0.17722074687480927","0.17722074687480927"
"792","0.17708206176757812","0.17708206176757812","0.17708206176757812"
"793","0.17720651626586914","0.17720651626586914","0.17720651626586914"
"794","0.17722900211811066","0.17722900211811066","0.17722900211811066"
"795","0.17726095020771027","0.17726095020771027","0.17726095020771027"
"796","0.17714111506938934","0.17714111506938934","0.17714111506938934"
"797","0.17716850340366364","0.17716850340366364","0.17716850340366364"
"798","0.17747707664966583","0.17747707664966583","0.17747707664966583"
"799","0.1772952824831009","0.1772952824831009","0.1772952824831009"
"800","0.17721013724803925","0.17721013724803925","0.17721013724803925"
"801","0.17733919620513916","0.17733919620513916","0.17733919620513916"
"802","0.17733998596668243","0.17733998596668243","0.17733998596668243"
"803","0.17744266986846924","0.17744266986846924","0.17744266986846924"
"804","0.1772174835205078","0.1772174835205078","0.1772174835205078"
"805","0.1772412657737732","0.1772412657737732","0.1772412657737732"
"806","0.17728859186172485","0.17728859186172485","0.17728859186172485"
"807","0.17729932069778442","0.17729932069778442","0.17729932069778442"
"808","0.17724557220935822","0.17724557220935822","0.17724557220935822"
"809","0.17729270458221436","0.17729270458221436","0.17729270458221436"
"810","0.17724989354610443","0.17724989354610443","0.17724989354610443"
"811","0.1773965209722519","0.1773965209722519","0.1773965209722519"
"812","0.17730613052845","0.17730613052845","0.17730613052845"
"813","0.17734669148921967","0.17734669148921967","0.17734669148921967"
"814","0.17722442746162415","0.17722442746162415","0.17722442746162415"
"815","0.17738191783428192","0.17738191783428192","0.17738191783428192"
"816","0.17727500200271606","0.17727500200271606","0.17727500200271606"
"817","0.17720700800418854","0.17720700800418854","0.17720700800418854"
"818","0.17730145156383514","0.17730145156383514","0.17730145156383514"
"819","0.17720074951648712","0.17720074951648712","0.17720074951648712"
"820","0.1772339642047882","0.1772339642047882","0.1772339642047882"
"821","0.177399680018425","0.177399680018425","0.177399680018425"
"822","0.17729546129703522","0.17729546129703522","0.17729546129703522"
"823","0.17738547921180725","0.17738547921180725","0.17738547921180725"
"824","0.17729595303535461","0.17729595303535461","0.17729595303535461"
"825","0.17754730582237244","0.17754730582237244","0.17754730582237244"
"826","0.17738915979862213","0.17738915979862213","0.17738915979862213"
"827","0.17731566727161407","0.17731566727161407","0.17731566727161407"
"828","0.17749792337417603","0.17749792337417603","0.17749792337417603"
"829","0.17733371257781982","0.17733371257781982","0.17733371257781982"
"830","0.177266463637352","0.177266463637352","0.177266463637352"
"831","0.17747806012630463","0.17747806012630463","0.17747806012630463"
"832","0.17759904265403748","0.17759904265403748","0.17759904265403748"
"833","0.17743274569511414","0.17743274569511414","0.17743274569511414"
"834","0.17743922770023346","0.17743922770023346","0.17743922770023346"
"835","0.17742973566055298","0.17742973566055298","0.17742973566055298"
"836","0.17736031115055084","0.17736031115055084","0.17736031115055084"
"837","0.17750677466392517","0.17750677466392517","0.17750677466392517"
"838","0.17745326459407806","0.17745326459407806","0.17745326459407806"
"839","0.17756161093711853","0.17756161093711853","0.17756161093711853"
"840","0.1774904429912567","0.1774904429912567","0.1774904429912567"
"841","0.17742212116718292","0.17742212116718292","0.17742212116718292"
"842","0.17749813199043274","0.17749813199043274","0.17749813199043274"
"843","0.17761218547821045","0.17761218547821045","0.17761218547821045"
"844","0.17755496501922607","0.17755496501922607","0.17755496501922607"
"845","0.17749765515327454","0.17749765515327454","0.17749765515327454"
"846","0.17741824686527252","0.17741824686527252","0.17741824686527252"
"847","0.1775244176387787","0.1775244176387787","0.1775244176387787"
"848","0.17750537395477295","0.17750537395477295","0.17750537395477295"
"849","0.17744822800159454","0.17744822800159454","0.17744822800159454"
"850","0.17741502821445465","0.17741502821445465","0.17741502821445465"
"851","0.1774337738752365","0.1774337738752365","0.1774337738752365"
"852","0.17758087813854218","0.17758087813854218","0.17758087813854218"
"853","0.17760628461837769","0.17760628461837769","0.17760628461837769"
"854","0.17747940123081207","0.17747940123081207","0.17747940123081207"
"855","0.17750486731529236","0.17750486731529236","0.17750486731529236"
"856","0.17739364504814148","0.17739364504814148","0.17739364504814148"
"857","0.17764641344547272","0.17764641344547272","0.17764641344547272"
"858","0.17759637534618378","0.17759637534618378","0.17759637534618378"
"859","0.17760783433914185","0.17760783433914185","0.17760783433914185"
"860","0.1776416003704071","0.1776416003704071","0.1776416003704071"
"861","0.1775638461112976","0.1775638461112976","0.1775638461112976"
"862","0.17757026851177216","0.17757026851177216","0.17757026851177216"
"863","0.1776081621646881","0.1776081621646881","0.1776081621646881"
"864","0.1776617020368576","0.1776617020368576","0.1776617020368576"
"865","0.17768307030200958","0.17768307030200958","0.17768307030200958"
"866","0.17770415544509888","0.17770415544509888","0.17770415544509888"
"867","0.17749956250190735","0.17749956250190735","0.17749956250190735"
"868","0.17760570347309113","0.17760570347309113","0.17760570347309113"
"869","0.17754091322422028","0.17754091322422028","0.17754091322422028"
"870","0.17769253253936768","0.17769253253936768","0.17769253253936768"
"871","0.17764030396938324","0.17764030396938324","0.17764030396938324"
"872","0.1774628758430481","0.1774628758430481","0.1774628758430481"
"873","0.1775939017534256","0.1775939017534256","0.1775939017534256"
"874","0.17755591869354248","0.17755591869354248","0.17755591869354248"
"875","0.17764222621917725","0.17764222621917725","0.17764222621917725"
"876","0.1776772439479828","0.1776772439479828","0.1776772439479828"
"877","0.17778925597667694","0.17778925597667694","0.17778925597667694"
"878","0.17767374217510223","0.17767374217510223","0.17767374217510223"
"879","0.17756550014019012","0.17756550014019012","0.17756550014019012"
"880","0.17768847942352295","0.17768847942352295","0.17768847942352295"
"881","0.17750944197177887","0.17750944197177887","0.17750944197177887"
"882","0.17765088379383087","0.17765088379383087","0.17765088379383087"
"883","0.17777669429779053","0.17777669429779053","0.17777669429779053"
"884","0.17772692441940308","0.17772692441940308","0.17772692441940308"
"885","0.17778533697128296","0.17778533697128296","0.17778533697128296"
"886","0.17771156132221222","0.17771156132221222","0.17771156132221222"
"887","0.17766843736171722","0.17766843736171722","0.17766843736171722"
"888","0.17764729261398315","0.17764729261398315","0.17764729261398315"
"889","0.1778327375650406","0.1778327375650406","0.1778327375650406"
"890","0.17761503159999847","0.17761503159999847","0.17761503159999847"
"891","0.17772185802459717","0.17772185802459717","0.17772185802459717"
"892","0.17778167128562927","0.17778167128562927","0.17778167128562927"
"893","0.17772136628627777","0.17772136628627777","0.17772136628627777"
"894","0.17762327194213867","0.17762327194213867","0.17762327194213867"
"895","0.17770858108997345","0.17770858108997345","0.17770858108997345"
"896","0.17762887477874756","0.17762887477874756","0.17762887477874756"
"897","0.17788797616958618","0.17788797616958618","0.17788797616958618"
"898","0.17772163450717926","0.17772163450717926","0.17772163450717926"
"899","0.1778116077184677","0.1778116077184677","0.1778116077184677"
"900","0.17764988541603088","0.17764988541603088","0.17764988541603088"
"901","0.17778228223323822","0.17778228223323822","0.17778228223323822"
"902","0.17766794562339783","0.17766794562339783","0.17766794562339783"
"903","0.17772701382637024","0.17772701382637024","0.17772701382637024"
"904","0.1775633990764618","0.1775633990764618","0.1775633990764618"
"905","0.17776428163051605","0.17776428163051605","0.17776428163051605"
"906","0.17778341472148895","0.17778341472148895","0.17778341472148895"
"907","0.17783087491989136","0.17783087491989136","0.17783087491989136"
"908","0.17775902152061462","0.17775902152061462","0.17775902152061462"
"909","0.17765292525291443","0.17765292525291443","0.17765292525291443"
"910","0.1776965856552124","0.1776965856552124","0.1776965856552124"
"911","0.17768682539463043","0.17768682539463043","0.17768682539463043"
"912","0.17765973508358002","0.17765973508358002","0.17765973508358002"
"913","0.1776469200849533","0.1776469200849533","0.1776469200849533"
"914","0.1776985228061676","0.1776985228061676","0.1776985228061676"
"915","0.17770534753799438","0.17770534753799438","0.17770534753799438"
"916","0.17766113579273224","0.17766113579273224","0.17766113579273224"
"917","0.1777367740869522","0.1777367740869522","0.1777367740869522"
"918","0.17797447741031647","0.17797447741031647","0.17797447741031647"
"919","0.1778619885444641","0.1778619885444641","0.1778619885444641"
"920","0.1777089536190033","0.1777089536190033","0.1777089536190033"
"921","0.1777532994747162","0.1777532994747162","0.1777532994747162"
"922","0.17779049277305603","0.17779049277305603","0.17779049277305603"
"923","0.17774052917957306","0.17774052917957306","0.17774052917957306"
"924","0.17772220075130463","0.17772220075130463","0.17772220075130463"
"925","0.17769171297550201","0.17769171297550201","0.17769171297550201"
"926","0.17774450778961182","0.17774450778961182","0.17774450778961182"
"927","0.1776672750711441","0.1776672750711441","0.1776672750711441"
"928","0.17784422636032104","0.17784422636032104","0.17784422636032104"
"929","0.17773303389549255","0.17773303389549255","0.17773303389549255"
"930","0.1777706891298294","0.1777706891298294","0.1777706891298294"
"931","0.1777164787054062","0.1777164787054062","0.1777164787054062"
"932","0.1777380406856537","0.1777380406856537","0.1777380406856537"
"933","0.17771828174591064","0.17771828174591064","0.17771828174591064"
"934","0.17777782678604126","0.17777782678604126","0.17777782678604126"
"935","0.1776953935623169","0.1776953935623169","0.1776953935623169"
"936","0.17767366766929626","0.17767366766929626","0.17767366766929626"
"937","0.17764709889888763","0.17764709889888763","0.17764709889888763"
"938","0.17779883742332458","0.17779883742332458","0.17779883742332458"
"939","0.17770199477672577","0.17770199477672577","0.17770199477672577"
"940","0.17766313254833221","0.17766313254833221","0.17766313254833221"
"941","0.17781591415405273","0.17781591415405273","0.17781591415405273"
"942","0.17774581909179688","0.17774581909179688","0.17774581909179688"
"943","0.17772239446640015","0.17772239446640015","0.17772239446640015"
"944","0.1777346432209015","0.1777346432209015","0.1777346432209015"
"945","0.1776568591594696","0.1776568591594696","0.1776568591594696"
"946","0.1777014136314392","0.1777014136314392","0.1777014136314392"
"947","0.17773742973804474","0.17773742973804474","0.17773742973804474"
"948","0.17772570252418518","0.17772570252418518","0.17772570252418518"
"949","0.1777268350124359","0.1777268350124359","0.1777268350124359"
"950","0.1776876002550125","0.1776876002550125","0.1776876002550125"
"951","0.17765015363693237","0.17765015363693237","0.17765015363693237"
"952","0.17782361805438995","0.17782361805438995","0.17782361805438995"
"953","0.1777345836162567","0.1777345836162567","0.1777345836162567"
"954","0.17777682840824127","0.17777682840824127","0.17777682840824127"
"955","0.1776818484067917","0.1776818484067917","0.1776818484067917"
"956","0.1776154339313507","0.1776154339313507","0.1776154339313507"
"957","0.1777147650718689","0.1777147650718689","0.1777147650718689"
"958","0.17769277095794678","0.17769277095794678","0.17769277095794678"
"959","0.17773841321468353","0.17773841321468353","0.17773841321468353"
"960","0.17785945534706116","0.17785945534706116","0.17785945534706116"
"961","0.17780490219593048","0.17780490219593048","0.17780490219593048"
"962","0.17773844301700592","0.17773844301700592","0.17773844301700592"
"963","0.17776115238666534","0.17776115238666534","0.17776115238666534"
"964","0.17769938707351685","0.17769938707351685","0.17769938707351685"
"965","0.17768001556396484","0.17768001556396484","0.17768001556396484"
"966","0.17769618332386017","0.17769618332386017","0.17769618332386017"
"967","0.17774301767349243","0.17774301767349243","0.17774301767349243"
"968","0.17768751084804535","0.17768751084804535","0.17768751084804535"
"969","0.17774872481822968","0.17774872481822968","0.17774872481822968"
"970","0.17771442234516144","0.17771442234516144","0.17771442234516144"
"971","0.17774662375450134","0.17774662375450134","0.17774662375450134"
"972","0.1777254045009613","0.1777254045009613","0.1777254045009613"
"973","0.17769049108028412","0.17769049108028412","0.17769049108028412"
"974","0.17781446874141693","0.17781446874141693","0.17781446874141693"
"975","0.17777864634990692","0.17777864634990692","0.17777864634990692"
"976","0.17790038883686066","0.17790038883686066","0.17790038883686066"
"977","0.17793214321136475","0.17793214321136475","0.17793214321136475"
"978","0.177837073802948","0.177837073802948","0.177837073802948"
"979","0.17774556577205658","0.17774556577205658","0.17774556577205658"
"980","0.1777438223361969","0.1777438223361969","0.1777438223361969"
"981","0.17776094377040863","0.17776094377040863","0.17776094377040863"
"982","0.177658349275589","0.177658349275589","0.177658349275589"
"983","0.17779004573822021","0.17779004573822021","0.17779004573822021"
"984","0.1777605265378952","0.1777605265378952","0.1777605265378952"
"985","0.17781773209571838","0.17781773209571838","0.17781773209571838"
"986","0.17769254744052887","0.17769254744052887","0.17769254744052887"
"987","0.17781643569469452","0.17781643569469452","0.17781643569469452"
"988","0.1778048723936081","0.1778048723936081","0.1778048723936081"
"989","0.17773081362247467","0.17773081362247467","0.17773081362247467"
"990","0.17780755460262299","0.17780755460262299","0.17780755460262299"
"991","0.17769794166088104","0.17769794166088104","0.17769794166088104"
"992","0.17776331305503845","0.17776331305503845","0.17776331305503845"
"993","0.177678182721138","0.177678182721138","0.177678182721138"
"994","0.17784297466278076","0.17784297466278076","0.17784297466278076"
"995","0.17786619067192078","0.17786619067192078","0.17786619067192078"
"996","0.17773613333702087","0.17773613333702087","0.17773613333702087"
"997","0.1777259111404419","0.1777259111404419","0.1777259111404419"
"998","0.17774204909801483","0.17774204909801483","0.17774204909801483"
"999","0.177707239985466","0.177707239985466","0.177707239985466"
"1000","0.17778201401233673","0.17778201401233673","0.17778201401233673"