"Step","Eswimmer_Mnull_DS1000_W0.009_lr0.01 - train.prediction_error","Eswimmer_Mnull_DS1000_W0.009_lr0.01 - train.prediction_error__MIN","Eswimmer_Mnull_DS1000_W0.009_lr0.01 - train.prediction_error__MAX"
"0","1.288953423500061","1.288953423500061","1.288953423500061"
"1","0.21677826344966888","0.21677826344966888","0.21677826344966888"
"2","0.18621274828910828","0.18621274828910828","0.18621274828910828"
"3","0.16662657260894775","0.16662657260894775","0.16662657260894775"
"4","0.15135060250759125","0.15135060250759125","0.15135060250759125"
"5","0.13912533223628998","0.13912533223628998","0.13912533223628998"
"6","0.1295185387134552","0.1295185387134552","0.1295185387134552"
"7","0.12211175262928009","0.12211175262928009","0.12211175262928009"
"8","0.11650454998016357","0.11650454998016357","0.11650454998016357"
"9","0.11241032183170319","0.11241032183170319","0.11241032183170319"
"10","0.10926763713359833","0.10926763713359833","0.10926763713359833"
"11","0.10676144808530807","0.10676144808530807","0.10676144808530807"
"12","0.1047709584236145","0.1047709584236145","0.1047709584236145"
"13","0.10316113382577896","0.10316113382577896","0.10316113382577896"
"14","0.10173968970775604","0.10173968970775604","0.10173968970775604"
"15","0.10056871175765991","0.10056871175765991","0.10056871175765991"
"16","0.09959373623132706","0.09959373623132706","0.09959373623132706"
"17","0.09875623881816864","0.09875623881816864","0.09875623881816864"
"18","0.09805532544851303","0.09805532544851303","0.09805532544851303"
"19","0.09744618088006973","0.09744618088006973","0.09744618088006973"
"20","0.09688866883516312","0.09688866883516312","0.09688866883516312"
"21","0.0964144691824913","0.0964144691824913","0.0964144691824913"
"22","0.09601356834173203","0.09601356834173203","0.09601356834173203"
"23","0.09564647078514099","0.09564647078514099","0.09564647078514099"
"24","0.09531651437282562","0.09531651437282562","0.09531651437282562"
"25","0.09500628709793091","0.09500628709793091","0.09500628709793091"
"26","0.09469608962535858","0.09469608962535858","0.09469608962535858"
"27","0.09442266076803207","0.09442266076803207","0.09442266076803207"
"28","0.0941997691988945","0.0941997691988945","0.0941997691988945"
"29","0.0940118357539177","0.0940118357539177","0.0940118357539177"
"30","0.09385012090206146","0.09385012090206146","0.09385012090206146"
"31","0.09372580051422119","0.09372580051422119","0.09372580051422119"
"32","0.09360873699188232","0.09360873699188232","0.09360873699188232"
"33","0.09350936859846115","0.09350936859846115","0.09350936859846115"
"34","0.09341903775930405","0.09341903775930405","0.09341903775930405"
"35","0.09333936870098114","0.09333936870098114","0.09333936870098114"
"36","0.09328021109104156","0.09328021109104156","0.09328021109104156"
"37","0.09321239590644836","0.09321239590644836","0.09321239590644836"
"38","0.09315083175897598","0.09315083175897598","0.09315083175897598"
"39","0.09310036897659302","0.09310036897659302","0.09310036897659302"
"40","0.09305819869041443","0.09305819869041443","0.09305819869041443"
"41","0.09300052374601364","0.09300052374601364","0.09300052374601364"
"42","0.09294631332159042","0.09294631332159042","0.09294631332159042"
"43","0.09288445115089417","0.09288445115089417","0.09288445115089417"
"44","0.09282257407903671","0.09282257407903671","0.09282257407903671"
"45","0.09279914945363998","0.09279914945363998","0.09279914945363998"
"46","0.09274478256702423","0.09274478256702423","0.09274478256702423"
"47","0.09271275252103806","0.09271275252103806","0.09271275252103806"
"48","0.09269251674413681","0.09269251674413681","0.09269251674413681"
"49","0.0926726832985878","0.0926726832985878","0.0926726832985878"
"50","0.09265144914388657","0.09265144914388657","0.09265144914388657"
"51","0.09262356907129288","0.09262356907129288","0.09262356907129288"
"52","0.09259022772312164","0.09259022772312164","0.09259022772312164"
"53","0.09257189929485321","0.09257189929485321","0.09257189929485321"
"54","0.09255163371562958","0.09255163371562958","0.09255163371562958"
"55","0.09251116961240768","0.09251116961240768","0.09251116961240768"
"56","0.09246599674224854","0.09246599674224854","0.09246599674224854"
"57","0.09243764728307724","0.09243764728307724","0.09243764728307724"
"58","0.09239879250526428","0.09239879250526428","0.09239879250526428"
"59","0.09237721562385559","0.09237721562385559","0.09237721562385559"
"60","0.09233604371547699","0.09233604371547699","0.09233604371547699"
"61","0.09229832142591476","0.09229832142591476","0.09229832142591476"
"62","0.09226109832525253","0.09226109832525253","0.09226109832525253"
"63","0.0922306552529335","0.0922306552529335","0.0922306552529335"
"64","0.09219428151845932","0.09219428151845932","0.09219428151845932"
"65","0.09214894473552704","0.09214894473552704","0.09214894473552704"
"66","0.09210549294948578","0.09210549294948578","0.09210549294948578"
"67","0.09207211434841156","0.09207211434841156","0.09207211434841156"
"68","0.09203126281499863","0.09203126281499863","0.09203126281499863"
"69","0.09200400114059448","0.09200400114059448","0.09200400114059448"
"70","0.09195917844772339","0.09195917844772339","0.09195917844772339"
"71","0.09194301813840866","0.09194301813840866","0.09194301813840866"
"72","0.09189257025718689","0.09189257025718689","0.09189257025718689"
"73","0.09186799824237823","0.09186799824237823","0.09186799824237823"
"74","0.09182938188314438","0.09182938188314438","0.09182938188314438"
"75","0.09180773049592972","0.09180773049592972","0.09180773049592972"
"76","0.09178180992603302","0.09178180992603302","0.09178180992603302"
"77","0.09173253178596497","0.09173253178596497","0.09173253178596497"
"78","0.09170589596033096","0.09170589596033096","0.09170589596033096"
"79","0.09167785197496414","0.09167785197496414","0.09167785197496414"
"80","0.09166418761014938","0.09166418761014938","0.09166418761014938"
"81","0.09162122011184692","0.09162122011184692","0.09162122011184692"
"82","0.09161276370286942","0.09161276370286942","0.09161276370286942"
"83","0.09157653152942657","0.09157653152942657","0.09157653152942657"
"84","0.09155239164829254","0.09155239164829254","0.09155239164829254"
"85","0.09151779860258102","0.09151779860258102","0.09151779860258102"
"86","0.09149420261383057","0.09149420261383057","0.09149420261383057"
"87","0.09146318584680557","0.09146318584680557","0.09146318584680557"
"88","0.09144341200590134","0.09144341200590134","0.09144341200590134"
"89","0.09142348915338516","0.09142348915338516","0.09142348915338516"
"90","0.09139879047870636","0.09139879047870636","0.09139879047870636"
"91","0.09137401729822159","0.09137401729822159","0.09137401729822159"
"92","0.09135033190250397","0.09135033190250397","0.09135033190250397"
"93","0.09131517261266708","0.09131517261266708","0.09131517261266708"
"94","0.09131212532520294","0.09131212532520294","0.09131212532520294"
"95","0.0912850946187973","0.0912850946187973","0.0912850946187973"
"96","0.09125220030546188","0.09125220030546188","0.09125220030546188"
"97","0.09123103320598602","0.09123103320598602","0.09123103320598602"
"98","0.09121852368116379","0.09121852368116379","0.09121852368116379"
"99","0.0911964550614357","0.0911964550614357","0.0911964550614357"
"100","0.0911705419421196","0.0911705419421196","0.0911705419421196"
"101","0.09117411077022552","0.09117411077022552","0.09117411077022552"
"102","0.09111683070659637","0.09111683070659637","0.09111683070659637"
"103","0.09108827263116837","0.09108827263116837","0.09108827263116837"
"104","0.09107235074043274","0.09107235074043274","0.09107235074043274"
"105","0.09104447811841965","0.09104447811841965","0.09104447811841965"
"106","0.09102320671081543","0.09102320671081543","0.09102320671081543"
"107","0.09099900722503662","0.09099900722503662","0.09099900722503662"
"108","0.09097882360219955","0.09097882360219955","0.09097882360219955"
"109","0.09095512330532074","0.09095512330532074","0.09095512330532074"
"110","0.09091688692569733","0.09091688692569733","0.09091688692569733"
"111","0.09089749306440353","0.09089749306440353","0.09089749306440353"
"112","0.09087464213371277","0.09087464213371277","0.09087464213371277"
"113","0.0908527597784996","0.0908527597784996","0.0908527597784996"
"114","0.09082786738872528","0.09082786738872528","0.09082786738872528"
"115","0.0908016487956047","0.0908016487956047","0.0908016487956047"
"116","0.09077654033899307","0.09077654033899307","0.09077654033899307"
"117","0.0907650887966156","0.0907650887966156","0.0907650887966156"
"118","0.09073915332555771","0.09073915332555771","0.09073915332555771"
"119","0.09071999788284302","0.09071999788284302","0.09071999788284302"
"120","0.09070948511362076","0.09070948511362076","0.09070948511362076"
"121","0.09068571776151657","0.09068571776151657","0.09068571776151657"
"122","0.0906594842672348","0.0906594842672348","0.0906594842672348"
"123","0.09064380079507828","0.09064380079507828","0.09064380079507828"
"124","0.09061048179864883","0.09061048179864883","0.09061048179864883"
"125","0.0905844196677208","0.0905844196677208","0.0905844196677208"
"126","0.09057318419218063","0.09057318419218063","0.09057318419218063"
"127","0.09055721759796143","0.09055721759796143","0.09055721759796143"
"128","0.0905223935842514","0.0905223935842514","0.0905223935842514"
"129","0.09050750732421875","0.09050750732421875","0.09050750732421875"
"130","0.09048127382993698","0.09048127382993698","0.09048127382993698"
"131","0.09046535938978195","0.09046535938978195","0.09046535938978195"
"132","0.09044000506401062","0.09044000506401062","0.09044000506401062"
"133","0.09040708094835281","0.09040708094835281","0.09040708094835281"
"134","0.09037511050701141","0.09037511050701141","0.09037511050701141"
"135","0.09035684913396835","0.09035684913396835","0.09035684913396835"
"136","0.0903332531452179","0.0903332531452179","0.0903332531452179"
"137","0.0903131365776062","0.0903131365776062","0.0903131365776062"
"138","0.0902908444404602","0.0902908444404602","0.0902908444404602"
"139","0.09026183187961578","0.09026183187961578","0.09026183187961578"
"140","0.09024449437856674","0.09024449437856674","0.09024449437856674"
"141","0.09023375064134598","0.09023375064134598","0.09023375064134598"
"142","0.09022095054388046","0.09022095054388046","0.09022095054388046"
"143","0.09018117934465408","0.09018117934465408","0.09018117934465408"
"144","0.0901632234454155","0.0901632234454155","0.0901632234454155"
"145","0.0901462584733963","0.0901462584733963","0.0901462584733963"
"146","0.0901251882314682","0.0901251882314682","0.0901251882314682"
"147","0.09009787440299988","0.09009787440299988","0.09009787440299988"
"148","0.09007204324007034","0.09007204324007034","0.09007204324007034"
"149","0.09005028754472733","0.09005028754472733","0.09005028754472733"
"150","0.09002528339624405","0.09002528339624405","0.09002528339624405"
"151","0.0900028869509697","0.0900028869509697","0.0900028869509697"
"152","0.08998402208089828","0.08998402208089828","0.08998402208089828"
"153","0.08996675908565521","0.08996675908565521","0.08996675908565521"
"154","0.08995545655488968","0.08995545655488968","0.08995545655488968"
"155","0.08993202447891235","0.08993202447891235","0.08993202447891235"
"156","0.0899132713675499","0.0899132713675499","0.0899132713675499"
"157","0.08990510553121567","0.08990510553121567","0.08990510553121567"
"158","0.08987699449062347","0.08987699449062347","0.08987699449062347"
"159","0.08986706286668777","0.08986706286668777","0.08986706286668777"
"160","0.08985964953899384","0.08985964953899384","0.08985964953899384"
"161","0.08982542902231216","0.08982542902231216","0.08982542902231216"
"162","0.08980686217546463","0.08980686217546463","0.08980686217546463"
"163","0.08978623896837234","0.08978623896837234","0.08978623896837234"
"164","0.08977822214365005","0.08977822214365005","0.08977822214365005"
"165","0.0897589698433876","0.0897589698433876","0.0897589698433876"
"166","0.08975251019001007","0.08975251019001007","0.08975251019001007"
"167","0.08973357081413269","0.08973357081413269","0.08973357081413269"
"168","0.08971363306045532","0.08971363306045532","0.08971363306045532"
"169","0.08969400823116302","0.08969400823116302","0.08969400823116302"
"170","0.0896824449300766","0.0896824449300766","0.0896824449300766"
"171","0.08966236561536789","0.08966236561536789","0.08966236561536789"
"172","0.08964879810810089","0.08964879810810089","0.08964879810810089"
"173","0.08962654322385788","0.08962654322385788","0.08962654322385788"
"174","0.0896172970533371","0.0896172970533371","0.0896172970533371"
"175","0.08960454165935516","0.08960454165935516","0.08960454165935516"
"176","0.08957795798778534","0.08957795798778534","0.08957795798778534"
"177","0.08956288546323776","0.08956288546323776","0.08956288546323776"
"178","0.08955564349889755","0.08955564349889755","0.08955564349889755"
"179","0.08952856808900833","0.08952856808900833","0.08952856808900833"
"180","0.08952305465936661","0.08952305465936661","0.08952305465936661"
"181","0.08951245248317719","0.08951245248317719","0.08951245248317719"
"182","0.08950554579496384","0.08950554579496384","0.08950554579496384"
"183","0.08950179070234299","0.08950179070234299","0.08950179070234299"
"184","0.08947417885065079","0.08947417885065079","0.08947417885065079"
"185","0.08946242183446884","0.08946242183446884","0.08946242183446884"
"186","0.08945128321647644","0.08945128321647644","0.08945128321647644"
"187","0.08944825083017349","0.08944825083017349","0.08944825083017349"
"188","0.08942872285842896","0.08942872285842896","0.08942872285842896"
"189","0.08942285180091858","0.08942285180091858","0.08942285180091858"
"190","0.08941099792718887","0.08941099792718887","0.08941099792718887"
"191","0.08939063549041748","0.08939063549041748","0.08939063549041748"
"192","0.08939529210329056","0.08939529210329056","0.08939529210329056"
"193","0.08938319981098175","0.08938319981098175","0.08938319981098175"
"194","0.08936715871095657","0.08936715871095657","0.08936715871095657"
"195","0.08936018496751785","0.08936018496751785","0.08936018496751785"
"196","0.0893443301320076","0.0893443301320076","0.0893443301320076"
"197","0.08933576941490173","0.08933576941490173","0.08933576941490173"
"198","0.08933152258396149","0.08933152258396149","0.08933152258396149"
"199","0.08932194858789444","0.08932194858789444","0.08932194858789444"
"200","0.08931364119052887","0.08931364119052887","0.08931364119052887"
"201","0.08930400758981705","0.08930400758981705","0.08930400758981705"
"202","0.08929460495710373","0.08929460495710373","0.08929460495710373"
"203","0.08927752822637558","0.08927752822637558","0.08927752822637558"
"204","0.08927852660417557","0.08927852660417557","0.08927852660417557"
"205","0.08927112072706223","0.08927112072706223","0.08927112072706223"
"206","0.08925814181566238","0.08925814181566238","0.08925814181566238"
"207","0.08925341814756393","0.08925341814756393","0.08925341814756393"
"208","0.08924171328544617","0.08924171328544617","0.08924171328544617"
"209","0.0892326831817627","0.0892326831817627","0.0892326831817627"
"210","0.08924470841884613","0.08924470841884613","0.08924470841884613"
"211","0.08921746909618378","0.08921746909618378","0.08921746909618378"
"212","0.08920915424823761","0.08920915424823761","0.08920915424823761"
"213","0.08921191096305847","0.08921191096305847","0.08921191096305847"
"214","0.08919169008731842","0.08919169008731842","0.08919169008731842"
"215","0.08918433636426926","0.08918433636426926","0.08918433636426926"
"216","0.08917436003684998","0.08917436003684998","0.08917436003684998"
"217","0.08916481584310532","0.08916481584310532","0.08916481584310532"
"218","0.08915700763463974","0.08915700763463974","0.08915700763463974"
"219","0.08915901184082031","0.08915901184082031","0.08915901184082031"
"220","0.08915883302688599","0.08915883302688599","0.08915883302688599"
"221","0.08915387839078903","0.08915387839078903","0.08915387839078903"
"222","0.08914006501436234","0.08914006501436234","0.08914006501436234"
"223","0.0891319066286087","0.0891319066286087","0.0891319066286087"
"224","0.08911711722612381","0.08911711722612381","0.08911711722612381"
"225","0.08912312984466553","0.08912312984466553","0.08912312984466553"
"226","0.0891127660870552","0.0891127660870552","0.0891127660870552"
"227","0.08911111205816269","0.08911111205816269","0.08911111205816269"
"228","0.08909612149000168","0.08909612149000168","0.08909612149000168"
"229","0.08908489346504211","0.08908489346504211","0.08908489346504211"
"230","0.08908293396234512","0.08908293396234512","0.08908293396234512"
"231","0.08907831460237503","0.08907831460237503","0.08907831460237503"
"232","0.0890689566731453","0.0890689566731453","0.0890689566731453"
"233","0.08906310051679611","0.08906310051679611","0.08906310051679611"
"234","0.08905636519193649","0.08905636519193649","0.08905636519193649"
"235","0.08905300498008728","0.08905300498008728","0.08905300498008728"
"236","0.08904559165239334","0.08904559165239334","0.08904559165239334"
"237","0.0890420451760292","0.0890420451760292","0.0890420451760292"
"238","0.08903579413890839","0.08903579413890839","0.08903579413890839"
"239","0.08902858197689056","0.08902858197689056","0.08902858197689056"
"240","0.08903416246175766","0.08903416246175766","0.08903416246175766"
"241","0.08901850879192352","0.08901850879192352","0.08901850879192352"
"242","0.08900662511587143","0.08900662511587143","0.08900662511587143"
"243","0.08899708837270737","0.08899708837270737","0.08899708837270737"
"244","0.08898715674877167","0.08898715674877167","0.08898715674877167"
"245","0.08898568898439407","0.08898568898439407","0.08898568898439407"
"246","0.08898958563804626","0.08898958563804626","0.08898958563804626"
"247","0.08897463232278824","0.08897463232278824","0.08897463232278824"
"248","0.08896076679229736","0.08896076679229736","0.08896076679229736"
"249","0.08895528316497803","0.08895528316497803","0.08895528316497803"
"250","0.08895736187696457","0.08895736187696457","0.08895736187696457"
"251","0.08895247429609299","0.08895247429609299","0.08895247429609299"
"252","0.08895321935415268","0.08895321935415268","0.08895321935415268"
"253","0.08894389122724533","0.08894389122724533","0.08894389122724533"
"254","0.08893649280071259","0.08893649280071259","0.08893649280071259"
"255","0.08893659710884094","0.08893659710884094","0.08893659710884094"
"256","0.08893205225467682","0.08893205225467682","0.08893205225467682"
"257","0.08892238885164261","0.08892238885164261","0.08892238885164261"
"258","0.08891803026199341","0.08891803026199341","0.08891803026199341"
"259","0.08891112357378006","0.08891112357378006","0.08891112357378006"
"260","0.08891642093658447","0.08891642093658447","0.08891642093658447"
"261","0.08890426903963089","0.08890426903963089","0.08890426903963089"
"262","0.08890599757432938","0.08890599757432938","0.08890599757432938"
"263","0.08889874070882797","0.08889874070882797","0.08889874070882797"
"264","0.08889614045619965","0.08889614045619965","0.08889614045619965"
"265","0.08888623863458633","0.08888623863458633","0.08888623863458633"
"266","0.08888226002454758","0.08888226002454758","0.08888226002454758"
"267","0.08887983113527298","0.08887983113527298","0.08887983113527298"
"268","0.08887715637683868","0.08887715637683868","0.08887715637683868"
"269","0.08887384831905365","0.08887384831905365","0.08887384831905365"
"270","0.08887360990047455","0.08887360990047455","0.08887360990047455"
"271","0.08886295557022095","0.08886295557022095","0.08886295557022095"
"272","0.08886817842721939","0.08886817842721939","0.08886817842721939"
"273","0.08885263651609421","0.08885263651609421","0.08885263651609421"
"274","0.08885091543197632","0.08885091543197632","0.08885091543197632"
"275","0.08885018527507782","0.08885018527507782","0.08885018527507782"
"276","0.08883677423000336","0.08883677423000336","0.08883677423000336"
"277","0.08882900327444077","0.08882900327444077","0.08882900327444077"
"278","0.08883130550384521","0.08883130550384521","0.08883130550384521"
"279","0.08883923292160034","0.08883923292160034","0.08883923292160034"
"280","0.088814876973629","0.088814876973629","0.088814876973629"
"281","0.08881904929876328","0.08881904929876328","0.08881904929876328"
"282","0.08880969136953354","0.08880969136953354","0.08880969136953354"
"283","0.08879958838224411","0.08879958838224411","0.08879958838224411"
"284","0.08879345655441284","0.08879345655441284","0.08879345655441284"
"285","0.08879411220550537","0.08879411220550537","0.08879411220550537"
"286","0.08878803998231888","0.08878803998231888","0.08878803998231888"
"287","0.08878672868013382","0.08878672868013382","0.08878672868013382"
"288","0.08878082782030106","0.08878082782030106","0.08878082782030106"
"289","0.08877403289079666","0.08877403289079666","0.08877403289079666"
"290","0.08877327293157578","0.08877327293157578","0.08877327293157578"
"291","0.08876948058605194","0.08876948058605194","0.08876948058605194"
"292","0.08877861499786377","0.08877861499786377","0.08877861499786377"
"293","0.08876894414424896","0.08876894414424896","0.08876894414424896"
"294","0.08877568691968918","0.08877568691968918","0.08877568691968918"
"295","0.0887601301074028","0.0887601301074028","0.0887601301074028"
"296","0.08875991404056549","0.08875991404056549","0.08875991404056549"
"297","0.0887410044670105","0.0887410044670105","0.0887410044670105"
"298","0.08874832838773727","0.08874832838773727","0.08874832838773727"
"299","0.08874102681875229","0.08874102681875229","0.08874102681875229"
"300","0.08872640877962112","0.08872640877962112","0.08872640877962112"
"301","0.08872025460004807","0.08872025460004807","0.08872025460004807"
"302","0.0887153297662735","0.0887153297662735","0.0887153297662735"
"303","0.08871956169605255","0.08871956169605255","0.08871956169605255"
"304","0.0887095108628273","0.0887095108628273","0.0887095108628273"
"305","0.08870866894721985","0.08870866894721985","0.08870866894721985"
"306","0.08871050179004669","0.08871050179004669","0.08871050179004669"
"307","0.08870922029018402","0.08870922029018402","0.08870922029018402"
"308","0.08869517594575882","0.08869517594575882","0.08869517594575882"
"309","0.08869443833827972","0.08869443833827972","0.08869443833827972"
"310","0.08868861943483353","0.08868861943483353","0.08868861943483353"
"311","0.0886915773153305","0.0886915773153305","0.0886915773153305"
"312","0.08869365602731705","0.08869365602731705","0.08869365602731705"
"313","0.08868459612131119","0.08868459612131119","0.08868459612131119"
"314","0.0886860266327858","0.0886860266327858","0.0886860266327858"
"315","0.08868423104286194","0.08868423104286194","0.08868423104286194"
"316","0.088680699467659","0.088680699467659","0.088680699467659"
"317","0.08867593109607697","0.08867593109607697","0.08867593109607697"
"318","0.08867504447698593","0.08867504447698593","0.08867504447698593"
"319","0.08866120129823685","0.08866120129823685","0.08866120129823685"
"320","0.08864913135766983","0.08864913135766983","0.08864913135766983"
"321","0.08866138011217117","0.08866138011217117","0.08866138011217117"
"322","0.08865862339735031","0.08865862339735031","0.08865862339735031"
"323","0.08865910023450851","0.08865910023450851","0.08865910023450851"
"324","0.08865664154291153","0.08865664154291153","0.08865664154291153"
"325","0.08864697068929672","0.08864697068929672","0.08864697068929672"
"326","0.08864019811153412","0.08864019811153412","0.08864019811153412"
"327","0.08864915370941162","0.08864915370941162","0.08864915370941162"
"328","0.08864323794841766","0.08864323794841766","0.08864323794841766"
"329","0.08863405883312225","0.08863405883312225","0.08863405883312225"
"330","0.08862905949354172","0.08862905949354172","0.08862905949354172"
"331","0.08862768113613129","0.08862768113613129","0.08862768113613129"
"332","0.08863428235054016","0.08863428235054016","0.08863428235054016"
"333","0.08863562345504761","0.08863562345504761","0.08863562345504761"
"334","0.08862775564193726","0.08862775564193726","0.08862775564193726"
"335","0.08862421661615372","0.08862421661615372","0.08862421661615372"
"336","0.0886257067322731","0.0886257067322731","0.0886257067322731"
"337","0.08861697465181351","0.08861697465181351","0.08861697465181351"
"338","0.08862470835447311","0.08862470835447311","0.08862470835447311"
"339","0.08861629664897919","0.08861629664897919","0.08861629664897919"
"340","0.08861341327428818","0.08861341327428818","0.08861341327428818"
"341","0.08861593157052994","0.08861593157052994","0.08861593157052994"
"342","0.08860841393470764","0.08860841393470764","0.08860841393470764"
"343","0.08861169964075089","0.08861169964075089","0.08861169964075089"
"344","0.0886097103357315","0.0886097103357315","0.0886097103357315"
"345","0.08861285448074341","0.08861285448074341","0.08861285448074341"
"346","0.0886206105351448","0.0886206105351448","0.0886206105351448"
"347","0.08860926330089569","0.08860926330089569","0.08860926330089569"
"348","0.08861489593982697","0.08861489593982697","0.08861489593982697"
"349","0.08859683573246002","0.08859683573246002","0.08859683573246002"
"350","0.08859177678823471","0.08859177678823471","0.08859177678823471"
"351","0.08858439326286316","0.08858439326286316","0.08858439326286316"
"352","0.08857644349336624","0.08857644349336624","0.08857644349336624"
"353","0.08857835084199905","0.08857835084199905","0.08857835084199905"
"354","0.08858420699834824","0.08858420699834824","0.08858420699834824"
"355","0.088579460978508","0.088579460978508","0.088579460978508"
"356","0.08857513964176178","0.08857513964176178","0.08857513964176178"
"357","0.08856935054063797","0.08856935054063797","0.08856935054063797"
"358","0.08857445418834686","0.08857445418834686","0.08857445418834686"
"359","0.08856257051229477","0.08856257051229477","0.08856257051229477"
"360","0.0885659009218216","0.0885659009218216","0.0885659009218216"
"361","0.08856123685836792","0.08856123685836792","0.08856123685836792"
"362","0.08854620903730392","0.08854620903730392","0.08854620903730392"
"363","0.08854534476995468","0.08854534476995468","0.08854534476995468"
"364","0.08854033052921295","0.08854033052921295","0.08854033052921295"
"365","0.08854147791862488","0.08854147791862488","0.08854147791862488"
"366","0.0885261744260788","0.0885261744260788","0.0885261744260788"
"367","0.0885283425450325","0.0885283425450325","0.0885283425450325"
"368","0.08853188157081604","0.08853188157081604","0.08853188157081604"
"369","0.08852352946996689","0.08852352946996689","0.08852352946996689"
"370","0.08852067589759827","0.08852067589759827","0.08852067589759827"
"371","0.08853120356798172","0.08853120356798172","0.08853120356798172"
"372","0.08852013200521469","0.08852013200521469","0.08852013200521469"
"373","0.08851524442434311","0.08851524442434311","0.08851524442434311"
"374","0.08850405365228653","0.08850405365228653","0.08850405365228653"
"375","0.08850271999835968","0.08850271999835968","0.08850271999835968"
"376","0.08850103616714478","0.08850103616714478","0.08850103616714478"
"377","0.08849699050188065","0.08849699050188065","0.08849699050188065"
"378","0.08849059045314789","0.08849059045314789","0.08849059045314789"
"379","0.08849095553159714","0.08849095553159714","0.08849095553159714"
"380","0.08847866952419281","0.08847866952419281","0.08847866952419281"
"381","0.08848731219768524","0.08848731219768524","0.08848731219768524"
"382","0.08847086876630783","0.08847086876630783","0.08847086876630783"
"383","0.08847694098949432","0.08847694098949432","0.08847694098949432"
"384","0.08846699446439743","0.08846699446439743","0.08846699446439743"
"385","0.08846867829561234","0.08846867829561234","0.08846867829561234"
"386","0.08846884220838547","0.08846884220838547","0.08846884220838547"
"387","0.08845819532871246","0.08845819532871246","0.08845819532871246"
"388","0.08845660835504532","0.08845660835504532","0.08845660835504532"
"389","0.08845739811658859","0.08845739811658859","0.08845739811658859"
"390","0.0884503647685051","0.0884503647685051","0.0884503647685051"
"391","0.08844666928052902","0.08844666928052902","0.08844666928052902"
"392","0.08844123780727386","0.08844123780727386","0.08844123780727386"
"393","0.08843529969453812","0.08843529969453812","0.08843529969453812"
"394","0.08843732625246048","0.08843732625246048","0.08843732625246048"
"395","0.08843937516212463","0.08843937516212463","0.08843937516212463"
"396","0.08842983096837997","0.08842983096837997","0.08842983096837997"
"397","0.08842944353818893","0.08842944353818893","0.08842944353818893"
"398","0.08843312412500381","0.08843312412500381","0.08843312412500381"
"399","0.08842088282108307","0.08842088282108307","0.08842088282108307"
"400","0.08841971307992935","0.08841971307992935","0.08841971307992935"
"401","0.08842113614082336","0.08842113614082336","0.08842113614082336"
"402","0.08840857446193695","0.08840857446193695","0.08840857446193695"
"403","0.08840642869472504","0.08840642869472504","0.08840642869472504"
"404","0.08840092271566391","0.08840092271566391","0.08840092271566391"
"405","0.0883985310792923","0.0883985310792923","0.0883985310792923"
"406","0.08838893473148346","0.08838893473148346","0.08838893473148346"
"407","0.08838378638029099","0.08838378638029099","0.08838378638029099"
"408","0.08838271349668503","0.08838271349668503","0.08838271349668503"
"409","0.08838257193565369","0.08838257193565369","0.08838257193565369"
"410","0.08837617933750153","0.08837617933750153","0.08837617933750153"
"411","0.08836584538221359","0.08836584538221359","0.08836584538221359"
"412","0.08837740123271942","0.08837740123271942","0.08837740123271942"
"413","0.08836906403303146","0.08836906403303146","0.08836906403303146"
"414","0.08836361020803452","0.08836361020803452","0.08836361020803452"
"415","0.08838213980197906","0.08838213980197906","0.08838213980197906"
"416","0.08836300671100616","0.08836300671100616","0.08836300671100616"
"417","0.08837159723043442","0.08837159723043442","0.08837159723043442"
"418","0.08836489170789719","0.08836489170789719","0.08836489170789719"
"419","0.08836173266172409","0.08836173266172409","0.08836173266172409"
"420","0.08835306018590927","0.08835306018590927","0.08835306018590927"
"421","0.08835456520318985","0.08835456520318985","0.08835456520318985"
"422","0.0883609801530838","0.0883609801530838","0.0883609801530838"
"423","0.08834844082593918","0.08834844082593918","0.08834844082593918"
"424","0.08835271000862122","0.08835271000862122","0.08835271000862122"
"425","0.08834575861692429","0.08834575861692429","0.08834575861692429"
"426","0.08834522217512131","0.08834522217512131","0.08834522217512131"
"427","0.08835068345069885","0.08835068345069885","0.08835068345069885"
"428","0.08833639323711395","0.08833639323711395","0.08833639323711395"
"429","0.08834324032068253","0.08834324032068253","0.08834324032068253"
"430","0.08833522349596024","0.08833522349596024","0.08833522349596024"
"431","0.08833718299865723","0.08833718299865723","0.08833718299865723"
"432","0.08833497762680054","0.08833497762680054","0.08833497762680054"
"433","0.08833213150501251","0.08833213150501251","0.08833213150501251"
"434","0.08833367377519608","0.08833367377519608","0.08833367377519608"
"435","0.08833364397287369","0.08833364397287369","0.08833364397287369"
"436","0.08833801746368408","0.08833801746368408","0.08833801746368408"
"437","0.08833804726600647","0.08833804726600647","0.08833804726600647"
"438","0.08833231031894684","0.08833231031894684","0.08833231031894684"
"439","0.08832874894142151","0.08832874894142151","0.08832874894142151"
"440","0.08832979947328568","0.08832979947328568","0.08832979947328568"
"441","0.08833985775709152","0.08833985775709152","0.08833985775709152"
"442","0.08834054321050644","0.08834054321050644","0.08834054321050644"
"443","0.0883290246129036","0.0883290246129036","0.0883290246129036"
"444","0.08833002299070358","0.08833002299070358","0.08833002299070358"
"445","0.08833130449056625","0.08833130449056625","0.08833130449056625"
"446","0.08832976967096329","0.08832976967096329","0.08832976967096329"
"447","0.08832600712776184","0.08832600712776184","0.08832600712776184"
"448","0.0883437916636467","0.0883437916636467","0.0883437916636467"
"449","0.08833508938550949","0.08833508938550949","0.08833508938550949"
"450","0.08832848072052002","0.08832848072052002","0.08832848072052002"
"451","0.08833209425210953","0.08833209425210953","0.08833209425210953"
"452","0.08832351863384247","0.08832351863384247","0.08832351863384247"
"453","0.08832155168056488","0.08832155168056488","0.08832155168056488"
"454","0.08833535760641098","0.08833535760641098","0.08833535760641098"
"455","0.08833281695842743","0.08833281695842743","0.08833281695842743"
"456","0.08831948041915894","0.08831948041915894","0.08831948041915894"
"457","0.08832315355539322","0.08832315355539322","0.08832315355539322"
"458","0.08833364397287369","0.08833364397287369","0.08833364397287369"
"459","0.08832747489213943","0.08832747489213943","0.08832747489213943"
"460","0.08832583576440811","0.08832583576440811","0.08832583576440811"
"461","0.08832298219203949","0.08832298219203949","0.08832298219203949"
"462","0.0883193239569664","0.0883193239569664","0.0883193239569664"
"463","0.08831324428319931","0.08831324428319931","0.08831324428319931"
"464","0.08832786977291107","0.08832786977291107","0.08832786977291107"
"465","0.08831710368394852","0.08831710368394852","0.08831710368394852"
"466","0.08832449465990067","0.08832449465990067","0.08832449465990067"
"467","0.08832157403230667","0.08832157403230667","0.08832157403230667"
"468","0.08831340074539185","0.08831340074539185","0.08831340074539185"
"469","0.08832141757011414","0.08832141757011414","0.08832141757011414"
"470","0.08832688629627228","0.08832688629627228","0.08832688629627228"
"471","0.08833205699920654","0.08833205699920654","0.08833205699920654"
"472","0.08832358568906784","0.08832358568906784","0.08832358568906784"
"473","0.08832497894763947","0.08832497894763947","0.08832497894763947"
"474","0.08832728862762451","0.08832728862762451","0.08832728862762451"
"475","0.08832721412181854","0.08832721412181854","0.08832721412181854"
"476","0.08832690119743347","0.08832690119743347","0.08832690119743347"
"477","0.08833687007427216","0.08833687007427216","0.08833687007427216"
"478","0.08833251893520355","0.08833251893520355","0.08833251893520355"
"479","0.08833387494087219","0.08833387494087219","0.08833387494087219"
"480","0.08833567798137665","0.08833567798137665","0.08833567798137665"
"481","0.08833210915327072","0.08833210915327072","0.08833210915327072"
"482","0.08833517134189606","0.08833517134189606","0.08833517134189606"
"483","0.08832699060440063","0.08832699060440063","0.08832699060440063"
"484","0.08832496404647827","0.08832496404647827","0.08832496404647827"
"485","0.08832573890686035","0.08832573890686035","0.08832573890686035"
"486","0.08832070976495743","0.08832070976495743","0.08832070976495743"
"487","0.088326096534729","0.088326096534729","0.088326096534729"
"488","0.08833082020282745","0.08833082020282745","0.08833082020282745"
"489","0.08832960575819016","0.08832960575819016","0.08832960575819016"
"490","0.08832641690969467","0.08832641690969467","0.08832641690969467"
"491","0.08833830803632736","0.08833830803632736","0.08833830803632736"
"492","0.08832809329032898","0.08832809329032898","0.08832809329032898"
"493","0.08832655847072601","0.08832655847072601","0.08832655847072601"
"494","0.08832582086324692","0.08832582086324692","0.08832582086324692"
"495","0.08832491189241409","0.08832491189241409","0.08832491189241409"
"496","0.08833504468202591","0.08833504468202591","0.08833504468202591"
"497","0.0883248969912529","0.0883248969912529","0.0883248969912529"
"498","0.08832519501447678","0.08832519501447678","0.08832519501447678"
"499","0.08832171559333801","0.08832171559333801","0.08832171559333801"
"500","0.08831848949193954","0.08831848949193954","0.08831848949193954"
"501","0.08831828832626343","0.08831828832626343","0.08831828832626343"
"502","0.08833600580692291","0.08833600580692291","0.08833600580692291"
"503","0.08832095563411713","0.08832095563411713","0.08832095563411713"
"504","0.08832116425037384","0.08832116425037384","0.08832116425037384"
"505","0.0883251205086708","0.0883251205086708","0.0883251205086708"
"506","0.08832184970378876","0.08832184970378876","0.08832184970378876"
"507","0.08831823617219925","0.08831823617219925","0.08831823617219925"
"508","0.08831486850976944","0.08831486850976944","0.08831486850976944"
"509","0.08831868320703506","0.08831868320703506","0.08831868320703506"
"510","0.0883134976029396","0.0883134976029396","0.0883134976029396"
"511","0.0883137583732605","0.0883137583732605","0.0883137583732605"
"512","0.08832009881734848","0.08832009881734848","0.08832009881734848"
"513","0.08832664042711258","0.08832664042711258","0.08832664042711258"
"514","0.08831239491701126","0.08831239491701126","0.08831239491701126"
"515","0.08831335604190826","0.08831335604190826","0.08831335604190826"
"516","0.08832773566246033","0.08832773566246033","0.08832773566246033"
"517","0.08831040561199188","0.08831040561199188","0.08831040561199188"
"518","0.08831271529197693","0.08831271529197693","0.08831271529197693"
"519","0.08831441402435303","0.08831441402435303","0.08831441402435303"
"520","0.0883067175745964","0.0883067175745964","0.0883067175745964"
"521","0.08831015229225159","0.08831015229225159","0.08831015229225159"
"522","0.08831966668367386","0.08831966668367386","0.08831966668367386"
"523","0.08831846714019775","0.08831846714019775","0.08831846714019775"
"524","0.0883152186870575","0.0883152186870575","0.0883152186870575"
"525","0.0883222296833992","0.0883222296833992","0.0883222296833992"
"526","0.0883178636431694","0.0883178636431694","0.0883178636431694"
"527","0.08831405639648438","0.08831405639648438","0.08831405639648438"
"528","0.0883181244134903","0.0883181244134903","0.0883181244134903"
"529","0.08831338584423065","0.08831338584423065","0.08831338584423065"
"530","0.08832007646560669","0.08832007646560669","0.08832007646560669"
"531","0.08832655847072601","0.08832655847072601","0.08832655847072601"
"532","0.08831989020109177","0.08831989020109177","0.08831989020109177"
"533","0.0883239358663559","0.0883239358663559","0.0883239358663559"
"534","0.0883290022611618","0.0883290022611618","0.0883290022611618"
"535","0.08832061290740967","0.08832061290740967","0.08832061290740967"
"536","0.08832595497369766","0.08832595497369766","0.08832595497369766"
"537","0.08832702040672302","0.08832702040672302","0.08832702040672302"
"538","0.08833007514476776","0.08833007514476776","0.08833007514476776"
"539","0.0883265808224678","0.0883265808224678","0.0883265808224678"
"540","0.08833218365907669","0.08833218365907669","0.08833218365907669"
"541","0.08832090348005295","0.08832090348005295","0.08832090348005295"
"542","0.0883098915219307","0.0883098915219307","0.0883098915219307"
"543","0.08831313252449036","0.08831313252449036","0.08831313252449036"
"544","0.08831088989973068","0.08831088989973068","0.08831088989973068"
"545","0.08830428123474121","0.08830428123474121","0.08830428123474121"
"546","0.088302843272686","0.088302843272686","0.088302843272686"
"547","0.0882963240146637","0.0882963240146637","0.0882963240146637"
"548","0.08829599618911743","0.08829599618911743","0.08829599618911743"
"549","0.08829365670681","0.08829365670681","0.08829365670681"
"550","0.08828021585941315","0.08828021585941315","0.08828021585941315"
"551","0.08827008306980133","0.08827008306980133","0.08827008306980133"
"552","0.0882694348692894","0.0882694348692894","0.0882694348692894"
"553","0.08827333897352219","0.08827333897352219","0.08827333897352219"
"554","0.08826018124818802","0.08826018124818802","0.08826018124818802"
"555","0.08825927972793579","0.08825927972793579","0.08825927972793579"
"556","0.08825041353702545","0.08825041353702545","0.08825041353702545"
"557","0.08825071156024933","0.08825071156024933","0.08825071156024933"
"558","0.08824363350868225","0.08824363350868225","0.08824363350868225"
"559","0.08823101967573166","0.08823101967573166","0.08823101967573166"
"560","0.08823231607675552","0.08823231607675552","0.08823231607675552"
"561","0.08822887390851974","0.08822887390851974","0.08822887390851974"
"562","0.08821553736925125","0.08821553736925125","0.08821553736925125"
"563","0.08822771906852722","0.08822771906852722","0.08822771906852722"
"564","0.08821646869182587","0.08821646869182587","0.08821646869182587"
"565","0.08821379393339157","0.08821379393339157","0.08821379393339157"
"566","0.0882113054394722","0.0882113054394722","0.0882113054394722"
"567","0.08820753544569016","0.08820753544569016","0.08820753544569016"
"568","0.08819971978664398","0.08819971978664398","0.08819971978664398"
"569","0.08819788694381714","0.08819788694381714","0.08819788694381714"
"570","0.08820756524801254","0.08820756524801254","0.08820756524801254"
"571","0.08818940818309784","0.08818940818309784","0.08818940818309784"
"572","0.08818937093019485","0.08818937093019485","0.08818937093019485"
"573","0.08817882835865021","0.08817882835865021","0.08817882835865021"
"574","0.08818774670362473","0.08818774670362473","0.08818774670362473"
"575","0.08817888796329498","0.08817888796329498","0.08817888796329498"
"576","0.08818551152944565","0.08818551152944565","0.08818551152944565"
"577","0.08818656206130981","0.08818656206130981","0.08818656206130981"
"578","0.08819269388914108","0.08819269388914108","0.08819269388914108"
"579","0.08818738907575607","0.08818738907575607","0.08818738907575607"
"580","0.0881945788860321","0.0881945788860321","0.0881945788860321"
"581","0.08819136768579483","0.08819136768579483","0.08819136768579483"
"582","0.08818883448839188","0.08818883448839188","0.08818883448839188"
"583","0.08819200098514557","0.08819200098514557","0.08819200098514557"
"584","0.08817420154809952","0.08817420154809952","0.08817420154809952"
"585","0.0881810113787651","0.0881810113787651","0.0881810113787651"
"586","0.08817880600690842","0.08817880600690842","0.08817880600690842"
"587","0.08817155659198761","0.08817155659198761","0.08817155659198761"
"588","0.08818333595991135","0.08818333595991135","0.08818333595991135"
"589","0.08818420767784119","0.08818420767784119","0.08818420767784119"
"590","0.08816941827535629","0.08816941827535629","0.08816941827535629"
"591","0.08818087726831436","0.08818087726831436","0.08818087726831436"
"592","0.08816135674715042","0.08816135674715042","0.08816135674715042"
"593","0.08815925568342209","0.08815925568342209","0.08815925568342209"
"594","0.08816220611333847","0.08816220611333847","0.08816220611333847"
"595","0.08816193789243698","0.08816193789243698","0.08816193789243698"
"596","0.08815980702638626","0.08815980702638626","0.08815980702638626"
"597","0.08815483003854752","0.08815483003854752","0.08815483003854752"
"598","0.08815833926200867","0.08815833926200867","0.08815833926200867"
"599","0.08815447241067886","0.08815447241067886","0.08815447241067886"
"600","0.08815954625606537","0.08815954625606537","0.08815954625606537"
"601","0.08814720064401627","0.08814720064401627","0.08814720064401627"
"602","0.08815525472164154","0.08815525472164154","0.08815525472164154"
"603","0.08815167844295502","0.08815167844295502","0.08815167844295502"
"604","0.08813522756099701","0.08813522756099701","0.08813522756099701"
"605","0.08814491331577301","0.08814491331577301","0.08814491331577301"
"606","0.08814297616481781","0.08814297616481781","0.08814297616481781"
"607","0.08813746273517609","0.08813746273517609","0.08813746273517609"
"608","0.0881367176771164","0.0881367176771164","0.0881367176771164"
"609","0.08812887221574783","0.08812887221574783","0.08812887221574783"
"610","0.0881376639008522","0.0881376639008522","0.0881376639008522"
"611","0.08813413977622986","0.08813413977622986","0.08813413977622986"
"612","0.08813530951738358","0.08813530951738358","0.08813530951738358"
"613","0.0881340354681015","0.0881340354681015","0.0881340354681015"
"614","0.08812492340803146","0.08812492340803146","0.08812492340803146"
"615","0.08812174946069717","0.08812174946069717","0.08812174946069717"
"616","0.08813086152076721","0.08813086152076721","0.08813086152076721"
"617","0.08812310546636581","0.08812310546636581","0.08812310546636581"
"618","0.08812867105007172","0.08812867105007172","0.08812867105007172"
"619","0.0881207063794136","0.0881207063794136","0.0881207063794136"
"620","0.0881241038441658","0.0881241038441658","0.0881241038441658"
"621","0.08813104778528214","0.08813104778528214","0.08813104778528214"
"622","0.08812227100133896","0.08812227100133896","0.08812227100133896"
"623","0.08812018483877182","0.08812018483877182","0.08812018483877182"
"624","0.08811204135417938","0.08811204135417938","0.08811204135417938"
"625","0.0881202295422554","0.0881202295422554","0.0881202295422554"
"626","0.08810799568891525","0.08810799568891525","0.08810799568891525"
"627","0.08810708671808243","0.08810708671808243","0.08810708671808243"
"628","0.0881081148982048","0.0881081148982048","0.0881081148982048"
"629","0.08810856193304062","0.08810856193304062","0.08810856193304062"
"630","0.08810607343912125","0.08810607343912125","0.08810607343912125"
"631","0.08810912072658539","0.08810912072658539","0.08810912072658539"
"632","0.08810451626777649","0.08810451626777649","0.08810451626777649"
"633","0.08810357749462128","0.08810357749462128","0.08810357749462128"
"634","0.08810225129127502","0.08810225129127502","0.08810225129127502"
"635","0.08809533715248108","0.08809533715248108","0.08809533715248108"
"636","0.08809910714626312","0.08809910714626312","0.08809910714626312"
"637","0.08809470385313034","0.08809470385313034","0.08809470385313034"
"638","0.08809240907430649","0.08809240907430649","0.08809240907430649"
"639","0.08809099346399307","0.08809099346399307","0.08809099346399307"
"640","0.08809652179479599","0.08809652179479599","0.08809652179479599"
"641","0.08809684216976166","0.08809684216976166","0.08809684216976166"
"642","0.08809435367584229","0.08809435367584229","0.08809435367584229"
"643","0.08809800446033478","0.08809800446033478","0.08809800446033478"
"644","0.08809296786785126","0.08809296786785126","0.08809296786785126"
"645","0.08810481429100037","0.08810481429100037","0.08810481429100037"
"646","0.08809931576251984","0.08809931576251984","0.08809931576251984"
"647","0.08809331059455872","0.08809331059455872","0.08809331059455872"
"648","0.08809595555067062","0.08809595555067062","0.08809595555067062"
"649","0.08809755742549896","0.08809755742549896","0.08809755742549896"
"650","0.08808353543281555","0.08808353543281555","0.08808353543281555"
"651","0.08808407187461853","0.08808407187461853","0.08808407187461853"
"652","0.08808207511901855","0.08808207511901855","0.08808207511901855"
"653","0.08808550983667374","0.08808550983667374","0.08808550983667374"
"654","0.0880741998553276","0.0880741998553276","0.0880741998553276"
"655","0.08808697760105133","0.08808697760105133","0.08808697760105133"
"656","0.08807304501533508","0.08807304501533508","0.08807304501533508"
"657","0.08807455748319626","0.08807455748319626","0.08807455748319626"
"658","0.08808033913373947","0.08808033913373947","0.08808033913373947"
"659","0.08808015286922455","0.08808015286922455","0.08808015286922455"
"660","0.08807998895645142","0.08807998895645142","0.08807998895645142"
"661","0.08807358145713806","0.08807358145713806","0.08807358145713806"
"662","0.08808251470327377","0.08808251470327377","0.08808251470327377"
"663","0.08807340264320374","0.08807340264320374","0.08807340264320374"
"664","0.0880744457244873","0.0880744457244873","0.0880744457244873"
"665","0.08806785941123962","0.08806785941123962","0.08806785941123962"
"666","0.08806963264942169","0.08806963264942169","0.08806963264942169"
"667","0.08807098120450974","0.08807098120450974","0.08807098120450974"
"668","0.08807207643985748","0.08807207643985748","0.08807207643985748"
"669","0.08805821090936661","0.08805821090936661","0.08805821090936661"
"670","0.08806692808866501","0.08806692808866501","0.08806692808866501"
"671","0.08806996047496796","0.08806996047496796","0.08806996047496796"
"672","0.08806141465902328","0.08806141465902328","0.08806141465902328"
"673","0.08805442601442337","0.08805442601442337","0.08805442601442337"
"674","0.08806216716766357","0.08806216716766357","0.08806216716766357"
"675","0.08806408941745758","0.08806408941745758","0.08806408941745758"
"676","0.08806707710027695","0.08806707710027695","0.08806707710027695"
"677","0.08807487785816193","0.08807487785816193","0.08807487785816193"
"678","0.08806213736534119","0.08806213736534119","0.08806213736534119"
"679","0.08806208521127701","0.08806208521127701","0.08806208521127701"
"680","0.08807095885276794","0.08807095885276794","0.08807095885276794"
"681","0.08806190639734268","0.08806190639734268","0.08806190639734268"
"682","0.08805743604898453","0.08805743604898453","0.08805743604898453"
"683","0.08806706219911575","0.08806706219911575","0.08806706219911575"
"684","0.0880608856678009","0.0880608856678009","0.0880608856678009"
"685","0.08804824203252792","0.08804824203252792","0.08804824203252792"
"686","0.088057741522789","0.088057741522789","0.088057741522789"
"687","0.08805496990680695","0.08805496990680695","0.08805496990680695"
"688","0.08805627375841141","0.08805627375841141","0.08805627375841141"
"689","0.08805366605520248","0.08805366605520248","0.08805366605520248"
"690","0.08804778009653091","0.08804778009653091","0.08804778009653091"
"691","0.08804631978273392","0.08804631978273392","0.08804631978273392"
"692","0.08805254846811295","0.08805254846811295","0.08805254846811295"
"693","0.088051937520504","0.088051937520504","0.088051937520504"
"694","0.08805544674396515","0.08805544674396515","0.08805544674396515"
"695","0.0880536139011383","0.0880536139011383","0.0880536139011383"
"696","0.08805834501981735","0.08805834501981735","0.08805834501981735"
"697","0.08806238323450089","0.08806238323450089","0.08806238323450089"
"698","0.08805737644433975","0.08805737644433975","0.08805737644433975"
"699","0.08806505799293518","0.08806505799293518","0.08806505799293518"
"700","0.0880630612373352","0.0880630612373352","0.0880630612373352"
"701","0.0880521610379219","0.0880521610379219","0.0880521610379219"
"702","0.08805210143327713","0.08805210143327713","0.08805210143327713"
"703","0.08804481476545334","0.08804481476545334","0.08804481476545334"
"704","0.08804734796285629","0.08804734796285629","0.08804734796285629"
"705","0.08802547305822372","0.08802547305822372","0.08802547305822372"
"706","0.0880122110247612","0.0880122110247612","0.0880122110247612"
"707","0.08800652623176575","0.08800652623176575","0.08800652623176575"
"708","0.0879882276058197","0.0879882276058197","0.0879882276058197"
"709","0.08797676116228104","0.08797676116228104","0.08797676116228104"
"710","0.08795914053916931","0.08795914053916931","0.08795914053916931"
"711","0.08795075118541718","0.08795075118541718","0.08795075118541718"
"712","0.08793691545724869","0.08793691545724869","0.08793691545724869"
"713","0.08793740719556808","0.08793740719556808","0.08793740719556808"
"714","0.08791980892419815","0.08791980892419815","0.08791980892419815"
"715","0.08789873868227005","0.08789873868227005","0.08789873868227005"
"716","0.08788914978504181","0.08788914978504181","0.08788914978504181"
"717","0.08788030594587326","0.08788030594587326","0.08788030594587326"
"718","0.08787846565246582","0.08787846565246582","0.08787846565246582"
"719","0.08786985278129578","0.08786985278129578","0.08786985278129578"
"720","0.0878598690032959","0.0878598690032959","0.0878598690032959"
"721","0.08786275237798691","0.08786275237798691","0.08786275237798691"
"722","0.08785499632358551","0.08785499632358551","0.08785499632358551"
"723","0.08783857524394989","0.08783857524394989","0.08783857524394989"
"724","0.08783955127000809","0.08783955127000809","0.08783955127000809"
"725","0.08782531321048737","0.08782531321048737","0.08782531321048737"
"726","0.08784081041812897","0.08784081041812897","0.08784081041812897"
"727","0.08782301098108292","0.08782301098108292","0.08782301098108292"
"728","0.08782009780406952","0.08782009780406952","0.08782009780406952"
"729","0.08781608939170837","0.08781608939170837","0.08781608939170837"
"730","0.0878155454993248","0.0878155454993248","0.0878155454993248"
"731","0.08781278878450394","0.08781278878450394","0.08781278878450394"
"732","0.08780806511640549","0.08780806511640549","0.08780806511640549"
"733","0.08780941367149353","0.08780941367149353","0.08780941367149353"
"734","0.08780255168676376","0.08780255168676376","0.08780255168676376"
"735","0.08780989050865173","0.08780989050865173","0.08780989050865173"
"736","0.08781123161315918","0.08781123161315918","0.08781123161315918"
"737","0.08781423419713974","0.08781423419713974","0.08781423419713974"
"738","0.08781545609235764","0.08781545609235764","0.08781545609235764"
"739","0.08782698959112167","0.08782698959112167","0.08782698959112167"
"740","0.08780770748853683","0.08780770748853683","0.08780770748853683"
"741","0.0878007635474205","0.0878007635474205","0.0878007635474205"
"742","0.08779878914356232","0.08779878914356232","0.08779878914356232"
"743","0.0877930298447609","0.0877930298447609","0.0877930298447609"
"744","0.08781025558710098","0.08781025558710098","0.08781025558710098"
"745","0.08779888600111008","0.08779888600111008","0.08779888600111008"
"746","0.08780276775360107","0.08780276775360107","0.08780276775360107"
"747","0.08779669553041458","0.08779669553041458","0.08779669553041458"
"748","0.08780236542224884","0.08780236542224884","0.08780236542224884"
"749","0.08780401200056076","0.08780401200056076","0.08780401200056076"
"750","0.08780183643102646","0.08780183643102646","0.08780183643102646"
"751","0.08780349045991898","0.08780349045991898","0.08780349045991898"
"752","0.08781181275844574","0.08781181275844574","0.08781181275844574"
"753","0.08780001848936081","0.08780001848936081","0.08780001848936081"
"754","0.08780068904161453","0.08780068904161453","0.08780068904161453"
"755","0.08780516684055328","0.08780516684055328","0.08780516684055328"
"756","0.08778875321149826","0.08778875321149826","0.08778875321149826"
"757","0.08780859410762787","0.08780859410762787","0.08780859410762787"
"758","0.08780038356781006","0.08780038356781006","0.08780038356781006"
"759","0.08780686557292938","0.08780686557292938","0.08780686557292938"
"760","0.08779963850975037","0.08779963850975037","0.08779963850975037"
"761","0.0877988412976265","0.0877988412976265","0.0877988412976265"
"762","0.0877910926938057","0.0877910926938057","0.0877910926938057"
"763","0.08778656274080276","0.08778656274080276","0.08778656274080276"
"764","0.08779768645763397","0.08779768645763397","0.08779768645763397"
"765","0.08778701722621918","0.08778701722621918","0.08778701722621918"
"766","0.08779674768447876","0.08779674768447876","0.08779674768447876"
"767","0.08779142796993256","0.08779142796993256","0.08779142796993256"
"768","0.087796151638031","0.087796151638031","0.087796151638031"
"769","0.08778680115938187","0.08778680115938187","0.08778680115938187"
"770","0.08779019862413406","0.08779019862413406","0.08779019862413406"
"771","0.08779550343751907","0.08779550343751907","0.08779550343751907"
"772","0.08779411762952805","0.08779411762952805","0.08779411762952805"
"773","0.08780169486999512","0.08780169486999512","0.08780169486999512"
"774","0.08780010789632797","0.08780010789632797","0.08780010789632797"
"775","0.08779814094305038","0.08779814094305038","0.08779814094305038"
"776","0.08780179172754288","0.08780179172754288","0.08780179172754288"
"777","0.08779371529817581","0.08779371529817581","0.08779371529817581"
"778","0.08779334276914597","0.08779334276914597","0.08779334276914597"
"779","0.08778785914182663","0.08778785914182663","0.08778785914182663"
"780","0.08778756856918335","0.08778756856918335","0.08778756856918335"
"781","0.08778920769691467","0.08778920769691467","0.08778920769691467"
"782","0.08779014647006989","0.08779014647006989","0.08779014647006989"
"783","0.08778873085975647","0.08778873085975647","0.08778873085975647"
"784","0.08779527992010117","0.08779527992010117","0.08779527992010117"
"785","0.08779055625200272","0.08779055625200272","0.08779055625200272"
"786","0.08778935670852661","0.08778935670852661","0.08778935670852661"
"787","0.0878114402294159","0.0878114402294159","0.0878114402294159"
"788","0.08779606223106384","0.08779606223106384","0.08779606223106384"
"789","0.08779308944940567","0.08779308944940567","0.08779308944940567"
"790","0.08778169006109238","0.08778169006109238","0.08778169006109238"
"791","0.08778513222932816","0.08778513222932816","0.08778513222932816"
"792","0.08779322355985641","0.08779322355985641","0.08779322355985641"
"793","0.08778765797615051","0.08778765797615051","0.08778765797615051"
"794","0.08778653293848038","0.08778653293848038","0.08778653293848038"
"795","0.08778245002031326","0.08778245002031326","0.08778245002031326"
"796","0.08778811991214752","0.08778811991214752","0.08778811991214752"
"797","0.08778980374336243","0.08778980374336243","0.08778980374336243"
"798","0.08780159056186676","0.08780159056186676","0.08780159056186676"
"799","0.087784543633461","0.087784543633461","0.087784543633461"
"800","0.08779383450746536","0.08779383450746536","0.08779383450746536"
"801","0.08778875321149826","0.08778875321149826","0.08778875321149826"
"802","0.08778875321149826","0.08778875321149826","0.08778875321149826"
"803","0.08778294175863266","0.08778294175863266","0.08778294175863266"
"804","0.08779067546129227","0.08779067546129227","0.08779067546129227"
"805","0.08778780698776245","0.08778780698776245","0.08778780698776245"
"806","0.08778581023216248","0.08778581023216248","0.08778581023216248"
"807","0.08778230100870132","0.08778230100870132","0.08778230100870132"
"808","0.08778973668813705","0.08778973668813705","0.08778973668813705"
"809","0.08778101950883865","0.08778101950883865","0.08778101950883865"
"810","0.08779176324605942","0.08779176324605942","0.08779176324605942"
"811","0.08778560161590576","0.08778560161590576","0.08778560161590576"
"812","0.0877906009554863","0.0877906009554863","0.0877906009554863"
"813","0.08778128027915955","0.08778128027915955","0.08778128027915955"
"814","0.0877821147441864","0.0877821147441864","0.0877821147441864"
"815","0.08778533339500427","0.08778533339500427","0.08778533339500427"
"816","0.08779145777225494","0.08779145777225494","0.08779145777225494"
"817","0.08779636025428772","0.08779636025428772","0.08779636025428772"
"818","0.08778530359268188","0.08778530359268188","0.08778530359268188"
"819","0.08780490607023239","0.08780490607023239","0.08780490607023239"
"820","0.08778969943523407","0.08778969943523407","0.08778969943523407"
"821","0.08778353780508041","0.08778353780508041","0.08778353780508041"
"822","0.08778351545333862","0.08778351545333862","0.08778351545333862"
"823","0.08778608590364456","0.08778608590364456","0.08778608590364456"
"824","0.08779693394899368","0.08779693394899368","0.08779693394899368"
"825","0.0877862498164177","0.0877862498164177","0.0877862498164177"
"826","0.08778183907270432","0.08778183907270432","0.08778183907270432"
"827","0.08779024332761765","0.08779024332761765","0.08779024332761765"
"828","0.08778266608715057","0.08778266608715057","0.08778266608715057"
"829","0.087789386510849","0.087789386510849","0.087789386510849"
"830","0.08779112249612808","0.08779112249612808","0.08779112249612808"
"831","0.08778517693281174","0.08778517693281174","0.08778517693281174"
"832","0.0877818614244461","0.0877818614244461","0.0877818614244461"
"833","0.08778610825538635","0.08778610825538635","0.08778610825538635"
"834","0.08778448402881622","0.08778448402881622","0.08778448402881622"
"835","0.08779136091470718","0.08779136091470718","0.08779136091470718"
"836","0.08780019730329514","0.08780019730329514","0.08780019730329514"
"837","0.08778063207864761","0.08778063207864761","0.08778063207864761"
"838","0.08778832852840424","0.08778832852840424","0.08778832852840424"
"839","0.08778310567140579","0.08778310567140579","0.08778310567140579"
"840","0.08778500556945801","0.08778500556945801","0.08778500556945801"
"841","0.08778764307498932","0.08778764307498932","0.08778764307498932"
"842","0.0877852737903595","0.0877852737903595","0.0877852737903595"
"843","0.08778004348278046","0.08778004348278046","0.08778004348278046"
"844","0.08778350800275803","0.08778350800275803","0.08778350800275803"
"845","0.08778514713048935","0.08778514713048935","0.08778514713048935"
"846","0.08779099583625793","0.08779099583625793","0.08779099583625793"
"847","0.08778844028711319","0.08778844028711319","0.08778844028711319"
"848","0.08778972178697586","0.08778972178697586","0.08778972178697586"
"849","0.08778615295886993","0.08778615295886993","0.08778615295886993"
"850","0.08780159056186676","0.08780159056186676","0.08780159056186676"
"851","0.08779008686542511","0.08779008686542511","0.08779008686542511"
"852","0.08778304606676102","0.08778304606676102","0.08778304606676102"
"853","0.08777584880590439","0.08777584880590439","0.08777584880590439"
"854","0.08778798580169678","0.08778798580169678","0.08778798580169678"
"855","0.08778255432844162","0.08778255432844162","0.08778255432844162"
"856","0.08778857439756393","0.08778857439756393","0.08778857439756393"
"857","0.08777762204408646","0.08777762204408646","0.08777762204408646"
"858","0.08778737485408783","0.08778737485408783","0.08778737485408783"
"859","0.08777782320976257","0.08777782320976257","0.08777782320976257"
"860","0.08777965605258942","0.08777965605258942","0.08777965605258942"
"861","0.08777476102113724","0.08777476102113724","0.08777476102113724"
"862","0.0877823606133461","0.0877823606133461","0.0877823606133461"
"863","0.08777887374162674","0.08777887374162674","0.08777887374162674"
"864","0.08778417855501175","0.08778417855501175","0.08778417855501175"
"865","0.08778126537799835","0.08778126537799835","0.08778126537799835"
"866","0.08778311312198639","0.08778311312198639","0.08778311312198639"
"867","0.08779658377170563","0.08779658377170563","0.08779658377170563"
"868","0.0877785012125969","0.0877785012125969","0.0877785012125969"
"869","0.08778035640716553","0.08778035640716553","0.08778035640716553"
"870","0.08777874708175659","0.08777874708175659","0.08777874708175659"
"871","0.08778440207242966","0.08778440207242966","0.08778440207242966"
"872","0.08779431134462357","0.08779431134462357","0.08779431134462357"
"873","0.08777395635843277","0.08777395635843277","0.08777395635843277"
"874","0.08777949959039688","0.08777949959039688","0.08777949959039688"
"875","0.08777666836977005","0.08777666836977005","0.08777666836977005"
"876","0.087787926197052","0.087787926197052","0.087787926197052"
"877","0.08779310435056686","0.08779310435056686","0.08779310435056686"
"878","0.08778200298547745","0.08778200298547745","0.08778200298547745"
"879","0.08779194205999374","0.08779194205999374","0.08779194205999374"
"880","0.08778167515993118","0.08778167515993118","0.08778167515993118"
"881","0.08780315518379211","0.08780315518379211","0.08780315518379211"
"882","0.0877847671508789","0.0877847671508789","0.0877847671508789"
"883","0.08777645975351334","0.08777645975351334","0.08777645975351334"
"884","0.0877845361828804","0.0877845361828804","0.0877845361828804"
"885","0.08778465539216995","0.08778465539216995","0.08778465539216995"
"886","0.08778729289770126","0.08778729289770126","0.08778729289770126"
"887","0.08778911828994751","0.08778911828994751","0.08778911828994751"
"888","0.08779698610305786","0.08779698610305786","0.08779698610305786"
"889","0.08778734505176544","0.08778734505176544","0.08778734505176544"
"890","0.08779753744602203","0.08779753744602203","0.08779753744602203"
"891","0.08778959512710571","0.08778959512710571","0.08778959512710571"
"892","0.08778080344200134","0.08778080344200134","0.08778080344200134"
"893","0.08778892457485199","0.08778892457485199","0.08778892457485199"
"894","0.08778794854879379","0.08778794854879379","0.08778794854879379"
"895","0.08778791129589081","0.08778791129589081","0.08778791129589081"
"896","0.08779231458902359","0.08779231458902359","0.08779231458902359"
"897","0.08779221028089523","0.08779221028089523","0.08779221028089523"
"898","0.08778630942106247","0.08778630942106247","0.08778630942106247"
"899","0.08778616786003113","0.08778616786003113","0.08778616786003113"
"900","0.08778713643550873","0.08778713643550873","0.08778713643550873"
"901","0.08778779953718185","0.08778779953718185","0.08778779953718185"
"902","0.08778891712427139","0.08778891712427139","0.08778891712427139"
"903","0.0877816379070282","0.0877816379070282","0.0877816379070282"
"904","0.087804414331913","0.087804414331913","0.087804414331913"
"905","0.08778378367424011","0.08778378367424011","0.08778378367424011"
"906","0.08778531104326248","0.08778531104326248","0.08778531104326248"
"907","0.08778716623783112","0.08778716623783112","0.08778716623783112"
"908","0.08778143674135208","0.08778143674135208","0.08778143674135208"
"909","0.08779548853635788","0.08779548853635788","0.08779548853635788"
"910","0.0877872034907341","0.0877872034907341","0.0877872034907341"
"911","0.08779814094305038","0.08779814094305038","0.08779814094305038"
"912","0.08779781311750412","0.08779781311750412","0.08779781311750412"
"913","0.08779487013816833","0.08779487013816833","0.08779487013816833"
"914","0.0877947211265564","0.0877947211265564","0.0877947211265564"
"915","0.08778387308120728","0.08778387308120728","0.08778387308120728"
"916","0.08779101818799973","0.08779101818799973","0.08779101818799973"
"917","0.08778892457485199","0.08778892457485199","0.08778892457485199"
"918","0.08778751641511917","0.08778751641511917","0.08778751641511917"
"919","0.08778684586286545","0.08778684586286545","0.08778684586286545"
"920","0.08778989315032959","0.08778989315032959","0.08778989315032959"
"921","0.08778758347034454","0.08778758347034454","0.08778758347034454"
"922","0.08778764307498932","0.08778764307498932","0.08778764307498932"
"923","0.08778327703475952","0.08778327703475952","0.08778327703475952"
"924","0.08778974413871765","0.08778974413871765","0.08778974413871765"
"925","0.08778823167085648","0.08778823167085648","0.08778823167085648"
"926","0.08778924494981766","0.08778924494981766","0.08778924494981766"
"927","0.0878012552857399","0.0878012552857399","0.0878012552857399"
"928","0.08778180927038193","0.08778180927038193","0.08778180927038193"
"929","0.08778604865074158","0.08778604865074158","0.08778604865074158"
"930","0.08778674155473709","0.08778674155473709","0.08778674155473709"
"931","0.08779782056808472","0.08779782056808472","0.08779782056808472"
"932","0.08779393881559372","0.08779393881559372","0.08779393881559372"
"933","0.08779898285865784","0.08779898285865784","0.08779898285865784"
"934","0.08779101073741913","0.08779101073741913","0.08779101073741913"
"935","0.08778872340917587","0.08778872340917587","0.08778872340917587"
"936","0.08778759092092514","0.08778759092092514","0.08778759092092514"
"937","0.08779153227806091","0.08779153227806091","0.08779153227806091"
"938","0.08778902143239975","0.08778902143239975","0.08778902143239975"
"939","0.0877867266535759","0.0877867266535759","0.0877867266535759"
"940","0.0877884179353714","0.0877884179353714","0.0877884179353714"
"941","0.08778499066829681","0.08778499066829681","0.08778499066829681"
"942","0.08778627961874008","0.08778627961874008","0.08778627961874008"
"943","0.0877927914261818","0.0877927914261818","0.0877927914261818"
"944","0.08778572827577591","0.08778572827577591","0.08778572827577591"
"945","0.08779343962669373","0.08779343962669373","0.08779343962669373"
"946","0.08778709173202515","0.08778709173202515","0.08778709173202515"
"947","0.08778395503759384","0.08778395503759384","0.08778395503759384"
"948","0.08778506517410278","0.08778506517410278","0.08778506517410278"
"949","0.08778443932533264","0.08778443932533264","0.08778443932533264"
"950","0.08779288828372955","0.08779288828372955","0.08779288828372955"
"951","0.08779369294643402","0.08779369294643402","0.08779369294643402"
"952","0.08778886497020721","0.08778886497020721","0.08778886497020721"
"953","0.08778728544712067","0.08778728544712067","0.08778728544712067"
"954","0.08778559416532516","0.08778559416532516","0.08778559416532516"
"955","0.08779420703649521","0.08779420703649521","0.08779420703649521"
"956","0.08780581504106522","0.08780581504106522","0.08780581504106522"
"957","0.08779357373714447","0.08779357373714447","0.08779357373714447"
"958","0.08779143542051315","0.08779143542051315","0.08779143542051315"
"959","0.08778851479291916","0.08778851479291916","0.08778851479291916"
"960","0.08779525011777878","0.08779525011777878","0.08779525011777878"
"961","0.08779355138540268","0.08779355138540268","0.08779355138540268"
"962","0.08778882026672363","0.08778882026672363","0.08778882026672363"
"963","0.08778955787420273","0.08778955787420273","0.08778955787420273"
"964","0.08778684586286545","0.08778684586286545","0.08778684586286545"
"965","0.08779233694076538","0.08779233694076538","0.08779233694076538"
"966","0.08778242766857147","0.08778242766857147","0.08778242766857147"
"967","0.08778485655784607","0.08778485655784607","0.08778485655784607"
"968","0.0877823755145073","0.0877823755145073","0.0877823755145073"
"969","0.08778088539838791","0.08778088539838791","0.08778088539838791"
"970","0.08778735995292664","0.08778735995292664","0.08778735995292664"
"971","0.08778899163007736","0.08778899163007736","0.08778899163007736"
"972","0.08778555691242218","0.08778555691242218","0.08778555691242218"
"973","0.0877823606133461","0.0877823606133461","0.0877823606133461"
"974","0.08777723461389542","0.08777723461389542","0.08777723461389542"
"975","0.08778192102909088","0.08778192102909088","0.08778192102909088"
"976","0.08778472989797592","0.08778472989797592","0.08778472989797592"
"977","0.08778701722621918","0.08778701722621918","0.08778701722621918"
"978","0.08777997642755508","0.08777997642755508","0.08777997642755508"
"979","0.08778705447912216","0.08778705447912216","0.08778705447912216"
"980","0.08777918666601181","0.08777918666601181","0.08777918666601181"
"981","0.08778119832277298","0.08778119832277298","0.08778119832277298"
"982","0.08778911828994751","0.08778911828994751","0.08778911828994751"
"983","0.0877816304564476","0.0877816304564476","0.0877816304564476"
"984","0.08778299391269684","0.08778299391269684","0.08778299391269684"
"985","0.08778410404920578","0.08778410404920578","0.08778410404920578"
"986","0.08778775483369827","0.08778775483369827","0.08778775483369827"
"987","0.08778021484613419","0.08778021484613419","0.08778021484613419"
"988","0.08778280764818192","0.08778280764818192","0.08778280764818192"
"989","0.08778436481952667","0.08778436481952667","0.08778436481952667"
"990","0.08778292685747147","0.08778292685747147","0.08778292685747147"
"991","0.08778642117977142","0.08778642117977142","0.08778642117977142"
"992","0.08778203278779984","0.08778203278779984","0.08778203278779984"
"993","0.08778689801692963","0.08778689801692963","0.08778689801692963"
"994","0.08778335899114609","0.08778335899114609","0.08778335899114609"
"995","0.08778538554906845","0.08778538554906845","0.08778538554906845"
"996","0.08778369426727295","0.08778369426727295","0.08778369426727295"
"997","0.08778318017721176","0.08778318017721176","0.08778318017721176"
"998","0.08778228610754013","0.08778228610754013","0.08778228610754013"
"999","0.08778805285692215","0.08778805285692215","0.08778805285692215"
"1000","0.08778762817382812","0.08778762817382812","0.08778762817382812"