"NRC3_old","_defaultColorIndex","epoch","id","lamW","name"
"0.4773574908691758","5","0","8780bf1e-ed9a-400b-93fa-d123fbeb5603","0.01","Mgelu_DS1_Osgd_W0.01"
"0.352536979960635","5","1","8780bf1e-ed9a-400b-93fa-d123fbeb5603","0.01","Mgelu_DS1_Osgd_W0.01"
"0.24634145385391484","5","2","8780bf1e-ed9a-400b-93fa-d123fbeb5603","0.01","Mgelu_DS1_Osgd_W0.01"
"0.1689038659047582","5","3","8780bf1e-ed9a-400b-93fa-d123fbeb5603","0.01","Mgelu_DS1_Osgd_W0.01"
"0.11614109054805968","5","4","8780bf1e-ed9a-400b-93fa-d123fbeb5603","0.01","Mgelu_DS1_Osgd_W0.01"
"0.08067681490207577","5","5","8780bf1e-ed9a-400b-93fa-d123fbeb5603","0.01","Mgelu_DS1_Osgd_W0.01"
"0.0566569825830033","5","6","8780bf1e-ed9a-400b-93fa-d123fbeb5603","0.01","Mgelu_DS1_Osgd_W0.01"
"0.040423870370283436","5","7","8780bf1e-ed9a-400b-93fa-d123fbeb5603","0.01","Mgelu_DS1_Osgd_W0.01"
"0.029905831117306526","5","8","8780bf1e-ed9a-400b-93fa-d123fbeb5603","0.01","Mgelu_DS1_Osgd_W0.01"
"0.02407769115486354","5","9","8780bf1e-ed9a-400b-93fa-d123fbeb5603","0.01","Mgelu_DS1_Osgd_W0.01"
"0.02203787295405945","5","10","8780bf1e-ed9a-400b-93fa-d123fbeb5603","0.01","Mgelu_DS1_Osgd_W0.01"
"0.02253508524872026","5","11","8780bf1e-ed9a-400b-93fa-d123fbeb5603","0.01","Mgelu_DS1_Osgd_W0.01"
"0.024316206583148196","5","12","8780bf1e-ed9a-400b-93fa-d123fbeb5603","0.01","Mgelu_DS1_Osgd_W0.01"
"0.026540338358395813","5","13","8780bf1e-ed9a-400b-93fa-d123fbeb5603","0.01","Mgelu_DS1_Osgd_W0.01"
"0.02882783609891524","5","14","8780bf1e-ed9a-400b-93fa-d123fbeb5603","0.01","Mgelu_DS1_Osgd_W0.01"
"0.031036412571407556","5","15","8780bf1e-ed9a-400b-93fa-d123fbeb5603","0.01","Mgelu_DS1_Osgd_W0.01"
"0.03312453519608357","5","16","8780bf1e-ed9a-400b-93fa-d123fbeb5603","0.01","Mgelu_DS1_Osgd_W0.01"
"0.03508687204698336","5","17","8780bf1e-ed9a-400b-93fa-d123fbeb5603","0.01","Mgelu_DS1_Osgd_W0.01"
"0.03693519148755144","5","18","8780bf1e-ed9a-400b-93fa-d123fbeb5603","0.01","Mgelu_DS1_Osgd_W0.01"
"0.038671875255825196","5","19","8780bf1e-ed9a-400b-93fa-d123fbeb5603","0.01","Mgelu_DS1_Osgd_W0.01"
"0.040340171462187734","5","20","8780bf1e-ed9a-400b-93fa-d123fbeb5603","0.01","Mgelu_DS1_Osgd_W0.01"
"0.04194782597415755","5","21","8780bf1e-ed9a-400b-93fa-d123fbeb5603","0.01","Mgelu_DS1_Osgd_W0.01"
"0.04350497558242536","5","22","8780bf1e-ed9a-400b-93fa-d123fbeb5603","0.01","Mgelu_DS1_Osgd_W0.01"
"0.04502001578391909","5","23","8780bf1e-ed9a-400b-93fa-d123fbeb5603","0.01","Mgelu_DS1_Osgd_W0.01"
"0.046489846874473176","5","24","8780bf1e-ed9a-400b-93fa-d123fbeb5603","0.01","Mgelu_DS1_Osgd_W0.01"
"0.04795396549653953","5","25","8780bf1e-ed9a-400b-93fa-d123fbeb5603","0.01","Mgelu_DS1_Osgd_W0.01"
"0.04937460597471561","5","26","8780bf1e-ed9a-400b-93fa-d123fbeb5603","0.01","Mgelu_DS1_Osgd_W0.01"
"0.050760894857893514","5","27","8780bf1e-ed9a-400b-93fa-d123fbeb5603","0.01","Mgelu_DS1_Osgd_W0.01"
"0.0521388012169666","5","28","8780bf1e-ed9a-400b-93fa-d123fbeb5603","0.01","Mgelu_DS1_Osgd_W0.01"
"0.05348645164379624","5","29","8780bf1e-ed9a-400b-93fa-d123fbeb5603","0.01","Mgelu_DS1_Osgd_W0.01"
"0.05480279871036687","5","30","8780bf1e-ed9a-400b-93fa-d123fbeb5603","0.01","Mgelu_DS1_Osgd_W0.01"
"0.056083275559979544","5","31","8780bf1e-ed9a-400b-93fa-d123fbeb5603","0.01","Mgelu_DS1_Osgd_W0.01"
"0.05734680637474211","5","32","8780bf1e-ed9a-400b-93fa-d123fbeb5603","0.01","Mgelu_DS1_Osgd_W0.01"
"0.05857125094786136","5","33","8780bf1e-ed9a-400b-93fa-d123fbeb5603","0.01","Mgelu_DS1_Osgd_W0.01"
"0.05974329006079782","5","34","8780bf1e-ed9a-400b-93fa-d123fbeb5603","0.01","Mgelu_DS1_Osgd_W0.01"
"0.06087571311274528","5","35","8780bf1e-ed9a-400b-93fa-d123fbeb5603","0.01","Mgelu_DS1_Osgd_W0.01"
"0.061961626962305415","5","36","8780bf1e-ed9a-400b-93fa-d123fbeb5603","0.01","Mgelu_DS1_Osgd_W0.01"
"0.06301184739065446","5","37","8780bf1e-ed9a-400b-93fa-d123fbeb5603","0.01","Mgelu_DS1_Osgd_W0.01"
"0.06402292634849825","5","38","8780bf1e-ed9a-400b-93fa-d123fbeb5603","0.01","Mgelu_DS1_Osgd_W0.01"
"0.06497708526830624","5","39","8780bf1e-ed9a-400b-93fa-d123fbeb5603","0.01","Mgelu_DS1_Osgd_W0.01"
"0.06587927043127123","5","40","8780bf1e-ed9a-400b-93fa-d123fbeb5603","0.01","Mgelu_DS1_Osgd_W0.01"
"0.06673567014855009","5","41","8780bf1e-ed9a-400b-93fa-d123fbeb5603","0.01","Mgelu_DS1_Osgd_W0.01"
"0.06754150410330459","5","42","8780bf1e-ed9a-400b-93fa-d123fbeb5603","0.01","Mgelu_DS1_Osgd_W0.01"
"0.06829592628871474","5","43","8780bf1e-ed9a-400b-93fa-d123fbeb5603","0.01","Mgelu_DS1_Osgd_W0.01"
"0.06900804461597458","5","44","8780bf1e-ed9a-400b-93fa-d123fbeb5603","0.01","Mgelu_DS1_Osgd_W0.01"
"0.06967573088251931","5","45","8780bf1e-ed9a-400b-93fa-d123fbeb5603","0.01","Mgelu_DS1_Osgd_W0.01"
"0.07029405332824841","5","46","8780bf1e-ed9a-400b-93fa-d123fbeb5603","0.01","Mgelu_DS1_Osgd_W0.01"
"0.07087285408881898","5","47","8780bf1e-ed9a-400b-93fa-d123fbeb5603","0.01","Mgelu_DS1_Osgd_W0.01"
"0.07140649938655008","5","48","8780bf1e-ed9a-400b-93fa-d123fbeb5603","0.01","Mgelu_DS1_Osgd_W0.01"
"0.0718914152831814","5","49","8780bf1e-ed9a-400b-93fa-d123fbeb5603","0.01","Mgelu_DS1_Osgd_W0.01"
"0.07234872265632004","5","50","8780bf1e-ed9a-400b-93fa-d123fbeb5603","0.01","Mgelu_DS1_Osgd_W0.01"
"0.07277270183347044","5","51","8780bf1e-ed9a-400b-93fa-d123fbeb5603","0.01","Mgelu_DS1_Osgd_W0.01"
"0.0731455968389013","5","52","8780bf1e-ed9a-400b-93fa-d123fbeb5603","0.01","Mgelu_DS1_Osgd_W0.01"
"0.07348540050538835","5","53","8780bf1e-ed9a-400b-93fa-d123fbeb5603","0.01","Mgelu_DS1_Osgd_W0.01"
"0.07378159483652408","5","54","8780bf1e-ed9a-400b-93fa-d123fbeb5603","0.01","Mgelu_DS1_Osgd_W0.01"
"0.07405258092313366","5","55","8780bf1e-ed9a-400b-93fa-d123fbeb5603","0.01","Mgelu_DS1_Osgd_W0.01"
"0.07429455579067205","5","56","8780bf1e-ed9a-400b-93fa-d123fbeb5603","0.01","Mgelu_DS1_Osgd_W0.01"
"0.07449093290059457","5","57","8780bf1e-ed9a-400b-93fa-d123fbeb5603","0.01","Mgelu_DS1_Osgd_W0.01"
"0.07465917225174858","5","58","8780bf1e-ed9a-400b-93fa-d123fbeb5603","0.01","Mgelu_DS1_Osgd_W0.01"
"0.07480638692902626","5","59","8780bf1e-ed9a-400b-93fa-d123fbeb5603","0.01","Mgelu_DS1_Osgd_W0.01"
"0.07492800657805739","5","60","8780bf1e-ed9a-400b-93fa-d123fbeb5603","0.01","Mgelu_DS1_Osgd_W0.01"
"0.07500213132247058","5","61","8780bf1e-ed9a-400b-93fa-d123fbeb5603","0.01","Mgelu_DS1_Osgd_W0.01"
"0.07507031764694085","5","62","8780bf1e-ed9a-400b-93fa-d123fbeb5603","0.01","Mgelu_DS1_Osgd_W0.01"
"0.07509631325525731","5","63","8780bf1e-ed9a-400b-93fa-d123fbeb5603","0.01","Mgelu_DS1_Osgd_W0.01"
"0.07510388301565793","5","64","8780bf1e-ed9a-400b-93fa-d123fbeb5603","0.01","Mgelu_DS1_Osgd_W0.01"
"0.07505659872948674","5","65","8780bf1e-ed9a-400b-93fa-d123fbeb5603","0.01","Mgelu_DS1_Osgd_W0.01"
"0.07500272307891866","5","66","8780bf1e-ed9a-400b-93fa-d123fbeb5603","0.01","Mgelu_DS1_Osgd_W0.01"
"0.07492107277016727","5","67","8780bf1e-ed9a-400b-93fa-d123fbeb5603","0.01","Mgelu_DS1_Osgd_W0.01"
"0.07479351091528746","5","68","8780bf1e-ed9a-400b-93fa-d123fbeb5603","0.01","Mgelu_DS1_Osgd_W0.01"
"0.07463664392942174","5","69","8780bf1e-ed9a-400b-93fa-d123fbeb5603","0.01","Mgelu_DS1_Osgd_W0.01"
"0.0744666437595222","5","70","8780bf1e-ed9a-400b-93fa-d123fbeb5603","0.01","Mgelu_DS1_Osgd_W0.01"
"0.07426179970296574","5","71","8780bf1e-ed9a-400b-93fa-d123fbeb5603","0.01","Mgelu_DS1_Osgd_W0.01"
"0.07400447562138797","5","72","8780bf1e-ed9a-400b-93fa-d123fbeb5603","0.01","Mgelu_DS1_Osgd_W0.01"
"0.07371276154140098","5","73","8780bf1e-ed9a-400b-93fa-d123fbeb5603","0.01","Mgelu_DS1_Osgd_W0.01"
"0.07339287282808572","5","74","8780bf1e-ed9a-400b-93fa-d123fbeb5603","0.01","Mgelu_DS1_Osgd_W0.01"
"0.07303673019774155","5","75","8780bf1e-ed9a-400b-93fa-d123fbeb5603","0.01","Mgelu_DS1_Osgd_W0.01"
"0.07262797605386263","5","76","8780bf1e-ed9a-400b-93fa-d123fbeb5603","0.01","Mgelu_DS1_Osgd_W0.01"
"0.0721903052816557","5","77","8780bf1e-ed9a-400b-93fa-d123fbeb5603","0.01","Mgelu_DS1_Osgd_W0.01"
"0.0717101386221498","5","78","8780bf1e-ed9a-400b-93fa-d123fbeb5603","0.01","Mgelu_DS1_Osgd_W0.01"
"0.07119072096299338","5","79","8780bf1e-ed9a-400b-93fa-d123fbeb5603","0.01","Mgelu_DS1_Osgd_W0.01"
"0.07062670720262727","5","80","8780bf1e-ed9a-400b-93fa-d123fbeb5603","0.01","Mgelu_DS1_Osgd_W0.01"
"0.07001069044499719","5","81","8780bf1e-ed9a-400b-93fa-d123fbeb5603","0.01","Mgelu_DS1_Osgd_W0.01"
"0.0693676246456166","5","82","8780bf1e-ed9a-400b-93fa-d123fbeb5603","0.01","Mgelu_DS1_Osgd_W0.01"
"0.06866569270965513","5","83","8780bf1e-ed9a-400b-93fa-d123fbeb5603","0.01","Mgelu_DS1_Osgd_W0.01"
"0.06794464057841913","5","84","8780bf1e-ed9a-400b-93fa-d123fbeb5603","0.01","Mgelu_DS1_Osgd_W0.01"
"0.06718446428412654","5","85","8780bf1e-ed9a-400b-93fa-d123fbeb5603","0.01","Mgelu_DS1_Osgd_W0.01"
"0.06637761391605837","5","86","8780bf1e-ed9a-400b-93fa-d123fbeb5603","0.01","Mgelu_DS1_Osgd_W0.01"
"0.06553156266407044","5","87","8780bf1e-ed9a-400b-93fa-d123fbeb5603","0.01","Mgelu_DS1_Osgd_W0.01"
"0.06465582372294254","5","88","8780bf1e-ed9a-400b-93fa-d123fbeb5603","0.01","Mgelu_DS1_Osgd_W0.01"
"0.06375347201234326","5","89","8780bf1e-ed9a-400b-93fa-d123fbeb5603","0.01","Mgelu_DS1_Osgd_W0.01"
"0.06283828649957177","5","90","8780bf1e-ed9a-400b-93fa-d123fbeb5603","0.01","Mgelu_DS1_Osgd_W0.01"
"0.061901136965060305","5","91","8780bf1e-ed9a-400b-93fa-d123fbeb5603","0.01","Mgelu_DS1_Osgd_W0.01"
"0.06095723421594027","5","92","8780bf1e-ed9a-400b-93fa-d123fbeb5603","0.01","Mgelu_DS1_Osgd_W0.01"
"0.05999805142877366","5","93","8780bf1e-ed9a-400b-93fa-d123fbeb5603","0.01","Mgelu_DS1_Osgd_W0.01"
"0.05903885154762304","5","94","8780bf1e-ed9a-400b-93fa-d123fbeb5603","0.01","Mgelu_DS1_Osgd_W0.01"
"0.058067732778869216","5","95","8780bf1e-ed9a-400b-93fa-d123fbeb5603","0.01","Mgelu_DS1_Osgd_W0.01"
"0.057115398863225086","5","96","8780bf1e-ed9a-400b-93fa-d123fbeb5603","0.01","Mgelu_DS1_Osgd_W0.01"
"0.056173332083237736","5","97","8780bf1e-ed9a-400b-93fa-d123fbeb5603","0.01","Mgelu_DS1_Osgd_W0.01"
"0.05526103299026799","5","98","8780bf1e-ed9a-400b-93fa-d123fbeb5603","0.01","Mgelu_DS1_Osgd_W0.01"
"0.05437668967175592","5","99","8780bf1e-ed9a-400b-93fa-d123fbeb5603","0.01","Mgelu_DS1_Osgd_W0.01"
"0.053513650716089725","5","100","8780bf1e-ed9a-400b-93fa-d123fbeb5603","0.01","Mgelu_DS1_Osgd_W0.01"
"0.052685822646202515","5","101","8780bf1e-ed9a-400b-93fa-d123fbeb5603","0.01","Mgelu_DS1_Osgd_W0.01"
"0.05188948008649644","5","102","8780bf1e-ed9a-400b-93fa-d123fbeb5603","0.01","Mgelu_DS1_Osgd_W0.01"
"0.051108578193363965","5","103","8780bf1e-ed9a-400b-93fa-d123fbeb5603","0.01","Mgelu_DS1_Osgd_W0.01"
"0.05035615027021499","5","104","8780bf1e-ed9a-400b-93fa-d123fbeb5603","0.01","Mgelu_DS1_Osgd_W0.01"
"0.04963873131720514","5","105","8780bf1e-ed9a-400b-93fa-d123fbeb5603","0.01","Mgelu_DS1_Osgd_W0.01"
"0.04893711378639111","5","106","8780bf1e-ed9a-400b-93fa-d123fbeb5603","0.01","Mgelu_DS1_Osgd_W0.01"
"0.04825240248184477","5","107","8780bf1e-ed9a-400b-93fa-d123fbeb5603","0.01","Mgelu_DS1_Osgd_W0.01"
"0.04757012579367961","5","108","8780bf1e-ed9a-400b-93fa-d123fbeb5603","0.01","Mgelu_DS1_Osgd_W0.01"
"0.0468810290251986","5","109","8780bf1e-ed9a-400b-93fa-d123fbeb5603","0.01","Mgelu_DS1_Osgd_W0.01"
"0.04620396372093641","5","110","8780bf1e-ed9a-400b-93fa-d123fbeb5603","0.01","Mgelu_DS1_Osgd_W0.01"
"0.045499173307306774","5","111","8780bf1e-ed9a-400b-93fa-d123fbeb5603","0.01","Mgelu_DS1_Osgd_W0.01"
"0.04479675607465002","5","112","8780bf1e-ed9a-400b-93fa-d123fbeb5603","0.01","Mgelu_DS1_Osgd_W0.01"
"0.04408563133409282","5","113","8780bf1e-ed9a-400b-93fa-d123fbeb5603","0.01","Mgelu_DS1_Osgd_W0.01"
"0.04335239311308418","5","114","8780bf1e-ed9a-400b-93fa-d123fbeb5603","0.01","Mgelu_DS1_Osgd_W0.01"
"0.04258619684342354","5","115","8780bf1e-ed9a-400b-93fa-d123fbeb5603","0.01","Mgelu_DS1_Osgd_W0.01"
"0.04179628512294127","5","116","8780bf1e-ed9a-400b-93fa-d123fbeb5603","0.01","Mgelu_DS1_Osgd_W0.01"
"0.04097749675084295","5","117","8780bf1e-ed9a-400b-93fa-d123fbeb5603","0.01","Mgelu_DS1_Osgd_W0.01"
"0.04013040255583636","5","118","8780bf1e-ed9a-400b-93fa-d123fbeb5603","0.01","Mgelu_DS1_Osgd_W0.01"
"0.03927206191736797","5","119","8780bf1e-ed9a-400b-93fa-d123fbeb5603","0.01","Mgelu_DS1_Osgd_W0.01"
"0.03837316787607848","5","120","8780bf1e-ed9a-400b-93fa-d123fbeb5603","0.01","Mgelu_DS1_Osgd_W0.01"
"0.037436655420662025","5","121","8780bf1e-ed9a-400b-93fa-d123fbeb5603","0.01","Mgelu_DS1_Osgd_W0.01"
"0.0364829310804523","5","122","8780bf1e-ed9a-400b-93fa-d123fbeb5603","0.01","Mgelu_DS1_Osgd_W0.01"
"0.03550409181504118","5","123","8780bf1e-ed9a-400b-93fa-d123fbeb5603","0.01","Mgelu_DS1_Osgd_W0.01"
"0.03450701424441121","5","124","8780bf1e-ed9a-400b-93fa-d123fbeb5603","0.01","Mgelu_DS1_Osgd_W0.01"
"0.033507913143024634","5","125","8780bf1e-ed9a-400b-93fa-d123fbeb5603","0.01","Mgelu_DS1_Osgd_W0.01"
"0.03247678731256177","5","126","8780bf1e-ed9a-400b-93fa-d123fbeb5603","0.01","Mgelu_DS1_Osgd_W0.01"
"0.031432758672692906","5","127","8780bf1e-ed9a-400b-93fa-d123fbeb5603","0.01","Mgelu_DS1_Osgd_W0.01"
"0.030384157777919002","5","128","8780bf1e-ed9a-400b-93fa-d123fbeb5603","0.01","Mgelu_DS1_Osgd_W0.01"
"0.029331132392276076","5","129","8780bf1e-ed9a-400b-93fa-d123fbeb5603","0.01","Mgelu_DS1_Osgd_W0.01"
"0.02827235690970277","5","130","8780bf1e-ed9a-400b-93fa-d123fbeb5603","0.01","Mgelu_DS1_Osgd_W0.01"
"0.027210841222207814","5","131","8780bf1e-ed9a-400b-93fa-d123fbeb5603","0.01","Mgelu_DS1_Osgd_W0.01"
"0.026153046709789515","5","132","8780bf1e-ed9a-400b-93fa-d123fbeb5603","0.01","Mgelu_DS1_Osgd_W0.01"
"0.025099651627892544","5","133","8780bf1e-ed9a-400b-93fa-d123fbeb5603","0.01","Mgelu_DS1_Osgd_W0.01"
"0.024051514561466727","5","134","8780bf1e-ed9a-400b-93fa-d123fbeb5603","0.01","Mgelu_DS1_Osgd_W0.01"
"0.02300591368767439","5","135","8780bf1e-ed9a-400b-93fa-d123fbeb5603","0.01","Mgelu_DS1_Osgd_W0.01"
"0.021988729869102486","5","136","8780bf1e-ed9a-400b-93fa-d123fbeb5603","0.01","Mgelu_DS1_Osgd_W0.01"
"0.020980890337144488","5","137","8780bf1e-ed9a-400b-93fa-d123fbeb5603","0.01","Mgelu_DS1_Osgd_W0.01"
"0.01998268099512614","5","138","8780bf1e-ed9a-400b-93fa-d123fbeb5603","0.01","Mgelu_DS1_Osgd_W0.01"
"0.01900876205061273","5","139","8780bf1e-ed9a-400b-93fa-d123fbeb5603","0.01","Mgelu_DS1_Osgd_W0.01"
"0.01804809551743232","5","140","8780bf1e-ed9a-400b-93fa-d123fbeb5603","0.01","Mgelu_DS1_Osgd_W0.01"
"0.017101554089763115","5","141","8780bf1e-ed9a-400b-93fa-d123fbeb5603","0.01","Mgelu_DS1_Osgd_W0.01"
"0.016186137624719123","5","142","8780bf1e-ed9a-400b-93fa-d123fbeb5603","0.01","Mgelu_DS1_Osgd_W0.01"
"0.015292430754748313","5","143","8780bf1e-ed9a-400b-93fa-d123fbeb5603","0.01","Mgelu_DS1_Osgd_W0.01"
"0.014412004531177703","5","144","8780bf1e-ed9a-400b-93fa-d123fbeb5603","0.01","Mgelu_DS1_Osgd_W0.01"
"0.013578456773180396","5","145","8780bf1e-ed9a-400b-93fa-d123fbeb5603","0.01","Mgelu_DS1_Osgd_W0.01"
"0.012773441274784077","5","146","8780bf1e-ed9a-400b-93fa-d123fbeb5603","0.01","Mgelu_DS1_Osgd_W0.01"
"0.011998148762509063","5","147","8780bf1e-ed9a-400b-93fa-d123fbeb5603","0.01","Mgelu_DS1_Osgd_W0.01"
"0.011249300287268147","5","148","8780bf1e-ed9a-400b-93fa-d123fbeb5603","0.01","Mgelu_DS1_Osgd_W0.01"
"0.010542201582534492","5","149","8780bf1e-ed9a-400b-93fa-d123fbeb5603","0.01","Mgelu_DS1_Osgd_W0.01"
"0.009875025787538882","5","150","8780bf1e-ed9a-400b-93fa-d123fbeb5603","0.01","Mgelu_DS1_Osgd_W0.01"
"0.009249653816582415","5","151","8780bf1e-ed9a-400b-93fa-d123fbeb5603","0.01","Mgelu_DS1_Osgd_W0.01"
"0.008655104238499764","5","152","8780bf1e-ed9a-400b-93fa-d123fbeb5603","0.01","Mgelu_DS1_Osgd_W0.01"
"0.008116256965850381","5","153","8780bf1e-ed9a-400b-93fa-d123fbeb5603","0.01","Mgelu_DS1_Osgd_W0.01"
"0.007628826475046851","5","154","8780bf1e-ed9a-400b-93fa-d123fbeb5603","0.01","Mgelu_DS1_Osgd_W0.01"
"0.007184365485529304","5","155","8780bf1e-ed9a-400b-93fa-d123fbeb5603","0.01","Mgelu_DS1_Osgd_W0.01"
"0.006800032702759024","5","156","8780bf1e-ed9a-400b-93fa-d123fbeb5603","0.01","Mgelu_DS1_Osgd_W0.01"
"0.006476592308321827","5","157","8780bf1e-ed9a-400b-93fa-d123fbeb5603","0.01","Mgelu_DS1_Osgd_W0.01"
"0.006222060533399952","5","158","8780bf1e-ed9a-400b-93fa-d123fbeb5603","0.01","Mgelu_DS1_Osgd_W0.01"
"0.006030189340622445","5","159","8780bf1e-ed9a-400b-93fa-d123fbeb5603","0.01","Mgelu_DS1_Osgd_W0.01"
"0.005893003779484156","5","160","8780bf1e-ed9a-400b-93fa-d123fbeb5603","0.01","Mgelu_DS1_Osgd_W0.01"
"0.005825701745308289","5","161","8780bf1e-ed9a-400b-93fa-d123fbeb5603","0.01","Mgelu_DS1_Osgd_W0.01"
"0.005813651013166499","5","162","8780bf1e-ed9a-400b-93fa-d123fbeb5603","0.01","Mgelu_DS1_Osgd_W0.01"
"0.005822415659927874","5","163","8780bf1e-ed9a-400b-93fa-d123fbeb5603","0.01","Mgelu_DS1_Osgd_W0.01"
"0.005908278598986104","5","164","8780bf1e-ed9a-400b-93fa-d123fbeb5603","0.01","Mgelu_DS1_Osgd_W0.01"
"0.006011572551518643","5","165","8780bf1e-ed9a-400b-93fa-d123fbeb5603","0.01","Mgelu_DS1_Osgd_W0.01"
"0.0061650137000431645","5","166","8780bf1e-ed9a-400b-93fa-d123fbeb5603","0.01","Mgelu_DS1_Osgd_W0.01"
"0.00633006191360775","5","167","8780bf1e-ed9a-400b-93fa-d123fbeb5603","0.01","Mgelu_DS1_Osgd_W0.01"
"0.006520182811953947","5","168","8780bf1e-ed9a-400b-93fa-d123fbeb5603","0.01","Mgelu_DS1_Osgd_W0.01"
"0.006716186488888487","5","169","8780bf1e-ed9a-400b-93fa-d123fbeb5603","0.01","Mgelu_DS1_Osgd_W0.01"
"0.006916805863850457","5","170","8780bf1e-ed9a-400b-93fa-d123fbeb5603","0.01","Mgelu_DS1_Osgd_W0.01"
"0.0071511172386101","5","171","8780bf1e-ed9a-400b-93fa-d123fbeb5603","0.01","Mgelu_DS1_Osgd_W0.01"
"0.007368447649147806","5","172","8780bf1e-ed9a-400b-93fa-d123fbeb5603","0.01","Mgelu_DS1_Osgd_W0.01"
"0.007589084719642982","5","173","8780bf1e-ed9a-400b-93fa-d123fbeb5603","0.01","Mgelu_DS1_Osgd_W0.01"
"0.0078081610553790825","5","174","8780bf1e-ed9a-400b-93fa-d123fbeb5603","0.01","Mgelu_DS1_Osgd_W0.01"
"0.008015841667923091","5","175","8780bf1e-ed9a-400b-93fa-d123fbeb5603","0.01","Mgelu_DS1_Osgd_W0.01"
"0.008235266919002178","5","176","8780bf1e-ed9a-400b-93fa-d123fbeb5603","0.01","Mgelu_DS1_Osgd_W0.01"
"0.008433969959851054","5","177","8780bf1e-ed9a-400b-93fa-d123fbeb5603","0.01","Mgelu_DS1_Osgd_W0.01"
"0.00863928277559397","5","178","8780bf1e-ed9a-400b-93fa-d123fbeb5603","0.01","Mgelu_DS1_Osgd_W0.01"
"0.008820915319464781","5","179","8780bf1e-ed9a-400b-93fa-d123fbeb5603","0.01","Mgelu_DS1_Osgd_W0.01"
"0.009003391625404195","5","180","8780bf1e-ed9a-400b-93fa-d123fbeb5603","0.01","Mgelu_DS1_Osgd_W0.01"
"0.009186404494092006","5","181","8780bf1e-ed9a-400b-93fa-d123fbeb5603","0.01","Mgelu_DS1_Osgd_W0.01"
"0.009359018654875019","5","182","8780bf1e-ed9a-400b-93fa-d123fbeb5603","0.01","Mgelu_DS1_Osgd_W0.01"
"0.009512683386207725","5","183","8780bf1e-ed9a-400b-93fa-d123fbeb5603","0.01","Mgelu_DS1_Osgd_W0.01"
"0.009662606018595721","5","184","8780bf1e-ed9a-400b-93fa-d123fbeb5603","0.01","Mgelu_DS1_Osgd_W0.01"
"0.009804915839407295","5","185","8780bf1e-ed9a-400b-93fa-d123fbeb5603","0.01","Mgelu_DS1_Osgd_W0.01"
"0.009942968280060324","5","186","8780bf1e-ed9a-400b-93fa-d123fbeb5603","0.01","Mgelu_DS1_Osgd_W0.01"
"0.010070126860781793","5","187","8780bf1e-ed9a-400b-93fa-d123fbeb5603","0.01","Mgelu_DS1_Osgd_W0.01"
"0.010206303561518896","5","188","8780bf1e-ed9a-400b-93fa-d123fbeb5603","0.01","Mgelu_DS1_Osgd_W0.01"
"0.010307017822842579","5","189","8780bf1e-ed9a-400b-93fa-d123fbeb5603","0.01","Mgelu_DS1_Osgd_W0.01"
"0.010415414668123435","5","190","8780bf1e-ed9a-400b-93fa-d123fbeb5603","0.01","Mgelu_DS1_Osgd_W0.01"
"0.010496741519227023","5","191","8780bf1e-ed9a-400b-93fa-d123fbeb5603","0.01","Mgelu_DS1_Osgd_W0.01"
"0.010602095241160953","5","192","8780bf1e-ed9a-400b-93fa-d123fbeb5603","0.01","Mgelu_DS1_Osgd_W0.01"
"0.010694684696316013","5","193","8780bf1e-ed9a-400b-93fa-d123fbeb5603","0.01","Mgelu_DS1_Osgd_W0.01"
"0.010774443515384414","5","194","8780bf1e-ed9a-400b-93fa-d123fbeb5603","0.01","Mgelu_DS1_Osgd_W0.01"
"0.01084147472141214","5","195","8780bf1e-ed9a-400b-93fa-d123fbeb5603","0.01","Mgelu_DS1_Osgd_W0.01"
"0.010906207219180593","5","196","8780bf1e-ed9a-400b-93fa-d123fbeb5603","0.01","Mgelu_DS1_Osgd_W0.01"
"0.010965643906390961","5","197","8780bf1e-ed9a-400b-93fa-d123fbeb5603","0.01","Mgelu_DS1_Osgd_W0.01"
"0.011010002918211897","5","198","8780bf1e-ed9a-400b-93fa-d123fbeb5603","0.01","Mgelu_DS1_Osgd_W0.01"
"0.011055074671662564","5","199","8780bf1e-ed9a-400b-93fa-d123fbeb5603","0.01","Mgelu_DS1_Osgd_W0.01"
"0.011096435529307353","5","200","8780bf1e-ed9a-400b-93fa-d123fbeb5603","0.01","Mgelu_DS1_Osgd_W0.01"
"0.011115201782949795","5","201","8780bf1e-ed9a-400b-93fa-d123fbeb5603","0.01","Mgelu_DS1_Osgd_W0.01"
"0.011141789301264252","5","202","8780bf1e-ed9a-400b-93fa-d123fbeb5603","0.01","Mgelu_DS1_Osgd_W0.01"
"0.011163504968452885","5","203","8780bf1e-ed9a-400b-93fa-d123fbeb5603","0.01","Mgelu_DS1_Osgd_W0.01"
"0.011172654797783718","5","204","8780bf1e-ed9a-400b-93fa-d123fbeb5603","0.01","Mgelu_DS1_Osgd_W0.01"
"0.01118836255755441","5","205","8780bf1e-ed9a-400b-93fa-d123fbeb5603","0.01","Mgelu_DS1_Osgd_W0.01"
"0.011205933077673464","5","206","8780bf1e-ed9a-400b-93fa-d123fbeb5603","0.01","Mgelu_DS1_Osgd_W0.01"
"0.011195695430892121","5","207","8780bf1e-ed9a-400b-93fa-d123fbeb5603","0.01","Mgelu_DS1_Osgd_W0.01"
"0.011185174837722528","5","208","8780bf1e-ed9a-400b-93fa-d123fbeb5603","0.01","Mgelu_DS1_Osgd_W0.01"
"0.011181803670102188","5","209","8780bf1e-ed9a-400b-93fa-d123fbeb5603","0.01","Mgelu_DS1_Osgd_W0.01"
"0.011166510937919082","5","210","8780bf1e-ed9a-400b-93fa-d123fbeb5603","0.01","Mgelu_DS1_Osgd_W0.01"
"0.011154136804574314","5","211","8780bf1e-ed9a-400b-93fa-d123fbeb5603","0.01","Mgelu_DS1_Osgd_W0.01"
"0.011139354926499825","5","212","8780bf1e-ed9a-400b-93fa-d123fbeb5603","0.01","Mgelu_DS1_Osgd_W0.01"
"0.011119520545686315","5","213","8780bf1e-ed9a-400b-93fa-d123fbeb5603","0.01","Mgelu_DS1_Osgd_W0.01"
"0.011083267367000438","5","214","8780bf1e-ed9a-400b-93fa-d123fbeb5603","0.01","Mgelu_DS1_Osgd_W0.01"
"0.011057614274924025","5","215","8780bf1e-ed9a-400b-93fa-d123fbeb5603","0.01","Mgelu_DS1_Osgd_W0.01"
"0.011012449681041453","5","216","8780bf1e-ed9a-400b-93fa-d123fbeb5603","0.01","Mgelu_DS1_Osgd_W0.01"
"0.010969865720627756","5","217","8780bf1e-ed9a-400b-93fa-d123fbeb5603","0.01","Mgelu_DS1_Osgd_W0.01"
"0.010920479258406625","5","218","8780bf1e-ed9a-400b-93fa-d123fbeb5603","0.01","Mgelu_DS1_Osgd_W0.01"
"0.01088428677362757","5","219","8780bf1e-ed9a-400b-93fa-d123fbeb5603","0.01","Mgelu_DS1_Osgd_W0.01"
"0.010838039074131662","5","220","8780bf1e-ed9a-400b-93fa-d123fbeb5603","0.01","Mgelu_DS1_Osgd_W0.01"
"0.01077892747937988","5","221","8780bf1e-ed9a-400b-93fa-d123fbeb5603","0.01","Mgelu_DS1_Osgd_W0.01"
"0.01072484691999639","5","222","8780bf1e-ed9a-400b-93fa-d123fbeb5603","0.01","Mgelu_DS1_Osgd_W0.01"
"0.010668638583068874","5","223","8780bf1e-ed9a-400b-93fa-d123fbeb5603","0.01","Mgelu_DS1_Osgd_W0.01"
"0.010603255934095022","5","224","8780bf1e-ed9a-400b-93fa-d123fbeb5603","0.01","Mgelu_DS1_Osgd_W0.01"
"0.010544181515398177","5","225","8780bf1e-ed9a-400b-93fa-d123fbeb5603","0.01","Mgelu_DS1_Osgd_W0.01"
"0.010487413370146368","5","226","8780bf1e-ed9a-400b-93fa-d123fbeb5603","0.01","Mgelu_DS1_Osgd_W0.01"
"0.010420048435750949","5","227","8780bf1e-ed9a-400b-93fa-d123fbeb5603","0.01","Mgelu_DS1_Osgd_W0.01"
"0.010360777154894484","5","228","8780bf1e-ed9a-400b-93fa-d123fbeb5603","0.01","Mgelu_DS1_Osgd_W0.01"
"0.010284664441997507","5","229","8780bf1e-ed9a-400b-93fa-d123fbeb5603","0.01","Mgelu_DS1_Osgd_W0.01"
"0.010221715016320384","5","230","8780bf1e-ed9a-400b-93fa-d123fbeb5603","0.01","Mgelu_DS1_Osgd_W0.01"
"0.010143982097112456","5","231","8780bf1e-ed9a-400b-93fa-d123fbeb5603","0.01","Mgelu_DS1_Osgd_W0.01"
"0.010058860711365327","5","232","8780bf1e-ed9a-400b-93fa-d123fbeb5603","0.01","Mgelu_DS1_Osgd_W0.01"
"0.009974019749986449","5","233","8780bf1e-ed9a-400b-93fa-d123fbeb5603","0.01","Mgelu_DS1_Osgd_W0.01"
"0.009890305028568998","5","234","8780bf1e-ed9a-400b-93fa-d123fbeb5603","0.01","Mgelu_DS1_Osgd_W0.01"
"0.009813409715879481","5","235","8780bf1e-ed9a-400b-93fa-d123fbeb5603","0.01","Mgelu_DS1_Osgd_W0.01"
"0.00972977803381379","5","236","8780bf1e-ed9a-400b-93fa-d123fbeb5603","0.01","Mgelu_DS1_Osgd_W0.01"
"0.009641958765294693","5","237","8780bf1e-ed9a-400b-93fa-d123fbeb5603","0.01","Mgelu_DS1_Osgd_W0.01"
"0.009559069120648076","5","238","8780bf1e-ed9a-400b-93fa-d123fbeb5603","0.01","Mgelu_DS1_Osgd_W0.01"
"0.009486687698105442","5","239","8780bf1e-ed9a-400b-93fa-d123fbeb5603","0.01","Mgelu_DS1_Osgd_W0.01"
"0.009401565584918505","5","240","8780bf1e-ed9a-400b-93fa-d123fbeb5603","0.01","Mgelu_DS1_Osgd_W0.01"
"0.009326445239332336","5","241","8780bf1e-ed9a-400b-93fa-d123fbeb5603","0.01","Mgelu_DS1_Osgd_W0.01"
"0.009235975978263082","5","242","8780bf1e-ed9a-400b-93fa-d123fbeb5603","0.01","Mgelu_DS1_Osgd_W0.01"
"0.009142766218572063","5","243","8780bf1e-ed9a-400b-93fa-d123fbeb5603","0.01","Mgelu_DS1_Osgd_W0.01"
"0.009054145115368444","5","244","8780bf1e-ed9a-400b-93fa-d123fbeb5603","0.01","Mgelu_DS1_Osgd_W0.01"
"0.00896737867951044","5","245","8780bf1e-ed9a-400b-93fa-d123fbeb5603","0.01","Mgelu_DS1_Osgd_W0.01"
"0.00887518641834463","5","246","8780bf1e-ed9a-400b-93fa-d123fbeb5603","0.01","Mgelu_DS1_Osgd_W0.01"
"0.008789345035415227","5","247","8780bf1e-ed9a-400b-93fa-d123fbeb5603","0.01","Mgelu_DS1_Osgd_W0.01"
"0.008698513462245388","5","248","8780bf1e-ed9a-400b-93fa-d123fbeb5603","0.01","Mgelu_DS1_Osgd_W0.01"
"0.008612794954771134","5","249","8780bf1e-ed9a-400b-93fa-d123fbeb5603","0.01","Mgelu_DS1_Osgd_W0.01"
"0.008520510715846112","5","250","8780bf1e-ed9a-400b-93fa-d123fbeb5603","0.01","Mgelu_DS1_Osgd_W0.01"
"0.008422505065725075","5","251","8780bf1e-ed9a-400b-93fa-d123fbeb5603","0.01","Mgelu_DS1_Osgd_W0.01"
"0.008343971450310112","5","252","8780bf1e-ed9a-400b-93fa-d123fbeb5603","0.01","Mgelu_DS1_Osgd_W0.01"
"0.008261318635079307","5","253","8780bf1e-ed9a-400b-93fa-d123fbeb5603","0.01","Mgelu_DS1_Osgd_W0.01"
"0.008162229138986845","5","254","8780bf1e-ed9a-400b-93fa-d123fbeb5603","0.01","Mgelu_DS1_Osgd_W0.01"
"0.008070094238068176","5","255","8780bf1e-ed9a-400b-93fa-d123fbeb5603","0.01","Mgelu_DS1_Osgd_W0.01"
"0.007973685325461733","5","256","8780bf1e-ed9a-400b-93fa-d123fbeb5603","0.01","Mgelu_DS1_Osgd_W0.01"
"0.00788343502366691","5","257","8780bf1e-ed9a-400b-93fa-d123fbeb5603","0.01","Mgelu_DS1_Osgd_W0.01"
"0.007792319580603635","5","258","8780bf1e-ed9a-400b-93fa-d123fbeb5603","0.01","Mgelu_DS1_Osgd_W0.01"
"0.007703176387327643","5","259","8780bf1e-ed9a-400b-93fa-d123fbeb5603","0.01","Mgelu_DS1_Osgd_W0.01"
"0.007613976169259607","5","260","8780bf1e-ed9a-400b-93fa-d123fbeb5603","0.01","Mgelu_DS1_Osgd_W0.01"
"0.007525069356243228","5","261","8780bf1e-ed9a-400b-93fa-d123fbeb5603","0.01","Mgelu_DS1_Osgd_W0.01"
"0.007433919918693666","5","262","8780bf1e-ed9a-400b-93fa-d123fbeb5603","0.01","Mgelu_DS1_Osgd_W0.01"
"0.0073639989689269205","5","263","8780bf1e-ed9a-400b-93fa-d123fbeb5603","0.01","Mgelu_DS1_Osgd_W0.01"
"0.0072798632330366006","5","264","8780bf1e-ed9a-400b-93fa-d123fbeb5603","0.01","Mgelu_DS1_Osgd_W0.01"
"0.007198659042325277","5","265","8780bf1e-ed9a-400b-93fa-d123fbeb5603","0.01","Mgelu_DS1_Osgd_W0.01"
"0.007104736302454288","5","266","8780bf1e-ed9a-400b-93fa-d123fbeb5603","0.01","Mgelu_DS1_Osgd_W0.01"
"0.007028904346762871","5","267","8780bf1e-ed9a-400b-93fa-d123fbeb5603","0.01","Mgelu_DS1_Osgd_W0.01"
"0.006940980260025299","5","268","8780bf1e-ed9a-400b-93fa-d123fbeb5603","0.01","Mgelu_DS1_Osgd_W0.01"
"0.006866356069318742","5","269","8780bf1e-ed9a-400b-93fa-d123fbeb5603","0.01","Mgelu_DS1_Osgd_W0.01"
"0.006800252609194864","5","270","8780bf1e-ed9a-400b-93fa-d123fbeb5603","0.01","Mgelu_DS1_Osgd_W0.01"
"0.006713409757703854","5","271","8780bf1e-ed9a-400b-93fa-d123fbeb5603","0.01","Mgelu_DS1_Osgd_W0.01"
"0.0066302731151749155","5","272","8780bf1e-ed9a-400b-93fa-d123fbeb5603","0.01","Mgelu_DS1_Osgd_W0.01"
"0.006549854593447034","5","273","8780bf1e-ed9a-400b-93fa-d123fbeb5603","0.01","Mgelu_DS1_Osgd_W0.01"
"0.006478513660791124","5","274","8780bf1e-ed9a-400b-93fa-d123fbeb5603","0.01","Mgelu_DS1_Osgd_W0.01"
"0.006407104952382784","5","275","8780bf1e-ed9a-400b-93fa-d123fbeb5603","0.01","Mgelu_DS1_Osgd_W0.01"
"0.006324562719595042","5","276","8780bf1e-ed9a-400b-93fa-d123fbeb5603","0.01","Mgelu_DS1_Osgd_W0.01"
"0.006264005318613375","5","277","8780bf1e-ed9a-400b-93fa-d123fbeb5603","0.01","Mgelu_DS1_Osgd_W0.01"
"0.006183755473203091","5","278","8780bf1e-ed9a-400b-93fa-d123fbeb5603","0.01","Mgelu_DS1_Osgd_W0.01"
"0.006123288874547186","5","279","8780bf1e-ed9a-400b-93fa-d123fbeb5603","0.01","Mgelu_DS1_Osgd_W0.01"
"0.006053578429337687","5","280","8780bf1e-ed9a-400b-93fa-d123fbeb5603","0.01","Mgelu_DS1_Osgd_W0.01"
"0.005984763350488132","5","281","8780bf1e-ed9a-400b-93fa-d123fbeb5603","0.01","Mgelu_DS1_Osgd_W0.01"
"0.005913135845982941","5","282","8780bf1e-ed9a-400b-93fa-d123fbeb5603","0.01","Mgelu_DS1_Osgd_W0.01"
"0.005841706027618568","5","283","8780bf1e-ed9a-400b-93fa-d123fbeb5603","0.01","Mgelu_DS1_Osgd_W0.01"
"0.005776057529898618","5","284","8780bf1e-ed9a-400b-93fa-d123fbeb5603","0.01","Mgelu_DS1_Osgd_W0.01"
"0.005721065086091773","5","285","8780bf1e-ed9a-400b-93fa-d123fbeb5603","0.01","Mgelu_DS1_Osgd_W0.01"
"0.005665822882385103","5","286","8780bf1e-ed9a-400b-93fa-d123fbeb5603","0.01","Mgelu_DS1_Osgd_W0.01"
"0.005603912043343979","5","287","8780bf1e-ed9a-400b-93fa-d123fbeb5603","0.01","Mgelu_DS1_Osgd_W0.01"
"0.00553754470763738","5","288","8780bf1e-ed9a-400b-93fa-d123fbeb5603","0.01","Mgelu_DS1_Osgd_W0.01"
"0.005492629119486806","5","289","8780bf1e-ed9a-400b-93fa-d123fbeb5603","0.01","Mgelu_DS1_Osgd_W0.01"
"0.005440453430413787","5","290","8780bf1e-ed9a-400b-93fa-d123fbeb5603","0.01","Mgelu_DS1_Osgd_W0.01"
"0.0053837872655796695","5","291","8780bf1e-ed9a-400b-93fa-d123fbeb5603","0.01","Mgelu_DS1_Osgd_W0.01"
"0.0053319734011747074","5","292","8780bf1e-ed9a-400b-93fa-d123fbeb5603","0.01","Mgelu_DS1_Osgd_W0.01"
"0.005278460278856222","5","293","8780bf1e-ed9a-400b-93fa-d123fbeb5603","0.01","Mgelu_DS1_Osgd_W0.01"
"0.005232850083859553","5","294","8780bf1e-ed9a-400b-93fa-d123fbeb5603","0.01","Mgelu_DS1_Osgd_W0.01"
"0.0051877471450897834","5","295","8780bf1e-ed9a-400b-93fa-d123fbeb5603","0.01","Mgelu_DS1_Osgd_W0.01"
"0.005145768113795738","5","296","8780bf1e-ed9a-400b-93fa-d123fbeb5603","0.01","Mgelu_DS1_Osgd_W0.01"
"0.005093953513436653","5","297","8780bf1e-ed9a-400b-93fa-d123fbeb5603","0.01","Mgelu_DS1_Osgd_W0.01"
"0.005045033329807591","5","298","8780bf1e-ed9a-400b-93fa-d123fbeb5603","0.01","Mgelu_DS1_Osgd_W0.01"
"0.004984785603337306","5","299","8780bf1e-ed9a-400b-93fa-d123fbeb5603","0.01","Mgelu_DS1_Osgd_W0.01"
"0.0049554956784339235","5","300","8780bf1e-ed9a-400b-93fa-d123fbeb5603","0.01","Mgelu_DS1_Osgd_W0.01"
"0.004914911795641772","5","301","8780bf1e-ed9a-400b-93fa-d123fbeb5603","0.01","Mgelu_DS1_Osgd_W0.01"
"0.0048692247369667065","5","302","8780bf1e-ed9a-400b-93fa-d123fbeb5603","0.01","Mgelu_DS1_Osgd_W0.01"
"0.004836801834773207","5","303","8780bf1e-ed9a-400b-93fa-d123fbeb5603","0.01","Mgelu_DS1_Osgd_W0.01"
"0.004788510325863531","5","304","8780bf1e-ed9a-400b-93fa-d123fbeb5603","0.01","Mgelu_DS1_Osgd_W0.01"
"0.00476058132592454","5","305","8780bf1e-ed9a-400b-93fa-d123fbeb5603","0.01","Mgelu_DS1_Osgd_W0.01"
"0.004721555153858946","5","306","8780bf1e-ed9a-400b-93fa-d123fbeb5603","0.01","Mgelu_DS1_Osgd_W0.01"
"0.004682818553338192","5","307","8780bf1e-ed9a-400b-93fa-d123fbeb5603","0.01","Mgelu_DS1_Osgd_W0.01"
"0.004647516614349557","5","308","8780bf1e-ed9a-400b-93fa-d123fbeb5603","0.01","Mgelu_DS1_Osgd_W0.01"
"0.004607663345551206","5","309","8780bf1e-ed9a-400b-93fa-d123fbeb5603","0.01","Mgelu_DS1_Osgd_W0.01"
"0.004582803146984777","5","310","8780bf1e-ed9a-400b-93fa-d123fbeb5603","0.01","Mgelu_DS1_Osgd_W0.01"
"0.004551305331409399","5","311","8780bf1e-ed9a-400b-93fa-d123fbeb5603","0.01","Mgelu_DS1_Osgd_W0.01"
"0.004516995653659209","5","312","8780bf1e-ed9a-400b-93fa-d123fbeb5603","0.01","Mgelu_DS1_Osgd_W0.01"
"0.004485723665773853","5","313","8780bf1e-ed9a-400b-93fa-d123fbeb5603","0.01","Mgelu_DS1_Osgd_W0.01"
"0.0044679557070428635","5","314","8780bf1e-ed9a-400b-93fa-d123fbeb5603","0.01","Mgelu_DS1_Osgd_W0.01"
"0.004432508595937655","5","315","8780bf1e-ed9a-400b-93fa-d123fbeb5603","0.01","Mgelu_DS1_Osgd_W0.01"
"0.004405199671445502","5","316","8780bf1e-ed9a-400b-93fa-d123fbeb5603","0.01","Mgelu_DS1_Osgd_W0.01"
"0.00438027621914338","5","317","8780bf1e-ed9a-400b-93fa-d123fbeb5603","0.01","Mgelu_DS1_Osgd_W0.01"
"0.004348033604182245","5","318","8780bf1e-ed9a-400b-93fa-d123fbeb5603","0.01","Mgelu_DS1_Osgd_W0.01"
"0.004320142451001215","5","319","8780bf1e-ed9a-400b-93fa-d123fbeb5603","0.01","Mgelu_DS1_Osgd_W0.01"
"0.004294766225562712","5","320","8780bf1e-ed9a-400b-93fa-d123fbeb5603","0.01","Mgelu_DS1_Osgd_W0.01"
"0.004279247017698787","5","321","8780bf1e-ed9a-400b-93fa-d123fbeb5603","0.01","Mgelu_DS1_Osgd_W0.01"
"0.0042409598163467704","5","322","8780bf1e-ed9a-400b-93fa-d123fbeb5603","0.01","Mgelu_DS1_Osgd_W0.01"
"0.004212693134181482","5","323","8780bf1e-ed9a-400b-93fa-d123fbeb5603","0.01","Mgelu_DS1_Osgd_W0.01"
"0.004187263726666164","5","324","8780bf1e-ed9a-400b-93fa-d123fbeb5603","0.01","Mgelu_DS1_Osgd_W0.01"
"0.004174836148949543","5","325","8780bf1e-ed9a-400b-93fa-d123fbeb5603","0.01","Mgelu_DS1_Osgd_W0.01"
"0.004160119933201687","5","326","8780bf1e-ed9a-400b-93fa-d123fbeb5603","0.01","Mgelu_DS1_Osgd_W0.01"
"0.00414042069294538","5","327","8780bf1e-ed9a-400b-93fa-d123fbeb5603","0.01","Mgelu_DS1_Osgd_W0.01"
"0.00411792624433331","5","328","8780bf1e-ed9a-400b-93fa-d123fbeb5603","0.01","Mgelu_DS1_Osgd_W0.01"
"0.004095434376876905","5","329","8780bf1e-ed9a-400b-93fa-d123fbeb5603","0.01","Mgelu_DS1_Osgd_W0.01"
"0.004078311359608575","5","330","8780bf1e-ed9a-400b-93fa-d123fbeb5603","0.01","Mgelu_DS1_Osgd_W0.01"
"0.0040597821185657","5","331","8780bf1e-ed9a-400b-93fa-d123fbeb5603","0.01","Mgelu_DS1_Osgd_W0.01"
"0.004047412700613656","5","332","8780bf1e-ed9a-400b-93fa-d123fbeb5603","0.01","Mgelu_DS1_Osgd_W0.01"
"0.00402384380474726","5","333","8780bf1e-ed9a-400b-93fa-d123fbeb5603","0.01","Mgelu_DS1_Osgd_W0.01"
"0.004005179511458884","5","334","8780bf1e-ed9a-400b-93fa-d123fbeb5603","0.01","Mgelu_DS1_Osgd_W0.01"
"0.0039883007204208195","5","335","8780bf1e-ed9a-400b-93fa-d123fbeb5603","0.01","Mgelu_DS1_Osgd_W0.01"
"0.003973620103980001","5","336","8780bf1e-ed9a-400b-93fa-d123fbeb5603","0.01","Mgelu_DS1_Osgd_W0.01"
"0.003960097992987751","5","337","8780bf1e-ed9a-400b-93fa-d123fbeb5603","0.01","Mgelu_DS1_Osgd_W0.01"
"0.003956170641952871","5","338","8780bf1e-ed9a-400b-93fa-d123fbeb5603","0.01","Mgelu_DS1_Osgd_W0.01"
"0.0039530913929357835","5","339","8780bf1e-ed9a-400b-93fa-d123fbeb5603","0.01","Mgelu_DS1_Osgd_W0.01"
"0.003935164438520785","5","340","8780bf1e-ed9a-400b-93fa-d123fbeb5603","0.01","Mgelu_DS1_Osgd_W0.01"
"0.003924284586020856","5","341","8780bf1e-ed9a-400b-93fa-d123fbeb5603","0.01","Mgelu_DS1_Osgd_W0.01"
"0.003913681682453873","5","342","8780bf1e-ed9a-400b-93fa-d123fbeb5603","0.01","Mgelu_DS1_Osgd_W0.01"
"0.003897467751698224","5","343","8780bf1e-ed9a-400b-93fa-d123fbeb5603","0.01","Mgelu_DS1_Osgd_W0.01"
"0.0039063095045750885","5","344","8780bf1e-ed9a-400b-93fa-d123fbeb5603","0.01","Mgelu_DS1_Osgd_W0.01"
"0.0038973198274685683","5","345","8780bf1e-ed9a-400b-93fa-d123fbeb5603","0.01","Mgelu_DS1_Osgd_W0.01"
"0.003878323964672845","5","346","8780bf1e-ed9a-400b-93fa-d123fbeb5603","0.01","Mgelu_DS1_Osgd_W0.01"
"0.0038712780238359013","5","347","8780bf1e-ed9a-400b-93fa-d123fbeb5603","0.01","Mgelu_DS1_Osgd_W0.01"
"0.0038632258086474043","5","348","8780bf1e-ed9a-400b-93fa-d123fbeb5603","0.01","Mgelu_DS1_Osgd_W0.01"
"0.0038561402968415944","5","349","8780bf1e-ed9a-400b-93fa-d123fbeb5603","0.01","Mgelu_DS1_Osgd_W0.01"
"0.0038510842051258333","5","350","8780bf1e-ed9a-400b-93fa-d123fbeb5603","0.01","Mgelu_DS1_Osgd_W0.01"
"0.003826898511224728","5","351","8780bf1e-ed9a-400b-93fa-d123fbeb5603","0.01","Mgelu_DS1_Osgd_W0.01"
"0.0038118302485772074","5","352","8780bf1e-ed9a-400b-93fa-d123fbeb5603","0.01","Mgelu_DS1_Osgd_W0.01"
"0.0038041189987787537","5","353","8780bf1e-ed9a-400b-93fa-d123fbeb5603","0.01","Mgelu_DS1_Osgd_W0.01"
"0.0038009330294524572","5","354","8780bf1e-ed9a-400b-93fa-d123fbeb5603","0.01","Mgelu_DS1_Osgd_W0.01"
"0.0037846223607993354","5","355","8780bf1e-ed9a-400b-93fa-d123fbeb5603","0.01","Mgelu_DS1_Osgd_W0.01"
"0.0037849966204650323","5","356","8780bf1e-ed9a-400b-93fa-d123fbeb5603","0.01","Mgelu_DS1_Osgd_W0.01"
"0.0037885815996016674","5","357","8780bf1e-ed9a-400b-93fa-d123fbeb5603","0.01","Mgelu_DS1_Osgd_W0.01"
"0.003789160113096694","5","358","8780bf1e-ed9a-400b-93fa-d123fbeb5603","0.01","Mgelu_DS1_Osgd_W0.01"
"0.003780889334522915","5","359","8780bf1e-ed9a-400b-93fa-d123fbeb5603","0.01","Mgelu_DS1_Osgd_W0.01"
"0.0037763542337577124","5","360","8780bf1e-ed9a-400b-93fa-d123fbeb5603","0.01","Mgelu_DS1_Osgd_W0.01"
"0.0037720764914806774","5","361","8780bf1e-ed9a-400b-93fa-d123fbeb5603","0.01","Mgelu_DS1_Osgd_W0.01"
"0.0037656467994753302","5","362","8780bf1e-ed9a-400b-93fa-d123fbeb5603","0.01","Mgelu_DS1_Osgd_W0.01"
"0.003763466505281243","5","363","8780bf1e-ed9a-400b-93fa-d123fbeb5603","0.01","Mgelu_DS1_Osgd_W0.01"
"0.0037554899129508845","5","364","8780bf1e-ed9a-400b-93fa-d123fbeb5603","0.01","Mgelu_DS1_Osgd_W0.01"
"0.003748483611211105","5","365","8780bf1e-ed9a-400b-93fa-d123fbeb5603","0.01","Mgelu_DS1_Osgd_W0.01"
"0.003730090320037105","5","366","8780bf1e-ed9a-400b-93fa-d123fbeb5603","0.01","Mgelu_DS1_Osgd_W0.01"
"0.0037284879908579317","5","367","8780bf1e-ed9a-400b-93fa-d123fbeb5603","0.01","Mgelu_DS1_Osgd_W0.01"
"0.0037235101087219513","5","368","8780bf1e-ed9a-400b-93fa-d123fbeb5603","0.01","Mgelu_DS1_Osgd_W0.01"
"0.0037229737799177273","5","369","8780bf1e-ed9a-400b-93fa-d123fbeb5603","0.01","Mgelu_DS1_Osgd_W0.01"
"0.003708362543511372","5","370","8780bf1e-ed9a-400b-93fa-d123fbeb5603","0.01","Mgelu_DS1_Osgd_W0.01"
"0.003698959341210286","5","371","8780bf1e-ed9a-400b-93fa-d123fbeb5603","0.01","Mgelu_DS1_Osgd_W0.01"
"0.0037037576719377084","5","372","8780bf1e-ed9a-400b-93fa-d123fbeb5603","0.01","Mgelu_DS1_Osgd_W0.01"
"0.0037071552642187183","5","373","8780bf1e-ed9a-400b-93fa-d123fbeb5603","0.01","Mgelu_DS1_Osgd_W0.01"
"0.003697050314876999","5","374","8780bf1e-ed9a-400b-93fa-d123fbeb5603","0.01","Mgelu_DS1_Osgd_W0.01"
"0.0036916945021410433","5","375","8780bf1e-ed9a-400b-93fa-d123fbeb5603","0.01","Mgelu_DS1_Osgd_W0.01"
"0.003704851444314187","5","376","8780bf1e-ed9a-400b-93fa-d123fbeb5603","0.01","Mgelu_DS1_Osgd_W0.01"
"0.0036842332756153694","5","377","8780bf1e-ed9a-400b-93fa-d123fbeb5603","0.01","Mgelu_DS1_Osgd_W0.01"
"0.003679904499861997","5","378","8780bf1e-ed9a-400b-93fa-d123fbeb5603","0.01","Mgelu_DS1_Osgd_W0.01"
"0.003685019631861097","5","379","8780bf1e-ed9a-400b-93fa-d123fbeb5603","0.01","Mgelu_DS1_Osgd_W0.01"
"0.0036809329256934802","5","380","8780bf1e-ed9a-400b-93fa-d123fbeb5603","0.01","Mgelu_DS1_Osgd_W0.01"
"0.0036770994344533085","5","381","8780bf1e-ed9a-400b-93fa-d123fbeb5603","0.01","Mgelu_DS1_Osgd_W0.01"
"0.0036730702793818346","5","382","8780bf1e-ed9a-400b-93fa-d123fbeb5603","0.01","Mgelu_DS1_Osgd_W0.01"
"0.003682913481741915","5","383","8780bf1e-ed9a-400b-93fa-d123fbeb5603","0.01","Mgelu_DS1_Osgd_W0.01"
"0.003672648280194928","5","384","8780bf1e-ed9a-400b-93fa-d123fbeb5603","0.01","Mgelu_DS1_Osgd_W0.01"
"0.0036721650945736265","5","385","8780bf1e-ed9a-400b-93fa-d123fbeb5603","0.01","Mgelu_DS1_Osgd_W0.01"
"0.0036705511468513334","5","386","8780bf1e-ed9a-400b-93fa-d123fbeb5603","0.01","Mgelu_DS1_Osgd_W0.01"
"0.0036768147249514717","5","387","8780bf1e-ed9a-400b-93fa-d123fbeb5603","0.01","Mgelu_DS1_Osgd_W0.01"
"0.0036710780294638007","5","388","8780bf1e-ed9a-400b-93fa-d123fbeb5603","0.01","Mgelu_DS1_Osgd_W0.01"
"0.00365653977167939","5","389","8780bf1e-ed9a-400b-93fa-d123fbeb5603","0.01","Mgelu_DS1_Osgd_W0.01"
"0.003652464373321476","5","390","8780bf1e-ed9a-400b-93fa-d123fbeb5603","0.01","Mgelu_DS1_Osgd_W0.01"
"0.003653366013351602","5","391","8780bf1e-ed9a-400b-93fa-d123fbeb5603","0.01","Mgelu_DS1_Osgd_W0.01"
"0.0036577458686490433","5","392","8780bf1e-ed9a-400b-93fa-d123fbeb5603","0.01","Mgelu_DS1_Osgd_W0.01"
"0.0036602641722444157","5","393","8780bf1e-ed9a-400b-93fa-d123fbeb5603","0.01","Mgelu_DS1_Osgd_W0.01"
"0.0036537341274883936","5","394","8780bf1e-ed9a-400b-93fa-d123fbeb5603","0.01","Mgelu_DS1_Osgd_W0.01"
"0.0036617477333707785","5","395","8780bf1e-ed9a-400b-93fa-d123fbeb5603","0.01","Mgelu_DS1_Osgd_W0.01"
"0.0036582133172822612","5","396","8780bf1e-ed9a-400b-93fa-d123fbeb5603","0.01","Mgelu_DS1_Osgd_W0.01"
"0.003653631397689396","5","397","8780bf1e-ed9a-400b-93fa-d123fbeb5603","0.01","Mgelu_DS1_Osgd_W0.01"
"0.0036323865879135213","5","398","8780bf1e-ed9a-400b-93fa-d123fbeb5603","0.01","Mgelu_DS1_Osgd_W0.01"
"0.003630611302075774","5","399","8780bf1e-ed9a-400b-93fa-d123fbeb5603","0.01","Mgelu_DS1_Osgd_W0.01"