"Step","Eswimmer_Mno_relu_DS1000_W0.025_lr0.01 - train.NRC2","Eswimmer_Mno_relu_DS1000_W0.025_lr0.01 - train.NRC2__MIN","Eswimmer_Mno_relu_DS1000_W0.025_lr0.01 - train.NRC2__MAX"
"0","0.8098718523979187","0.8098718523979187","0.8098718523979187"
"1","0.009923516772687435","0.009923516772687435","0.009923516772687435"
"2","0.0005187087808735669","0.0005187087808735669","0.0005187087808735669"
"3","0.00003905610356014222","0.00003905610356014222","0.00003905610356014222"
"4","0.0000032472767088620458","0.0000032472767088620458","0.0000032472767088620458"
"5","0.0000012884291891168687","0.0000012884291891168687","0.0000012884291891168687"
"6","0.0000011894759381902986","0.0000011894759381902986","0.0000011894759381902986"
"7","0.0000011851468570966972","0.0000011851468570966972","0.0000011851468570966972"
"8","0.000001125871222029673","0.000001125871222029673","0.000001125871222029673"
"9","0.000001161406885330507","0.000001161406885330507","0.000001161406885330507"
"10","0.0000011545554343683762","0.0000011545554343683762","0.0000011545554343683762"
"11","0.0000010916470500887954","0.0000010916470500887954","0.0000010916470500887954"
"12","0.000001085942926692951","0.000001085942926692951","0.000001085942926692951"
"13","0.0000011251075875406968","0.0000011251075875406968","0.0000011251075875406968"
"14","0.000001132861484620662","0.000001132861484620662","0.000001132861484620662"
"15","0.0000012345501545496518","0.0000012345501545496518","0.0000012345501545496518"
"16","0.000001294247681471461","0.000001294247681471461","0.000001294247681471461"
"17","0.0000011157455901411595","0.0000011157455901411595","0.0000011157455901411595"
"18","0.0000012459653362384415","0.0000012459653362384415","0.0000012459653362384415"
"19","0.0000012429528624124941","0.0000012429528624124941","0.0000012429528624124941"
"20","0.0000012146462040618644","0.0000012146462040618644","0.0000012146462040618644"
"21","0.000001246545480171335","0.000001246545480171335","0.000001246545480171335"
"22","0.0000011474749044282362","0.0000011474749044282362","0.0000011474749044282362"
"23","0.0000012166029819127289","0.0000012166029819127289","0.0000012166029819127289"
"24","0.0000011565114164113766","0.0000011565114164113766","0.0000011565114164113766"
"25","0.0000012581126611621585","0.0000012581126611621585","0.0000012581126611621585"
"26","0.0000011929012089240132","0.0000011929012089240132","0.0000011929012089240132"
"27","0.0000010749291732281563","0.0000010749291732281563","0.0000010749291732281563"
"28","0.0000012810601219825912","0.0000012810601219825912","0.0000012810601219825912"
"29","0.0000011950201042054687","0.0000011950201042054687","0.0000011950201042054687"
"30","0.0000010950332125503337","0.0000010950332125503337","0.0000010950332125503337"
"31","0.0000011899525134140276","0.0000011899525134140276","0.0000011899525134140276"
"32","0.0000012809862255380722","0.0000012809862255380722","0.0000012809862255380722"
"33","0.0000012368293482722947","0.0000012368293482722947","0.0000012368293482722947"
"34","0.0000012723795634883572","0.0000012723795634883572","0.0000012723795634883572"
"35","0.000001133601813307905","0.000001133601813307905","0.000001133601813307905"
"36","0.0000011277116982455482","0.0000011277116982455482","0.0000011277116982455482"
"37","0.0000011899245464519481","0.0000011899245464519481","0.0000011899245464519481"
"38","0.0000012423583939380478","0.0000012423583939380478","0.0000012423583939380478"
"39","0.0000011813989431175287","0.0000011813989431175287","0.0000011813989431175287"
"40","0.0000011341047638779855","0.0000011341047638779855","0.0000011341047638779855"
"41","0.000001082221729120647","0.000001082221729120647","0.000001082221729120647"
"42","0.0000011624304079305148","0.0000011624304079305148","0.0000011624304079305148"
"43","0.0000013104049685352948","0.0000013104049685352948","0.0000013104049685352948"
"44","0.0000011122481282654917","0.0000011122481282654917","0.0000011122481282654917"
"45","0.000001227690518135205","0.000001227690518135205","0.000001227690518135205"
"46","0.0000011123498779852525","0.0000011123498779852525","0.0000011123498779852525"
"47","0.0000011658077028187108","0.0000011658077028187108","0.0000011658077028187108"
"48","0.0000012247172662682715","0.0000012247172662682715","0.0000012247172662682715"
"49","0.0000011329087783451541","0.0000011329087783451541","0.0000011329087783451541"
"50","0.0000011293860779915121","0.0000011293860779915121","0.0000011293860779915121"
"51","0.0000010783505786093883","0.0000010783505786093883","0.0000010783505786093883"
"52","0.0000011139209163957275","0.0000011139209163957275","0.0000011139209163957275"
"53","0.0000011274757980572758","0.0000011274757980572758","0.0000011274757980572758"
"54","0.000001345021360066312","0.000001345021360066312","0.000001345021360066312"
"55","0.0000011628786751316511","0.0000011628786751316511","0.0000011628786751316511"
"56","0.000001135317461375962","0.000001135317461375962","0.000001135317461375962"
"57","0.0000011093204648204846","0.0000011093204648204846","0.0000011093204648204846"
"58","0.000001203974534291774","0.000001203974534291774","0.000001203974534291774"
"59","0.0000011422590660004062","0.0000011422590660004062","0.0000011422590660004062"
"60","0.0000011314908761050901","0.0000011314908761050901","0.0000011314908761050901"
"61","0.0000012573292451634188","0.0000012573292451634188","0.0000012573292451634188"
"62","0.0000011903915719813085","0.0000011903915719813085","0.0000011903915719813085"
"63","0.0000011537741784195532","0.0000011537741784195532","0.0000011537741784195532"
"64","0.000001178983211502782","0.000001178983211502782","0.000001178983211502782"
"65","0.0000011506451755849412","0.0000011506451755849412","0.0000011506451755849412"
"66","0.0000011748496717700618","0.0000011748496717700618","0.0000011748496717700618"
"67","0.000001103776980926341","0.000001103776980926341","0.000001103776980926341"
"68","0.000001238899699274043","0.000001238899699274043","0.000001238899699274043"
"69","0.0000011214849564566975","0.0000011214849564566975","0.0000011214849564566975"
"70","0.0000011397864909667987","0.0000011397864909667987","0.0000011397864909667987"
"71","0.0000011761358109652065","0.0000011761358109652065","0.0000011761358109652065"
"72","0.0000010999835922120837","0.0000010999835922120837","0.0000010999835922120837"
"73","0.0000012448238067008788","0.0000012448238067008788","0.0000012448238067008788"
"74","0.0000011576328233786626","0.0000011576328233786626","0.0000011576328233786626"
"75","0.0000012089705023754505","0.0000012089705023754505","0.0000012089705023754505"
"76","0.0000012331578318480751","0.0000012331578318480751","0.0000012331578318480751"
"77","0.0000012559512470033951","0.0000012559512470033951","0.0000012559512470033951"
"78","0.0000011138084801132209","0.0000011138084801132209","0.0000011138084801132209"
"79","0.0000011144901463921997","0.0000011144901463921997","0.0000011144901463921997"
"80","0.0000012819432413380127","0.0000012819432413380127","0.0000012819432413380127"
"81","0.0000012145206937930197","0.0000012145206937930197","0.0000012145206937930197"
"82","0.0000011175796998941223","0.0000011175796998941223","0.0000011175796998941223"
"83","0.0000012418419146342785","0.0000012418419146342785","0.0000012418419146342785"
"84","0.0000011813483524747426","0.0000011813483524747426","0.0000011813483524747426"
"85","0.000001141458255915495","0.000001141458255915495","0.000001141458255915495"
"86","0.0000011918039035663242","0.0000011918039035663242","0.0000011918039035663242"
"87","0.0000011418723033784772","0.0000011418723033784772","0.0000011418723033784772"
"88","0.0000012720795439236099","0.0000012720795439236099","0.0000012720795439236099"
"89","0.0000011365908676452818","0.0000011365908676452818","0.0000011365908676452818"
"90","0.0000010979222224705154","0.0000010979222224705154","0.0000010979222224705154"
"91","0.0000011305988891763263","0.0000011305988891763263","0.0000011305988891763263"
"92","0.0000011907472980965395","0.0000011907472980965395","0.0000011907472980965395"
"93","0.0000012684480452662683","0.0000012684480452662683","0.0000012684480452662683"
"94","0.0000011512166793181677","0.0000011512166793181677","0.0000011512166793181677"
"95","0.0000013317799130163621","0.0000013317799130163621","0.0000013317799130163621"
"96","0.0000011207989700778853","0.0000011207989700778853","0.0000011207989700778853"
"97","0.0000011192984175067977","0.0000011192984175067977","0.0000011192984175067977"
"98","0.0000012088403309462592","0.0000012088403309462592","0.0000012088403309462592"
"99","0.0000010864957857847912","0.0000010864957857847912","0.0000010864957857847912"
"100","0.0000011877878023369703","0.0000011877878023369703","0.0000011877878023369703"
"101","0.0000012067964689777","0.0000012067964689777","0.0000012067964689777"
"102","0.0000012172050674053025","0.0000012172050674053025","0.0000012172050674053025"
"103","0.0000013093090274196584","0.0000013093090274196584","0.0000013093090274196584"
"104","0.0000012237796909175813","0.0000012237796909175813","0.0000012237796909175813"
"105","0.0000012729368563668686","0.0000012729368563668686","0.0000012729368563668686"
"106","0.0000010770252174552297","0.0000010770252174552297","0.0000010770252174552297"
"107","0.0000012954166095369146","0.0000012954166095369146","0.0000012954166095369146"
"108","0.0000011790634744102135","0.0000011790634744102135","0.0000011790634744102135"
"109","0.0000010794824447657447","0.0000010794824447657447","0.0000010794824447657447"
"110","0.0000011148715657327557","0.0000011148715657327557","0.0000011148715657327557"
"111","0.0000010794865374919027","0.0000010794865374919027","0.0000010794865374919027"
"112","0.00000114115164251416","0.00000114115164251416","0.00000114115164251416"
"113","0.0000011475490282464307","0.0000011475490282464307","0.0000011475490282464307"
"114","0.000001157520387096156","0.000001157520387096156","0.000001157520387096156"
"115","0.0000011574924201340764","0.0000011574924201340764","0.0000011574924201340764"
"116","0.0000012901326726932894","0.0000012901326726932894","0.0000012901326726932894"
"117","0.0000010885808023886057","0.0000010885808023886057","0.0000010885808023886057"
"118","0.000001035121499626257","0.000001035121499626257","0.000001035121499626257"
"119","0.000001205994408337574","0.000001205994408337574","0.000001205994408337574"
"120","0.000001177917397399142","0.000001177917397399142","0.000001177917397399142"
"121","0.0000011706362101904233","0.0000011706362101904233","0.0000011706362101904233"
"122","0.00000117294814572233","0.00000117294814572233","0.00000117294814572233"
"123","0.0000010912516472671996","0.0000010912516472671996","0.0000010912516472671996"
"124","0.000001200551878355327","0.000001200551878355327","0.000001200551878355327"
"125","0.000001223848471454403","0.000001223848471454403","0.000001223848471454403"
"126","0.0000011030596169803175","0.0000011030596169803175","0.0000011030596169803175"
"127","0.0000011126478511869209","0.0000011126478511869209","0.0000011126478511869209"
"128","0.0000011401922392906272","0.0000011401922392906272","0.0000011401922392906272"
"129","0.0000011348309953973512","0.0000011348309953973512","0.0000011348309953973512"
"130","0.0000012908921007692697","0.0000012908921007692697","0.0000012908921007692697"
"131","0.0000010535284218349261","0.0000010535284218349261","0.0000010535284218349261"
"132","0.0000011256938705628272","0.0000011256938705628272","0.0000011256938705628272"
"133","0.0000010613795211611432","0.0000010613795211611432","0.0000010613795211611432"
"134","0.0000011813643823188613","0.0000011813643823188613","0.0000011813643823188613"
"135","0.0000011310951322229812","0.0000011310951322229812","0.0000011310951322229812"
"136","0.0000010769456366688246","0.0000010769456366688246","0.0000010769456366688246"
"137","0.0000011770733863158966","0.0000011770733863158966","0.0000011770733863158966"
"138","0.0000011321299098199233","0.0000011321299098199233","0.0000011321299098199233"
"139","0.0000011900198160219588","0.0000011900198160219588","0.0000011900198160219588"
"140","0.0000011583696277739364","0.0000011583696277739364","0.0000011583696277739364"
"141","0.0000012513131650848663","0.0000012513131650848663","0.0000012513131650848663"
"142","0.000001177806666419201","0.000001177806666419201","0.000001177806666419201"
"143","0.0000012731189826808986","0.0000012731189826808986","0.0000012731189826808986"
"144","0.000001079572143680707","0.000001079572143680707","0.000001079572143680707"
"145","0.0000010972838708767085","0.0000010972838708767085","0.0000010972838708767085"
"146","0.000001217541807818634","0.000001217541807818634","0.000001217541807818634"
"147","0.0000012038440218020696","0.0000012038440218020696","0.0000012038440218020696"
"148","0.000001132765078182274","0.000001132765078182274","0.000001132765078182274"
"149","0.0000012374860034469748","0.0000012374860034469748","0.0000012374860034469748"
"150","0.0000011083416211477015","0.0000011083416211477015","0.0000011083416211477015"
"151","0.0000011417055247875396","0.0000011417055247875396","0.0000011417055247875396"
"152","0.0000010673867336663534","0.0000010673867336663534","0.0000010673867336663534"
"153","0.0000011510182957863435","0.0000011510182957863435","0.0000011510182957863435"
"154","0.000001122272578868433","0.000001122272578868433","0.000001122272578868433"
"155","0.0000011186679103047936","0.0000011186679103047936","0.0000011186679103047936"
"156","0.0000012620330380741507","0.0000012620330380741507","0.0000012620330380741507"
"157","0.0000011823929071397288","0.0000011823929071397288","0.0000011823929071397288"
"158","0.0000011411071909606108","0.0000011411071909606108","0.0000011411071909606108"
"159","0.0000012088306675650529","0.0000012088306675650529","0.0000012088306675650529"
"160","0.0000014322523611554061","0.0000014322523611554061","0.0000014322523611554061"
"161","0.0000011642597428362933","0.0000011642597428362933","0.0000011642597428362933"
"162","0.0000012003855545117403","0.0000012003855545117403","0.0000012003855545117403"
"163","0.000001123246079259843","0.000001123246079259843","0.000001123246079259843"
"164","0.0000011943716344831046","0.0000011943716344831046","0.0000011943716344831046"
"165","0.000001166626475423982","0.000001166626475423982","0.000001166626475423982"
"166","0.0000012527480066637509","0.0000012527480066637509","0.0000012527480066637509"
"167","0.0000011417660061852075","0.0000011417660061852075","0.0000011417660061852075"
"168","0.0000010977776128129335","0.0000010977776128129335","0.0000010977776128129335"
"169","0.0000012073094239895","0.0000012073094239895","0.0000012073094239895"
"170","0.0000011346468227202422","0.0000011346468227202422","0.0000011346468227202422"
"171","0.0000011440936305007199","0.0000011440936305007199","0.0000011440936305007199"
"172","0.0000012130795994380605","0.0000012130795994380605","0.0000012130795994380605"
"173","0.0000012123487067583483","0.0000012123487067583483","0.0000012123487067583483"
"174","0.0000012734682286463794","0.0000012734682286463794","0.0000012734682286463794"
"175","0.0000012438786143320613","0.0000012438786143320613","0.0000012438786143320613"
"176","0.0000011322641739752726","0.0000011322641739752726","0.0000011322641739752726"
"177","0.0000012107396969440742","0.0000012107396969440742","0.0000012107396969440742"
"178","0.0000012524685644166311","0.0000012524685644166311","0.0000012524685644166311"
"179","0.0000012206386372781708","0.0000012206386372781708","0.0000012206386372781708"
"180","0.0000013198883834775188","0.0000013198883834775188","0.0000013198883834775188"
"181","0.0000011527120022947202","0.0000011527120022947202","0.0000011527120022947202"
"182","0.00000114753459001804","0.00000114753459001804","0.00000114753459001804"
"183","0.0000011484768265290768","0.0000011484768265290768","0.0000011484768265290768"
"184","0.0000012493103440647246","0.0000012493103440647246","0.0000012493103440647246"
"185","0.0000011674907227643416","0.0000011674907227643416","0.0000011674907227643416"
"186","0.0000012547512824312435","0.0000012547512824312435","0.0000012547512824312435"
"187","0.0000010755560424513533","0.0000010755560424513533","0.0000010755560424513533"
"188","0.0000012285910315767978","0.0000012285910315767978","0.0000012285910315767978"
"189","0.000001154601250163978","0.000001154601250163978","0.000001154601250163978"
"190","0.0000011596430340432562","0.0000011596430340432562","0.0000011596430340432562"
"191","0.0000011215657877983176","0.0000011215657877983176","0.0000011215657877983176"
"192","0.000001123370680033986","0.000001123370680033986","0.000001123370680033986"
"193","0.0000012150635484431405","0.0000012150635484431405","0.0000012150635484431405"
"194","0.0000011935696875298163","0.0000011935696875298163","0.0000011935696875298163"
"195","0.0000011477593488962157","0.0000011477593488962157","0.0000011477593488962157"
"196","0.0000010628413065205677","0.0000010628413065205677","0.0000010628413065205677"
"197","0.0000012053404816469993","0.0000012053404816469993","0.0000012053404816469993"
"198","0.000001196351263388351","0.000001196351263388351","0.000001196351263388351"
"199","0.0000012022617283946602","0.0000012022617283946602","0.0000012022617283946602"
"200","0.0000012506291113822954","0.0000012506291113822954","0.0000012506291113822954"