"Step","Ehopper_Mno_relu_DS10000_W0.00095_lr0.01 - validation.prediction_error","Ehopper_Mno_relu_DS10000_W0.00095_lr0.01 - validation.prediction_error__MIN","Ehopper_Mno_relu_DS10000_W0.00095_lr0.01 - validation.prediction_error__MAX"
"0","0.34058678150177","0.34058678150177","0.34058678150177"
"1","0.17194171249866486","0.17194171249866486","0.17194171249866486"
"2","0.15782052278518677","0.15782052278518677","0.15782052278518677"
"3","0.1495753824710846","0.1495753824710846","0.1495753824710846"
"4","0.14537937939167023","0.14537937939167023","0.14537937939167023"
"5","0.14087332785129547","0.14087332785129547","0.14087332785129547"
"6","0.13406381011009216","0.13406381011009216","0.13406381011009216"
"7","0.13612213730812073","0.13612213730812073","0.13612213730812073"
"8","0.12716999650001526","0.12716999650001526","0.12716999650001526"
"9","0.1336119920015335","0.1336119920015335","0.1336119920015335"
"10","0.12378278374671936","0.12378278374671936","0.12378278374671936"
"11","0.12000589072704315","0.12000589072704315","0.12000589072704315"
"12","0.1202458068728447","0.1202458068728447","0.1202458068728447"
"13","0.12393086403608322","0.12393086403608322","0.12393086403608322"
"14","0.12659190595149994","0.12659190595149994","0.12659190595149994"
"15","0.11506937444210052","0.11506937444210052","0.11506937444210052"
"16","0.11833266913890839","0.11833266913890839","0.11833266913890839"
"17","0.1204940676689148","0.1204940676689148","0.1204940676689148"
"18","0.11468150466680527","0.11468150466680527","0.11468150466680527"
"19","0.11208546161651611","0.11208546161651611","0.11208546161651611"
"20","0.1205519512295723","0.1205519512295723","0.1205519512295723"
"21","0.1292952448129654","0.1292952448129654","0.1292952448129654"
"22","0.11381839960813522","0.11381839960813522","0.11381839960813522"
"23","0.11082986742258072","0.11082986742258072","0.11082986742258072"
"24","0.107526496052742","0.107526496052742","0.107526496052742"
"25","0.11586321890354156","0.11586321890354156","0.11586321890354156"
"26","0.11469987779855728","0.11469987779855728","0.11469987779855728"
"27","0.11113765090703964","0.11113765090703964","0.11113765090703964"
"28","0.11643300205469131","0.11643300205469131","0.11643300205469131"
"29","0.1067870706319809","0.1067870706319809","0.1067870706319809"
"30","0.11078814417123795","0.11078814417123795","0.11078814417123795"
"31","0.1046842560172081","0.1046842560172081","0.1046842560172081"
"32","0.11366795748472214","0.11366795748472214","0.11366795748472214"
"33","0.11348201334476471","0.11348201334476471","0.11348201334476471"
"34","0.112746961414814","0.112746961414814","0.112746961414814"
"35","0.10957638919353485","0.10957638919353485","0.10957638919353485"
"36","0.10800934582948685","0.10800934582948685","0.10800934582948685"
"37","0.11854372918605804","0.11854372918605804","0.11854372918605804"
"38","0.11498402804136276","0.11498402804136276","0.11498402804136276"
"39","0.1283596009016037","0.1283596009016037","0.1283596009016037"
"40","0.1019432544708252","0.1019432544708252","0.1019432544708252"
"41","0.11854133754968643","0.11854133754968643","0.11854133754968643"
"42","0.11022640019655228","0.11022640019655228","0.11022640019655228"
"43","0.11013128608465195","0.11013128608465195","0.11013128608465195"
"44","0.12218087911605835","0.12218087911605835","0.12218087911605835"
"45","0.12936139106750488","0.12936139106750488","0.12936139106750488"
"46","0.1054690033197403","0.1054690033197403","0.1054690033197403"
"47","0.11873369663953781","0.11873369663953781","0.11873369663953781"
"48","0.1113205999135971","0.1113205999135971","0.1113205999135971"
"49","0.10232465714216232","0.10232465714216232","0.10232465714216232"
"50","0.10339979827404022","0.10339979827404022","0.10339979827404022"
"51","0.11846742033958435","0.11846742033958435","0.11846742033958435"
"52","0.10623534023761749","0.10623534023761749","0.10623534023761749"
"53","0.10967457294464111","0.10967457294464111","0.10967457294464111"
"54","0.1028319001197815","0.1028319001197815","0.1028319001197815"
"55","0.10072779655456543","0.10072779655456543","0.10072779655456543"
"56","0.13022027909755707","0.13022027909755707","0.13022027909755707"
"57","0.11108911782503128","0.11108911782503128","0.11108911782503128"
"58","0.10444092750549316","0.10444092750549316","0.10444092750549316"
"59","0.1276509165763855","0.1276509165763855","0.1276509165763855"
"60","0.1106625497341156","0.1106625497341156","0.1106625497341156"
"61","0.1108885183930397","0.1108885183930397","0.1108885183930397"
"62","0.11115710437297821","0.11115710437297821","0.11115710437297821"
"63","0.10055264085531235","0.10055264085531235","0.10055264085531235"
"64","0.12115476280450821","0.12115476280450821","0.12115476280450821"
"65","0.10376197099685669","0.10376197099685669","0.10376197099685669"
"66","0.11243312805891037","0.11243312805891037","0.11243312805891037"
"67","0.1015627458691597","0.1015627458691597","0.1015627458691597"
"68","0.11442281305789948","0.11442281305789948","0.11442281305789948"
"69","0.11815319955348969","0.11815319955348969","0.11815319955348969"
"70","0.1000419482588768","0.1000419482588768","0.1000419482588768"
"71","0.11524064093828201","0.11524064093828201","0.11524064093828201"
"72","0.12618668377399445","0.12618668377399445","0.12618668377399445"
"73","0.1063215509057045","0.1063215509057045","0.1063215509057045"
"74","0.10204777866601944","0.10204777866601944","0.10204777866601944"
"75","0.11144708096981049","0.11144708096981049","0.11144708096981049"
"76","0.11682816594839096","0.11682816594839096","0.11682816594839096"
"77","0.10640566051006317","0.10640566051006317","0.10640566051006317"
"78","0.11006610840559006","0.11006610840559006","0.11006610840559006"
"79","0.10488535463809967","0.10488535463809967","0.10488535463809967"
"80","0.10332180559635162","0.10332180559635162","0.10332180559635162"
"81","0.10749498754739761","0.10749498754739761","0.10749498754739761"
"82","0.1123412474989891","0.1123412474989891","0.1123412474989891"
"83","0.1068108007311821","0.1068108007311821","0.1068108007311821"
"84","0.10167118161916733","0.10167118161916733","0.10167118161916733"
"85","0.11799855530261993","0.11799855530261993","0.11799855530261993"
"86","0.10257319360971451","0.10257319360971451","0.10257319360971451"
"87","0.1115676611661911","0.1115676611661911","0.1115676611661911"
"88","0.10906533151865005","0.10906533151865005","0.10906533151865005"
"89","0.10638127475976944","0.10638127475976944","0.10638127475976944"
"90","0.10686809569597244","0.10686809569597244","0.10686809569597244"
"91","0.0976005271077156","0.0976005271077156","0.0976005271077156"
"92","0.1174280196428299","0.1174280196428299","0.1174280196428299"
"93","0.10953856259584427","0.10953856259584427","0.10953856259584427"
"94","0.11151790618896484","0.11151790618896484","0.11151790618896484"
"95","0.12315218150615692","0.12315218150615692","0.12315218150615692"
"96","0.09888467192649841","0.09888467192649841","0.09888467192649841"
"97","0.1069883182644844","0.1069883182644844","0.1069883182644844"
"98","0.09968636184930801","0.09968636184930801","0.09968636184930801"
"99","0.12432952970266342","0.12432952970266342","0.12432952970266342"
"100","0.1040959283709526","0.1040959283709526","0.1040959283709526"
"101","0.09711966663599014","0.09711966663599014","0.09711966663599014"
"102","0.10833856463432312","0.10833856463432312","0.10833856463432312"
"103","0.1014065369963646","0.1014065369963646","0.1014065369963646"
"104","0.11091511696577072","0.11091511696577072","0.11091511696577072"
"105","0.1052546501159668","0.1052546501159668","0.1052546501159668"
"106","0.11236343532800674","0.11236343532800674","0.11236343532800674"
"107","0.10263083130121231","0.10263083130121231","0.10263083130121231"
"108","0.10542633384466171","0.10542633384466171","0.10542633384466171"
"109","0.09878731518983841","0.09878731518983841","0.09878731518983841"
"110","0.09868288040161133","0.09868288040161133","0.09868288040161133"
"111","0.10087226331233978","0.10087226331233978","0.10087226331233978"
"112","0.09816324710845947","0.09816324710845947","0.09816324710845947"
"113","0.1114354282617569","0.1114354282617569","0.1114354282617569"
"114","0.10025584697723389","0.10025584697723389","0.10025584697723389"
"115","0.10522834956645966","0.10522834956645966","0.10522834956645966"
"116","0.11137808114290237","0.11137808114290237","0.11137808114290237"
"117","0.10707585513591766","0.10707585513591766","0.10707585513591766"
"118","0.11705175787210464","0.11705175787210464","0.11705175787210464"
"119","0.11397719383239746","0.11397719383239746","0.11397719383239746"
"120","0.1012306958436966","0.1012306958436966","0.1012306958436966"
"121","0.12242288142442703","0.12242288142442703","0.12242288142442703"
"122","0.10696480423212051","0.10696480423212051","0.10696480423212051"
"123","0.09820556640625","0.09820556640625","0.09820556640625"
"124","0.10648557543754578","0.10648557543754578","0.10648557543754578"
"125","0.10166775435209274","0.10166775435209274","0.10166775435209274"
"126","0.1017070785164833","0.1017070785164833","0.1017070785164833"
"127","0.1372811198234558","0.1372811198234558","0.1372811198234558"
"128","0.10808410495519638","0.10808410495519638","0.10808410495519638"
"129","0.11594738811254501","0.11594738811254501","0.11594738811254501"
"130","0.12573792040348053","0.12573792040348053","0.12573792040348053"
"131","0.11678653955459595","0.11678653955459595","0.11678653955459595"
"132","0.13211016356945038","0.13211016356945038","0.13211016356945038"
"133","0.11703876405954361","0.11703876405954361","0.11703876405954361"
"134","0.10848484188318253","0.10848484188318253","0.10848484188318253"
"135","0.10378684848546982","0.10378684848546982","0.10378684848546982"
"136","0.10544123500585556","0.10544123500585556","0.10544123500585556"
"137","0.09673688560724258","0.09673688560724258","0.09673688560724258"
"138","0.1036904826760292","0.1036904826760292","0.1036904826760292"
"139","0.09997767955064774","0.09997767955064774","0.09997767955064774"
"140","0.09608449041843414","0.09608449041843414","0.09608449041843414"
"141","0.09876126796007156","0.09876126796007156","0.09876126796007156"
"142","0.12437886744737625","0.12437886744737625","0.12437886744737625"
"143","0.09756023436784744","0.09756023436784744","0.09756023436784744"
"144","0.11296319216489792","0.11296319216489792","0.11296319216489792"
"145","0.0956670343875885","0.0956670343875885","0.0956670343875885"
"146","0.09814497083425522","0.09814497083425522","0.09814497083425522"
"147","0.10858743637800217","0.10858743637800217","0.10858743637800217"
"148","0.12186573445796967","0.12186573445796967","0.12186573445796967"
"149","0.11873980611562729","0.11873980611562729","0.11873980611562729"
"150","0.09955237060785294","0.09955237060785294","0.09955237060785294"
"151","0.111980140209198","0.111980140209198","0.111980140209198"
"152","0.09894086420536041","0.09894086420536041","0.09894086420536041"
"153","0.10141138732433319","0.10141138732433319","0.10141138732433319"
"154","0.09772364050149918","0.09772364050149918","0.09772364050149918"
"155","0.10029647499322891","0.10029647499322891","0.10029647499322891"
"156","0.09836957603693008","0.09836957603693008","0.09836957603693008"
"157","0.10173998028039932","0.10173998028039932","0.10173998028039932"
"158","0.09902229905128479","0.09902229905128479","0.09902229905128479"
"159","0.11000549048185349","0.11000549048185349","0.11000549048185349"
"160","0.10304596275091171","0.10304596275091171","0.10304596275091171"
"161","0.10373781621456146","0.10373781621456146","0.10373781621456146"
"162","0.10104398429393768","0.10104398429393768","0.10104398429393768"
"163","0.10916925966739655","0.10916925966739655","0.10916925966739655"
"164","0.09669644385576248","0.09669644385576248","0.09669644385576248"
"165","0.11745179444551468","0.11745179444551468","0.11745179444551468"
"166","0.12081341445446014","0.12081341445446014","0.12081341445446014"
"167","0.10545068234205246","0.10545068234205246","0.10545068234205246"
"168","0.10147954523563385","0.10147954523563385","0.10147954523563385"
"169","0.09555637836456299","0.09555637836456299","0.09555637836456299"
"170","0.123764768242836","0.123764768242836","0.123764768242836"
"171","0.09691718220710754","0.09691718220710754","0.09691718220710754"
"172","0.09955357015132904","0.09955357015132904","0.09955357015132904"
"173","0.09836879372596741","0.09836879372596741","0.09836879372596741"
"174","0.09801162779331207","0.09801162779331207","0.09801162779331207"
"175","0.10007729381322861","0.10007729381322861","0.10007729381322861"
"176","0.11849775910377502","0.11849775910377502","0.11849775910377502"
"177","0.09734687954187393","0.09734687954187393","0.09734687954187393"
"178","0.15378965437412262","0.15378965437412262","0.15378965437412262"
"179","0.1030210331082344","0.1030210331082344","0.1030210331082344"
"180","0.097954161465168","0.097954161465168","0.097954161465168"
"181","0.09699942171573639","0.09699942171573639","0.09699942171573639"
"182","0.10121297091245651","0.10121297091245651","0.10121297091245651"
"183","0.13322074711322784","0.13322074711322784","0.13322074711322784"
"184","0.12667369842529297","0.12667369842529297","0.12667369842529297"
"185","0.11114774644374847","0.11114774644374847","0.11114774644374847"
"186","0.10107561200857162","0.10107561200857162","0.10107561200857162"
"187","0.09848016500473022","0.09848016500473022","0.09848016500473022"
"188","0.1177859976887703","0.1177859976887703","0.1177859976887703"
"189","0.09519629925489426","0.09519629925489426","0.09519629925489426"
"190","0.10952506214380264","0.10952506214380264","0.10952506214380264"
"191","0.10704777389764786","0.10704777389764786","0.10704777389764786"
"192","0.09711670875549316","0.09711670875549316","0.09711670875549316"
"193","0.11486785858869553","0.11486785858869553","0.11486785858869553"
"194","0.11751635372638702","0.11751635372638702","0.11751635372638702"
"195","0.103609599173069","0.103609599173069","0.103609599173069"
"196","0.12132468819618225","0.12132468819618225","0.12132468819618225"
"197","0.12158992141485214","0.12158992141485214","0.12158992141485214"
"198","0.0955561101436615","0.0955561101436615","0.0955561101436615"
"199","0.10698333382606506","0.10698333382606506","0.10698333382606506"
"200","0.09899715334177017","0.09899715334177017","0.09899715334177017"
"201","0.13445472717285156","0.13445472717285156","0.13445472717285156"
"202","0.10409952700138092","0.10409952700138092","0.10409952700138092"
"203","0.09691809862852097","0.09691809862852097","0.09691809862852097"
"204","0.1000010147690773","0.1000010147690773","0.1000010147690773"
"205","0.12368009239435196","0.12368009239435196","0.12368009239435196"
"206","0.1109289824962616","0.1109289824962616","0.1109289824962616"
"207","0.0956098660826683","0.0956098660826683","0.0956098660826683"
"208","0.10883334279060364","0.10883334279060364","0.10883334279060364"
"209","0.09914406388998032","0.09914406388998032","0.09914406388998032"
"210","0.10203368216753006","0.10203368216753006","0.10203368216753006"
"211","0.09491816908121109","0.09491816908121109","0.09491816908121109"
"212","0.10368265956640244","0.10368265956640244","0.10368265956640244"
"213","0.09923728555440903","0.09923728555440903","0.09923728555440903"
"214","0.09516200423240662","0.09516200423240662","0.09516200423240662"
"215","0.1009683758020401","0.1009683758020401","0.1009683758020401"
"216","0.09677614271640778","0.09677614271640778","0.09677614271640778"
"217","0.10206902772188187","0.10206902772188187","0.10206902772188187"
"218","0.10636618733406067","0.10636618733406067","0.10636618733406067"
"219","0.10090085119009018","0.10090085119009018","0.10090085119009018"
"220","0.12004468590021133","0.12004468590021133","0.12004468590021133"
"221","0.09446646273136139","0.09446646273136139","0.09446646273136139"
"222","0.10103800147771835","0.10103800147771835","0.10103800147771835"
"223","0.0982755497097969","0.0982755497097969","0.0982755497097969"
"224","0.11499326676130295","0.11499326676130295","0.11499326676130295"
"225","0.13520140945911407","0.13520140945911407","0.13520140945911407"
"226","0.1639171540737152","0.1639171540737152","0.1639171540737152"
"227","0.10126031190156937","0.10126031190156937","0.10126031190156937"
"228","0.10613743960857391","0.10613743960857391","0.10613743960857391"
"229","0.10792196542024612","0.10792196542024612","0.10792196542024612"
"230","0.11826907098293304","0.11826907098293304","0.11826907098293304"
"231","0.12705008685588837","0.12705008685588837","0.12705008685588837"
"232","0.10442908853292465","0.10442908853292465","0.10442908853292465"
"233","0.1097726821899414","0.1097726821899414","0.1097726821899414"
"234","0.11667833477258682","0.11667833477258682","0.11667833477258682"
"235","0.09408934414386749","0.09408934414386749","0.09408934414386749"
"236","0.09858113527297974","0.09858113527297974","0.09858113527297974"
"237","0.10001908242702484","0.10001908242702484","0.10001908242702484"
"238","0.09588806331157684","0.09588806331157684","0.09588806331157684"
"239","0.10334009677171707","0.10334009677171707","0.10334009677171707"
"240","0.1064540296792984","0.1064540296792984","0.1064540296792984"
"241","0.09970863908529282","0.09970863908529282","0.09970863908529282"
"242","0.1038687527179718","0.1038687527179718","0.1038687527179718"
"243","0.10283032059669495","0.10283032059669495","0.10283032059669495"
"244","0.10303539037704468","0.10303539037704468","0.10303539037704468"
"245","0.1306094080209732","0.1306094080209732","0.1306094080209732"
"246","0.10146138817071915","0.10146138817071915","0.10146138817071915"
"247","0.09734945744276047","0.09734945744276047","0.09734945744276047"
"248","0.109708771109581","0.109708771109581","0.109708771109581"
"249","0.13354083895683289","0.13354083895683289","0.13354083895683289"
"250","0.09628749638795853","0.09628749638795853","0.09628749638795853"
"251","0.10769658535718918","0.10769658535718918","0.10769658535718918"
"252","0.09763375669717789","0.09763375669717789","0.09763375669717789"
"253","0.10300002992153168","0.10300002992153168","0.10300002992153168"
"254","0.11667466163635254","0.11667466163635254","0.11667466163635254"
"255","0.1453225165605545","0.1453225165605545","0.1453225165605545"
"256","0.0953933447599411","0.0953933447599411","0.0953933447599411"
"257","0.10641881078481674","0.10641881078481674","0.10641881078481674"
"258","0.09407041221857071","0.09407041221857071","0.09407041221857071"
"259","0.0995904877781868","0.0995904877781868","0.0995904877781868"
"260","0.11642845720052719","0.11642845720052719","0.11642845720052719"
"261","0.11888350546360016","0.11888350546360016","0.11888350546360016"
"262","0.09859060496091843","0.09859060496091843","0.09859060496091843"
"263","0.10842538625001907","0.10842538625001907","0.10842538625001907"
"264","0.10993734002113342","0.10993734002113342","0.10993734002113342"
"265","0.10490968823432922","0.10490968823432922","0.10490968823432922"
"266","0.10534604638814926","0.10534604638814926","0.10534604638814926"
"267","0.1000424399971962","0.1000424399971962","0.1000424399971962"
"268","0.10463553667068481","0.10463553667068481","0.10463553667068481"
"269","0.10826639831066132","0.10826639831066132","0.10826639831066132"
"270","0.1067376509308815","0.1067376509308815","0.1067376509308815"
"271","0.09554978460073471","0.09554978460073471","0.09554978460073471"
"272","0.1059892401099205","0.1059892401099205","0.1059892401099205"
"273","0.10485480725765228","0.10485480725765228","0.10485480725765228"
"274","0.10762087255716324","0.10762087255716324","0.10762087255716324"
"275","0.11575598269701004","0.11575598269701004","0.11575598269701004"
"276","0.10037419945001602","0.10037419945001602","0.10037419945001602"
"277","0.09885181486606598","0.09885181486606598","0.09885181486606598"
"278","0.09641465544700623","0.09641465544700623","0.09641465544700623"
"279","0.09775529056787491","0.09775529056787491","0.09775529056787491"
"280","0.09923586249351501","0.09923586249351501","0.09923586249351501"
"281","0.11530446261167526","0.11530446261167526","0.11530446261167526"
"282","0.09565629810094833","0.09565629810094833","0.09565629810094833"
"283","0.10317154973745346","0.10317154973745346","0.10317154973745346"
"284","0.11494094133377075","0.11494094133377075","0.11494094133377075"
"285","0.11976753920316696","0.11976753920316696","0.11976753920316696"
"286","0.09769820421934128","0.09769820421934128","0.09769820421934128"
"287","0.09950590133666992","0.09950590133666992","0.09950590133666992"
"288","0.10277365893125534","0.10277365893125534","0.10277365893125534"
"289","0.10006867349147797","0.10006867349147797","0.10006867349147797"
"290","0.09766250848770142","0.09766250848770142","0.09766250848770142"
"291","0.10067436844110489","0.10067436844110489","0.10067436844110489"
"292","0.09793714433908463","0.09793714433908463","0.09793714433908463"
"293","0.12513592839241028","0.12513592839241028","0.12513592839241028"
"294","0.10037482529878616","0.10037482529878616","0.10037482529878616"
"295","0.0992637500166893","0.0992637500166893","0.0992637500166893"
"296","0.1030101329088211","0.1030101329088211","0.1030101329088211"
"297","0.10213670879602432","0.10213670879602432","0.10213670879602432"
"298","0.09832663834095001","0.09832663834095001","0.09832663834095001"
"299","0.13469953835010529","0.13469953835010529","0.13469953835010529"
"300","0.10518772155046463","0.10518772155046463","0.10518772155046463"
"301","0.10201200097799301","0.10201200097799301","0.10201200097799301"
"302","0.10006267577409744","0.10006267577409744","0.10006267577409744"
"303","0.12153539061546326","0.12153539061546326","0.12153539061546326"
"304","0.09801197052001953","0.09801197052001953","0.09801197052001953"
"305","0.11611031740903854","0.11611031740903854","0.11611031740903854"
"306","0.09538938105106354","0.09538938105106354","0.09538938105106354"
"307","0.1007702425122261","0.1007702425122261","0.1007702425122261"
"308","0.10732460767030716","0.10732460767030716","0.10732460767030716"
"309","0.14733260869979858","0.14733260869979858","0.14733260869979858"
"310","0.09722231328487396","0.09722231328487396","0.09722231328487396"
"311","0.12587489187717438","0.12587489187717438","0.12587489187717438"
"312","0.10978276282548904","0.10978276282548904","0.10978276282548904"
"313","0.09899914264678955","0.09899914264678955","0.09899914264678955"
"314","0.10027218610048294","0.10027218610048294","0.10027218610048294"
"315","0.11176884174346924","0.11176884174346924","0.11176884174346924"
"316","0.1043609008193016","0.1043609008193016","0.1043609008193016"
"317","0.09658370167016983","0.09658370167016983","0.09658370167016983"
"318","0.09725966304540634","0.09725966304540634","0.09725966304540634"
"319","0.1002650111913681","0.1002650111913681","0.1002650111913681"
"320","0.09932694584131241","0.09932694584131241","0.09932694584131241"
"321","0.09830876439809799","0.09830876439809799","0.09830876439809799"
"322","0.10662360489368439","0.10662360489368439","0.10662360489368439"
"323","0.1039503812789917","0.1039503812789917","0.1039503812789917"
"324","0.1278620809316635","0.1278620809316635","0.1278620809316635"
"325","0.10189936310052872","0.10189936310052872","0.10189936310052872"
"326","0.1507255584001541","0.1507255584001541","0.1507255584001541"
"327","0.09663418680429459","0.09663418680429459","0.09663418680429459"
"328","0.09556654840707779","0.09556654840707779","0.09556654840707779"
"329","0.096257284283638","0.096257284283638","0.096257284283638"
"330","0.10260263830423355","0.10260263830423355","0.10260263830423355"
"331","0.10019559413194656","0.10019559413194656","0.10019559413194656"
"332","0.10117250680923462","0.10117250680923462","0.10117250680923462"
"333","0.10361558198928833","0.10361558198928833","0.10361558198928833"
"334","0.09881827980279922","0.09881827980279922","0.09881827980279922"
"335","0.10609260946512222","0.10609260946512222","0.10609260946512222"
"336","0.10534968972206116","0.10534968972206116","0.10534968972206116"
"337","0.10555184632539749","0.10555184632539749","0.10555184632539749"
"338","0.09324684739112854","0.09324684739112854","0.09324684739112854"
"339","0.10002642124891281","0.10002642124891281","0.10002642124891281"
"340","0.09722136706113815","0.09722136706113815","0.09722136706113815"
"341","0.12025651335716248","0.12025651335716248","0.12025651335716248"
"342","0.11913542449474335","0.11913542449474335","0.11913542449474335"
"343","0.09758725017309189","0.09758725017309189","0.09758725017309189"
"344","0.1322842538356781","0.1322842538356781","0.1322842538356781"
"345","0.10384251922369003","0.10384251922369003","0.10384251922369003"
"346","0.10235695540904999","0.10235695540904999","0.10235695540904999"
"347","0.12175633758306503","0.12175633758306503","0.12175633758306503"
"348","0.10096064954996109","0.10096064954996109","0.10096064954996109"
"349","0.12866055965423584","0.12866055965423584","0.12866055965423584"
"350","0.1024271547794342","0.1024271547794342","0.1024271547794342"
"351","0.09688947349786758","0.09688947349786758","0.09688947349786758"
"352","0.09702359139919281","0.09702359139919281","0.09702359139919281"
"353","0.097394198179245","0.097394198179245","0.097394198179245"
"354","0.10924074053764343","0.10924074053764343","0.10924074053764343"
"355","0.11436490714550018","0.11436490714550018","0.11436490714550018"
"356","0.09897143393754959","0.09897143393754959","0.09897143393754959"
"357","0.0951823815703392","0.0951823815703392","0.0951823815703392"
"358","0.09617142379283905","0.09617142379283905","0.09617142379283905"
"359","0.10176266729831696","0.10176266729831696","0.10176266729831696"
"360","0.11858432739973068","0.11858432739973068","0.11858432739973068"
"361","0.11846087872982025","0.11846087872982025","0.11846087872982025"
"362","0.10559768974781036","0.10559768974781036","0.10559768974781036"
"363","0.09639766067266464","0.09639766067266464","0.09639766067266464"
"364","0.11269543319940567","0.11269543319940567","0.11269543319940567"
"365","0.10330698639154434","0.10330698639154434","0.10330698639154434"
"366","0.13476257026195526","0.13476257026195526","0.13476257026195526"
"367","0.1078014150261879","0.1078014150261879","0.1078014150261879"
"368","0.10198445618152618","0.10198445618152618","0.10198445618152618"
"369","0.11372703313827515","0.11372703313827515","0.11372703313827515"
"370","0.12347119301557541","0.12347119301557541","0.12347119301557541"
"371","0.10414610058069229","0.10414610058069229","0.10414610058069229"
"372","0.11747541278600693","0.11747541278600693","0.11747541278600693"
"373","0.09869535267353058","0.09869535267353058","0.09869535267353058"
"374","0.09647903591394424","0.09647903591394424","0.09647903591394424"
"375","0.0933181568980217","0.0933181568980217","0.0933181568980217"
"376","0.09528713673353195","0.09528713673353195","0.09528713673353195"
"377","0.13239525258541107","0.13239525258541107","0.13239525258541107"
"378","0.10172881931066513","0.10172881931066513","0.10172881931066513"
"379","0.10233282297849655","0.10233282297849655","0.10233282297849655"
"380","0.09949605166912079","0.09949605166912079","0.09949605166912079"
"381","0.09986753016710281","0.09986753016710281","0.09986753016710281"
"382","0.12061404436826706","0.12061404436826706","0.12061404436826706"
"383","0.10461718589067459","0.10461718589067459","0.10461718589067459"
"384","0.10296297073364258","0.10296297073364258","0.10296297073364258"
"385","0.111490398645401","0.111490398645401","0.111490398645401"
"386","0.09968357533216476","0.09968357533216476","0.09968357533216476"
"387","0.09897173196077347","0.09897173196077347","0.09897173196077347"
"388","0.10541409254074097","0.10541409254074097","0.10541409254074097"
"389","0.11084278672933578","0.11084278672933578","0.11084278672933578"
"390","0.09447403252124786","0.09447403252124786","0.09447403252124786"
"391","0.11381231993436813","0.11381231993436813","0.11381231993436813"
"392","0.10628034174442291","0.10628034174442291","0.10628034174442291"
"393","0.09406226873397827","0.09406226873397827","0.09406226873397827"
"394","0.10267297178506851","0.10267297178506851","0.10267297178506851"
"395","0.10069840401411057","0.10069840401411057","0.10069840401411057"
"396","0.14495190978050232","0.14495190978050232","0.14495190978050232"
"397","0.0946163609623909","0.0946163609623909","0.0946163609623909"
"398","0.09908726066350937","0.09908726066350937","0.09908726066350937"
"399","0.10157311707735062","0.10157311707735062","0.10157311707735062"
"400","0.09375549107789993","0.09375549107789993","0.09375549107789993"
"401","0.10670006275177002","0.10670006275177002","0.10670006275177002"
"402","0.09966527670621872","0.09966527670621872","0.09966527670621872"
"403","0.09663508832454681","0.09663508832454681","0.09663508832454681"
"404","0.09804872423410416","0.09804872423410416","0.09804872423410416"
"405","0.13857313990592957","0.13857313990592957","0.13857313990592957"
"406","0.10197093337774277","0.10197093337774277","0.10197093337774277"
"407","0.11639826744794846","0.11639826744794846","0.11639826744794846"
"408","0.11148007959127426","0.11148007959127426","0.11148007959127426"
"409","0.10665004700422287","0.10665004700422287","0.10665004700422287"
"410","0.10626672208309174","0.10626672208309174","0.10626672208309174"
"411","0.11701783537864685","0.11701783537864685","0.11701783537864685"
"412","0.09736151248216629","0.09736151248216629","0.09736151248216629"
"413","0.1009637638926506","0.1009637638926506","0.1009637638926506"
"414","0.09987777471542358","0.09987777471542358","0.09987777471542358"
"415","0.09289436042308807","0.09289436042308807","0.09289436042308807"
"416","0.10839182883501053","0.10839182883501053","0.10839182883501053"
"417","0.11014203727245331","0.11014203727245331","0.11014203727245331"
"418","0.10588332265615463","0.10588332265615463","0.10588332265615463"
"419","0.10867264866828918","0.10867264866828918","0.10867264866828918"
"420","0.09658144414424896","0.09658144414424896","0.09658144414424896"
"421","0.09494364261627197","0.09494364261627197","0.09494364261627197"
"422","0.11496308445930481","0.11496308445930481","0.11496308445930481"
"423","0.09578368812799454","0.09578368812799454","0.09578368812799454"
"424","0.10257749259471893","0.10257749259471893","0.10257749259471893"
"425","0.09507185220718384","0.09507185220718384","0.09507185220718384"
"426","0.1048053503036499","0.1048053503036499","0.1048053503036499"
"427","0.09828637540340424","0.09828637540340424","0.09828637540340424"
"428","0.09552201628684998","0.09552201628684998","0.09552201628684998"
"429","0.10368078947067261","0.10368078947067261","0.10368078947067261"
"430","0.09949985891580582","0.09949985891580582","0.09949985891580582"
"431","0.1212717592716217","0.1212717592716217","0.1212717592716217"
"432","0.10906792432069778","0.10906792432069778","0.10906792432069778"
"433","0.10514412075281143","0.10514412075281143","0.10514412075281143"
"434","0.09813394397497177","0.09813394397497177","0.09813394397497177"
"435","0.10038721561431885","0.10038721561431885","0.10038721561431885"
"436","0.1004515066742897","0.1004515066742897","0.1004515066742897"
"437","0.10026456415653229","0.10026456415653229","0.10026456415653229"
"438","0.10886238515377045","0.10886238515377045","0.10886238515377045"
"439","0.09989461302757263","0.09989461302757263","0.09989461302757263"
"440","0.10899800807237625","0.10899800807237625","0.10899800807237625"
"441","0.10334855318069458","0.10334855318069458","0.10334855318069458"
"442","0.10461921244859695","0.10461921244859695","0.10461921244859695"
"443","0.10439708083868027","0.10439708083868027","0.10439708083868027"
"444","0.09536295384168625","0.09536295384168625","0.09536295384168625"
"445","0.12003613263368607","0.12003613263368607","0.12003613263368607"
"446","0.10927077382802963","0.10927077382802963","0.10927077382802963"
"447","0.09418802708387375","0.09418802708387375","0.09418802708387375"
"448","0.10972729325294495","0.10972729325294495","0.10972729325294495"
"449","0.09981094300746918","0.09981094300746918","0.09981094300746918"
"450","0.09337706863880157","0.09337706863880157","0.09337706863880157"
"451","0.10561192035675049","0.10561192035675049","0.10561192035675049"
"452","0.09553521871566772","0.09553521871566772","0.09553521871566772"
"453","0.09780678153038025","0.09780678153038025","0.09780678153038025"
"454","0.09939678013324738","0.09939678013324738","0.09939678013324738"
"455","0.11323466897010803","0.11323466897010803","0.11323466897010803"
"456","0.12050066143274307","0.12050066143274307","0.12050066143274307"
"457","0.09973659366369247","0.09973659366369247","0.09973659366369247"
"458","0.1027061939239502","0.1027061939239502","0.1027061939239502"
"459","0.10474792122840881","0.10474792122840881","0.10474792122840881"
"460","0.09530087560415268","0.09530087560415268","0.09530087560415268"
"461","0.18989111483097076","0.18989111483097076","0.18989111483097076"
"462","0.10291103273630142","0.10291103273630142","0.10291103273630142"
"463","0.10041190683841705","0.10041190683841705","0.10041190683841705"
"464","0.09608782827854156","0.09608782827854156","0.09608782827854156"
"465","0.09286072105169296","0.09286072105169296","0.09286072105169296"
"466","0.1060311496257782","0.1060311496257782","0.1060311496257782"
"467","0.10794290155172348","0.10794290155172348","0.10794290155172348"
"468","0.10426656901836395","0.10426656901836395","0.10426656901836395"
"469","0.158683180809021","0.158683180809021","0.158683180809021"
"470","0.11573251336812973","0.11573251336812973","0.11573251336812973"
"471","0.10430850088596344","0.10430850088596344","0.10430850088596344"
"472","0.09260813146829605","0.09260813146829605","0.09260813146829605"
"473","0.10277491062879562","0.10277491062879562","0.10277491062879562"
"474","0.12671393156051636","0.12671393156051636","0.12671393156051636"
"475","0.09359559416770935","0.09359559416770935","0.09359559416770935"
"476","0.10162796825170517","0.10162796825170517","0.10162796825170517"
"477","0.10753392428159714","0.10753392428159714","0.10753392428159714"
"478","0.09321800619363785","0.09321800619363785","0.09321800619363785"
"479","0.11678627878427505","0.11678627878427505","0.11678627878427505"
"480","0.09885464608669281","0.09885464608669281","0.09885464608669281"
"481","0.10528185963630676","0.10528185963630676","0.10528185963630676"
"482","0.09665292501449585","0.09665292501449585","0.09665292501449585"
"483","0.09646210819482803","0.09646210819482803","0.09646210819482803"
"484","0.09681924432516098","0.09681924432516098","0.09681924432516098"
"485","0.12023142725229263","0.12023142725229263","0.12023142725229263"
"486","0.09331453591585159","0.09331453591585159","0.09331453591585159"
"487","0.10028833150863647","0.10028833150863647","0.10028833150863647"
"488","0.11338674277067184","0.11338674277067184","0.11338674277067184"
"489","0.10429109632968903","0.10429109632968903","0.10429109632968903"
"490","0.10879085212945938","0.10879085212945938","0.10879085212945938"
"491","0.0948195680975914","0.0948195680975914","0.0948195680975914"
"492","0.10486115515232086","0.10486115515232086","0.10486115515232086"
"493","0.09800741821527481","0.09800741821527481","0.09800741821527481"
"494","0.09743405878543854","0.09743405878543854","0.09743405878543854"
"495","0.09809268265962601","0.09809268265962601","0.09809268265962601"
"496","0.10129563510417938","0.10129563510417938","0.10129563510417938"
"497","0.10293550789356232","0.10293550789356232","0.10293550789356232"
"498","0.11086520552635193","0.11086520552635193","0.11086520552635193"
"499","0.11238908767700195","0.11238908767700195","0.11238908767700195"
"500","0.1493987888097763","0.1493987888097763","0.1493987888097763"
"501","0.0957140177488327","0.0957140177488327","0.0957140177488327"
"502","0.10579679161310196","0.10579679161310196","0.10579679161310196"
"503","0.14038300514221191","0.14038300514221191","0.14038300514221191"
"504","0.1012575551867485","0.1012575551867485","0.1012575551867485"
"505","0.1006813794374466","0.1006813794374466","0.1006813794374466"
"506","0.10259268432855606","0.10259268432855606","0.10259268432855606"
"507","0.09634629637002945","0.09634629637002945","0.09634629637002945"
"508","0.12447021156549454","0.12447021156549454","0.12447021156549454"
"509","0.09478946030139923","0.09478946030139923","0.09478946030139923"
"510","0.11274343729019165","0.11274343729019165","0.11274343729019165"
"511","0.10440751165151596","0.10440751165151596","0.10440751165151596"
"512","0.10944607853889465","0.10944607853889465","0.10944607853889465"
"513","0.10435126721858978","0.10435126721858978","0.10435126721858978"
"514","0.09530752897262573","0.09530752897262573","0.09530752897262573"
"515","0.09615533798933029","0.09615533798933029","0.09615533798933029"
"516","0.1005374938249588","0.1005374938249588","0.1005374938249588"
"517","0.1102731004357338","0.1102731004357338","0.1102731004357338"
"518","0.11033814400434494","0.11033814400434494","0.11033814400434494"
"519","0.09636197984218597","0.09636197984218597","0.09636197984218597"
"520","0.10077185183763504","0.10077185183763504","0.10077185183763504"
"521","0.09473817050457001","0.09473817050457001","0.09473817050457001"
"522","0.09947875887155533","0.09947875887155533","0.09947875887155533"
"523","0.10368981957435608","0.10368981957435608","0.10368981957435608"
"524","0.12074140459299088","0.12074140459299088","0.12074140459299088"
"525","0.09340177476406097","0.09340177476406097","0.09340177476406097"
"526","0.09467128664255142","0.09467128664255142","0.09467128664255142"
"527","0.107741579413414","0.107741579413414","0.107741579413414"
"528","0.10509786009788513","0.10509786009788513","0.10509786009788513"
"529","0.11067147552967072","0.11067147552967072","0.11067147552967072"
"530","0.1132565513253212","0.1132565513253212","0.1132565513253212"
"531","0.10805444419384003","0.10805444419384003","0.10805444419384003"
"532","0.13735102117061615","0.13735102117061615","0.13735102117061615"
"533","0.09994188696146011","0.09994188696146011","0.09994188696146011"
"534","0.09800194203853607","0.09800194203853607","0.09800194203853607"
"535","0.09580829739570618","0.09580829739570618","0.09580829739570618"
"536","0.10349715501070023","0.10349715501070023","0.10349715501070023"
"537","0.09993910044431686","0.09993910044431686","0.09993910044431686"
"538","0.09892382472753525","0.09892382472753525","0.09892382472753525"
"539","0.10211697220802307","0.10211697220802307","0.10211697220802307"
"540","0.10578639805316925","0.10578639805316925","0.10578639805316925"
"541","0.0993504449725151","0.0993504449725151","0.0993504449725151"
"542","0.1426723748445511","0.1426723748445511","0.1426723748445511"
"543","0.1300620138645172","0.1300620138645172","0.1300620138645172"
"544","0.0953378975391388","0.0953378975391388","0.0953378975391388"
"545","0.10323724150657654","0.10323724150657654","0.10323724150657654"
"546","0.10277165472507477","0.10277165472507477","0.10277165472507477"
"547","0.10455215722322464","0.10455215722322464","0.10455215722322464"
"548","0.10210276395082474","0.10210276395082474","0.10210276395082474"
"549","0.10237884521484375","0.10237884521484375","0.10237884521484375"
"550","0.10279036313295364","0.10279036313295364","0.10279036313295364"
"551","0.10303163528442383","0.10303163528442383","0.10303163528442383"
"552","0.09931664168834686","0.09931664168834686","0.09931664168834686"
"553","0.10716620832681656","0.10716620832681656","0.10716620832681656"
"554","0.10096514970064163","0.10096514970064163","0.10096514970064163"
"555","0.1413959264755249","0.1413959264755249","0.1413959264755249"
"556","0.10207559913396835","0.10207559913396835","0.10207559913396835"
"557","0.10187958925962448","0.10187958925962448","0.10187958925962448"
"558","0.10049202293157578","0.10049202293157578","0.10049202293157578"
"559","0.11484546959400177","0.11484546959400177","0.11484546959400177"
"560","0.11580820381641388","0.11580820381641388","0.11580820381641388"
"561","0.09610860049724579","0.09610860049724579","0.09610860049724579"
"562","0.10575518012046814","0.10575518012046814","0.10575518012046814"
"563","0.10389461368322372","0.10389461368322372","0.10389461368322372"
"564","0.10004150122404099","0.10004150122404099","0.10004150122404099"
"565","0.09811749309301376","0.09811749309301376","0.09811749309301376"
"566","0.10830509662628174","0.10830509662628174","0.10830509662628174"
"567","0.1289459615945816","0.1289459615945816","0.1289459615945816"
"568","0.1394893378019333","0.1394893378019333","0.1394893378019333"
"569","0.10328473150730133","0.10328473150730133","0.10328473150730133"
"570","0.09422193467617035","0.09422193467617035","0.09422193467617035"
"571","0.10457632690668106","0.10457632690668106","0.10457632690668106"
"572","0.09923887252807617","0.09923887252807617","0.09923887252807617"
"573","0.10949356853961945","0.10949356853961945","0.10949356853961945"
"574","0.09474216401576996","0.09474216401576996","0.09474216401576996"
"575","0.0944923684000969","0.0944923684000969","0.0944923684000969"
"576","0.11210452020168304","0.11210452020168304","0.11210452020168304"
"577","0.10310937464237213","0.10310937464237213","0.10310937464237213"
"578","0.0988626629114151","0.0988626629114151","0.0988626629114151"
"579","0.11143142729997635","0.11143142729997635","0.11143142729997635"
"580","0.1212339997291565","0.1212339997291565","0.1212339997291565"
"581","0.10563860833644867","0.10563860833644867","0.10563860833644867"
"582","0.09438004344701767","0.09438004344701767","0.09438004344701767"
"583","0.10635416954755783","0.10635416954755783","0.10635416954755783"
"584","0.10224677622318268","0.10224677622318268","0.10224677622318268"
"585","0.11001330614089966","0.11001330614089966","0.11001330614089966"
"586","0.11987943202257156","0.11987943202257156","0.11987943202257156"
"587","0.09666445106267929","0.09666445106267929","0.09666445106267929"
"588","0.11014994978904724","0.11014994978904724","0.11014994978904724"
"589","0.09950930625200272","0.09950930625200272","0.09950930625200272"
"590","0.12641802430152893","0.12641802430152893","0.12641802430152893"
"591","0.10385458171367645","0.10385458171367645","0.10385458171367645"
"592","0.09265948832035065","0.09265948832035065","0.09265948832035065"
"593","0.12188013643026352","0.12188013643026352","0.12188013643026352"
"594","0.10673270374536514","0.10673270374536514","0.10673270374536514"
"595","0.11636176705360413","0.11636176705360413","0.11636176705360413"
"596","0.10825148224830627","0.10825148224830627","0.10825148224830627"
"597","0.09637177735567093","0.09637177735567093","0.09637177735567093"
"598","0.1166495531797409","0.1166495531797409","0.1166495531797409"
"599","0.09466733038425446","0.09466733038425446","0.09466733038425446"
"600","0.09424859285354614","0.09424859285354614","0.09424859285354614"
"601","0.1164528876543045","0.1164528876543045","0.1164528876543045"
"602","0.09591569006443024","0.09591569006443024","0.09591569006443024"
"603","0.09518961608409882","0.09518961608409882","0.09518961608409882"
"604","0.14113570749759674","0.14113570749759674","0.14113570749759674"
"605","0.12650619447231293","0.12650619447231293","0.12650619447231293"
"606","0.09723200649023056","0.09723200649023056","0.09723200649023056"
"607","0.13270489871501923","0.13270489871501923","0.13270489871501923"
"608","0.09331086277961731","0.09331086277961731","0.09331086277961731"
"609","0.10775622725486755","0.10775622725486755","0.10775622725486755"
"610","0.10414121299982071","0.10414121299982071","0.10414121299982071"
"611","0.09708105772733688","0.09708105772733688","0.09708105772733688"
"612","0.09888775646686554","0.09888775646686554","0.09888775646686554"
"613","0.14283132553100586","0.14283132553100586","0.14283132553100586"
"614","0.10362176597118378","0.10362176597118378","0.10362176597118378"
"615","0.12295743823051453","0.12295743823051453","0.12295743823051453"
"616","0.11621436476707458","0.11621436476707458","0.11621436476707458"
"617","0.09985288232564926","0.09985288232564926","0.09985288232564926"
"618","0.09353755414485931","0.09353755414485931","0.09353755414485931"
"619","0.11214794218540192","0.11214794218540192","0.11214794218540192"
"620","0.10243527591228485","0.10243527591228485","0.10243527591228485"
"621","0.1283199042081833","0.1283199042081833","0.1283199042081833"
"622","0.09405487030744553","0.09405487030744553","0.09405487030744553"
"623","0.0984555184841156","0.0984555184841156","0.0984555184841156"
"624","0.10162759572267532","0.10162759572267532","0.10162759572267532"
"625","0.10018961876630783","0.10018961876630783","0.10018961876630783"
"626","0.10241524130105972","0.10241524130105972","0.10241524130105972"
"627","0.0971977561712265","0.0971977561712265","0.0971977561712265"
"628","0.12204992771148682","0.12204992771148682","0.12204992771148682"
"629","0.14569756388664246","0.14569756388664246","0.14569756388664246"
"630","0.0918639749288559","0.0918639749288559","0.0918639749288559"
"631","0.10558748245239258","0.10558748245239258","0.10558748245239258"
"632","0.1099877655506134","0.1099877655506134","0.1099877655506134"
"633","0.13407300412654877","0.13407300412654877","0.13407300412654877"
"634","0.09649360924959183","0.09649360924959183","0.09649360924959183"
"635","0.10865236073732376","0.10865236073732376","0.10865236073732376"
"636","0.11321781575679779","0.11321781575679779","0.11321781575679779"
"637","0.09626957029104233","0.09626957029104233","0.09626957029104233"
"638","0.09876569360494614","0.09876569360494614","0.09876569360494614"
"639","0.09606482088565826","0.09606482088565826","0.09606482088565826"
"640","0.09582120925188065","0.09582120925188065","0.09582120925188065"
"641","0.10311894863843918","0.10311894863843918","0.10311894863843918"
"642","0.10271129012107849","0.10271129012107849","0.10271129012107849"
"643","0.10060300678014755","0.10060300678014755","0.10060300678014755"
"644","0.12490764260292053","0.12490764260292053","0.12490764260292053"
"645","0.09469124674797058","0.09469124674797058","0.09469124674797058"
"646","0.09671388566493988","0.09671388566493988","0.09671388566493988"
"647","0.10870038717985153","0.10870038717985153","0.10870038717985153"
"648","0.09615830332040787","0.09615830332040787","0.09615830332040787"
"649","0.10062114149332047","0.10062114149332047","0.10062114149332047"
"650","0.12098796665668488","0.12098796665668488","0.12098796665668488"
"651","0.09235477447509766","0.09235477447509766","0.09235477447509766"
"652","0.10145282745361328","0.10145282745361328","0.10145282745361328"
"653","0.09717076271772385","0.09717076271772385","0.09717076271772385"
"654","0.10655155777931213","0.10655155777931213","0.10655155777931213"
"655","0.12082413583993912","0.12082413583993912","0.12082413583993912"
"656","0.10882176458835602","0.10882176458835602","0.10882176458835602"
"657","0.13239404559135437","0.13239404559135437","0.13239404559135437"
"658","0.11204396933317184","0.11204396933317184","0.11204396933317184"
"659","0.09626217931509018","0.09626217931509018","0.09626217931509018"
"660","0.10662977397441864","0.10662977397441864","0.10662977397441864"
"661","0.11641817539930344","0.11641817539930344","0.11641817539930344"
"662","0.10753261297941208","0.10753261297941208","0.10753261297941208"
"663","0.10622146725654602","0.10622146725654602","0.10622146725654602"
"664","0.10887207835912704","0.10887207835912704","0.10887207835912704"
"665","0.09769632667303085","0.09769632667303085","0.09769632667303085"
"666","0.11681248992681503","0.11681248992681503","0.11681248992681503"
"667","0.0980563536286354","0.0980563536286354","0.0980563536286354"
"668","0.09738137573003769","0.09738137573003769","0.09738137573003769"
"669","0.11742392182350159","0.11742392182350159","0.11742392182350159"
"670","0.09694205969572067","0.09694205969572067","0.09694205969572067"
"671","0.10188866406679153","0.10188866406679153","0.10188866406679153"
"672","0.09733951091766357","0.09733951091766357","0.09733951091766357"
"673","0.09390582144260406","0.09390582144260406","0.09390582144260406"
"674","0.09774768352508545","0.09774768352508545","0.09774768352508545"
"675","0.0942397490143776","0.0942397490143776","0.0942397490143776"
"676","0.09588079899549484","0.09588079899549484","0.09588079899549484"
"677","0.11684871464967728","0.11684871464967728","0.11684871464967728"
"678","0.10366985201835632","0.10366985201835632","0.10366985201835632"
"679","0.1012713760137558","0.1012713760137558","0.1012713760137558"
"680","0.1318150907754898","0.1318150907754898","0.1318150907754898"
"681","0.10191307216882706","0.10191307216882706","0.10191307216882706"
"682","0.11331509053707123","0.11331509053707123","0.11331509053707123"
"683","0.1021813228726387","0.1021813228726387","0.1021813228726387"
"684","0.11797792464494705","0.11797792464494705","0.11797792464494705"
"685","0.10409259796142578","0.10409259796142578","0.10409259796142578"
"686","0.11593631654977798","0.11593631654977798","0.11593631654977798"
"687","0.11273954063653946","0.11273954063653946","0.11273954063653946"
"688","0.10926395654678345","0.10926395654678345","0.10926395654678345"
"689","0.09869997948408127","0.09869997948408127","0.09869997948408127"
"690","0.09874187409877777","0.09874187409877777","0.09874187409877777"
"691","0.09189760684967041","0.09189760684967041","0.09189760684967041"
"692","0.14870868623256683","0.14870868623256683","0.14870868623256683"
"693","0.11926639825105667","0.11926639825105667","0.11926639825105667"
"694","0.09447339177131653","0.09447339177131653","0.09447339177131653"
"695","0.11628595739603043","0.11628595739603043","0.11628595739603043"
"696","0.10007289797067642","0.10007289797067642","0.10007289797067642"
"697","0.09373753517866135","0.09373753517866135","0.09373753517866135"
"698","0.0999721884727478","0.0999721884727478","0.0999721884727478"
"699","0.1061127558350563","0.1061127558350563","0.1061127558350563"
"700","0.1059855967760086","0.1059855967760086","0.1059855967760086"
"701","0.10109588503837585","0.10109588503837585","0.10109588503837585"
"702","0.09507584571838379","0.09507584571838379","0.09507584571838379"
"703","0.0964096188545227","0.0964096188545227","0.0964096188545227"
"704","0.10261807590723038","0.10261807590723038","0.10261807590723038"
"705","0.10894431918859482","0.10894431918859482","0.10894431918859482"
"706","0.10197916626930237","0.10197916626930237","0.10197916626930237"
"707","0.1198820099234581","0.1198820099234581","0.1198820099234581"
"708","0.10395759344100952","0.10395759344100952","0.10395759344100952"
"709","0.11570731550455093","0.11570731550455093","0.11570731550455093"
"710","0.10837943851947784","0.10837943851947784","0.10837943851947784"
"711","0.1030474379658699","0.1030474379658699","0.1030474379658699"
"712","0.10472218692302704","0.10472218692302704","0.10472218692302704"
"713","0.09753686189651489","0.09753686189651489","0.09753686189651489"
"714","0.11279340833425522","0.11279340833425522","0.11279340833425522"
"715","0.09764887392520905","0.09764887392520905","0.09764887392520905"
"716","0.09531042724847794","0.09531042724847794","0.09531042724847794"
"717","0.11519336700439453","0.11519336700439453","0.11519336700439453"
"718","0.10863219201564789","0.10863219201564789","0.10863219201564789"
"719","0.10037542879581451","0.10037542879581451","0.10037542879581451"
"720","0.10897009074687958","0.10897009074687958","0.10897009074687958"
"721","0.10348401218652725","0.10348401218652725","0.10348401218652725"
"722","0.10923260450363159","0.10923260450363159","0.10923260450363159"
"723","0.10620468109846115","0.10620468109846115","0.10620468109846115"
"724","0.10174281895160675","0.10174281895160675","0.10174281895160675"
"725","0.10079114139080048","0.10079114139080048","0.10079114139080048"
"726","0.12014757096767426","0.12014757096767426","0.12014757096767426"
"727","0.10864042490720749","0.10864042490720749","0.10864042490720749"
"728","0.11444543302059174","0.11444543302059174","0.11444543302059174"
"729","0.10191506892442703","0.10191506892442703","0.10191506892442703"
"730","0.09117298573255539","0.09117298573255539","0.09117298573255539"
"731","0.0964670330286026","0.0964670330286026","0.0964670330286026"
"732","0.11136806011199951","0.11136806011199951","0.11136806011199951"
"733","0.10223133116960526","0.10223133116960526","0.10223133116960526"
"734","0.12606990337371826","0.12606990337371826","0.12606990337371826"
"735","0.09423736482858658","0.09423736482858658","0.09423736482858658"
"736","0.10538148880004883","0.10538148880004883","0.10538148880004883"
"737","0.09634611010551453","0.09634611010551453","0.09634611010551453"
"738","0.11163954436779022","0.11163954436779022","0.11163954436779022"
"739","0.11644956469535828","0.11644956469535828","0.11644956469535828"
"740","0.12037967890501022","0.12037967890501022","0.12037967890501022"
"741","0.10362482815980911","0.10362482815980911","0.10362482815980911"
"742","0.09658605605363846","0.09658605605363846","0.09658605605363846"
"743","0.09303180128335953","0.09303180128335953","0.09303180128335953"
"744","0.10373451560735703","0.10373451560735703","0.10373451560735703"
"745","0.09683890640735626","0.09683890640735626","0.09683890640735626"
"746","0.10684245824813843","0.10684245824813843","0.10684245824813843"
"747","0.1342509388923645","0.1342509388923645","0.1342509388923645"
"748","0.10206885635852814","0.10206885635852814","0.10206885635852814"
"749","0.14159397780895233","0.14159397780895233","0.14159397780895233"
"750","0.11376889795064926","0.11376889795064926","0.11376889795064926"
"751","0.10046353191137314","0.10046353191137314","0.10046353191137314"
"752","0.1074969619512558","0.1074969619512558","0.1074969619512558"
"753","0.09339424967765808","0.09339424967765808","0.09339424967765808"
"754","0.09474591910839081","0.09474591910839081","0.09474591910839081"
"755","0.11786578595638275","0.11786578595638275","0.11786578595638275"
"756","0.09893105179071426","0.09893105179071426","0.09893105179071426"
"757","0.14546027779579163","0.14546027779579163","0.14546027779579163"
"758","0.09254658967256546","0.09254658967256546","0.09254658967256546"
"759","0.10753998905420303","0.10753998905420303","0.10753998905420303"
"760","0.09870276600122452","0.09870276600122452","0.09870276600122452"
"761","0.09405259042978287","0.09405259042978287","0.09405259042978287"
"762","0.09789666533470154","0.09789666533470154","0.09789666533470154"
"763","0.1033981516957283","0.1033981516957283","0.1033981516957283"
"764","0.09462394565343857","0.09462394565343857","0.09462394565343857"
"765","0.10404988378286362","0.10404988378286362","0.10404988378286362"
"766","0.09757769107818604","0.09757769107818604","0.09757769107818604"
"767","0.10453297942876816","0.10453297942876816","0.10453297942876816"
"768","0.09758863598108292","0.09758863598108292","0.09758863598108292"
"769","0.10792906582355499","0.10792906582355499","0.10792906582355499"
"770","0.10321652144193649","0.10321652144193649","0.10321652144193649"
"771","0.10717570781707764","0.10717570781707764","0.10717570781707764"
"772","0.1077214777469635","0.1077214777469635","0.1077214777469635"
"773","0.10131122171878815","0.10131122171878815","0.10131122171878815"
"774","0.10188408195972443","0.10188408195972443","0.10188408195972443"
"775","0.12691178917884827","0.12691178917884827","0.12691178917884827"
"776","0.10950993746519089","0.10950993746519089","0.10950993746519089"
"777","0.11243502795696259","0.11243502795696259","0.11243502795696259"
"778","0.09522905200719833","0.09522905200719833","0.09522905200719833"
"779","0.09342394769191742","0.09342394769191742","0.09342394769191742"
"780","0.10390903055667877","0.10390903055667877","0.10390903055667877"
"781","0.13730210065841675","0.13730210065841675","0.13730210065841675"
"782","0.09613629430532455","0.09613629430532455","0.09613629430532455"
"783","0.09700863808393478","0.09700863808393478","0.09700863808393478"
"784","0.1102520003914833","0.1102520003914833","0.1102520003914833"
"785","0.09238920360803604","0.09238920360803604","0.09238920360803604"
"786","0.09846673905849457","0.09846673905849457","0.09846673905849457"
"787","0.11619260907173157","0.11619260907173157","0.11619260907173157"
"788","0.09549187123775482","0.09549187123775482","0.09549187123775482"
"789","0.12396085262298584","0.12396085262298584","0.12396085262298584"
"790","0.09486861526966095","0.09486861526966095","0.09486861526966095"
"791","0.09819788485765457","0.09819788485765457","0.09819788485765457"
"792","0.09724084287881851","0.09724084287881851","0.09724084287881851"
"793","0.09418754279613495","0.09418754279613495","0.09418754279613495"
"794","0.09431886672973633","0.09431886672973633","0.09431886672973633"
"795","0.09406166523694992","0.09406166523694992","0.09406166523694992"
"796","0.09481875598430634","0.09481875598430634","0.09481875598430634"
"797","0.10439301282167435","0.10439301282167435","0.10439301282167435"
"798","0.1107357069849968","0.1107357069849968","0.1107357069849968"
"799","0.09448067098855972","0.09448067098855972","0.09448067098855972"
"800","0.10818355530500412","0.10818355530500412","0.10818355530500412"
"801","0.09419901669025421","0.09419901669025421","0.09419901669025421"
"802","0.1294451504945755","0.1294451504945755","0.1294451504945755"
"803","0.1219731941819191","0.1219731941819191","0.1219731941819191"
"804","0.15905985236167908","0.15905985236167908","0.15905985236167908"
"805","0.09632492065429688","0.09632492065429688","0.09632492065429688"
"806","0.09619790315628052","0.09619790315628052","0.09619790315628052"
"807","0.10696790367364883","0.10696790367364883","0.10696790367364883"
"808","0.11308005452156067","0.11308005452156067","0.11308005452156067"
"809","0.10246752947568893","0.10246752947568893","0.10246752947568893"
"810","0.09767431765794754","0.09767431765794754","0.09767431765794754"
"811","0.11718914657831192","0.11718914657831192","0.11718914657831192"
"812","0.10519052296876907","0.10519052296876907","0.10519052296876907"
"813","0.14674901962280273","0.14674901962280273","0.14674901962280273"
"814","0.09805372357368469","0.09805372357368469","0.09805372357368469"
"815","0.09750980883836746","0.09750980883836746","0.09750980883836746"
"816","0.10996758937835693","0.10996758937835693","0.10996758937835693"
"817","0.09664499759674072","0.09664499759674072","0.09664499759674072"
"818","0.10172341018915176","0.10172341018915176","0.10172341018915176"
"819","0.10203820466995239","0.10203820466995239","0.10203820466995239"
"820","0.10838177800178528","0.10838177800178528","0.10838177800178528"
"821","0.11067894846200943","0.11067894846200943","0.11067894846200943"
"822","0.09517186135053635","0.09517186135053635","0.09517186135053635"
"823","0.13020437955856323","0.13020437955856323","0.13020437955856323"
"824","0.10652091354131699","0.10652091354131699","0.10652091354131699"
"825","0.0974360853433609","0.0974360853433609","0.0974360853433609"
"826","0.12659095227718353","0.12659095227718353","0.12659095227718353"
"827","0.10036716610193253","0.10036716610193253","0.10036716610193253"
"828","0.09498929977416992","0.09498929977416992","0.09498929977416992"
"829","0.09777310490608215","0.09777310490608215","0.09777310490608215"
"830","0.09407296031713486","0.09407296031713486","0.09407296031713486"
"831","0.09831552952528","0.09831552952528","0.09831552952528"
"832","0.133453831076622","0.133453831076622","0.133453831076622"
"833","0.09544136375188828","0.09544136375188828","0.09544136375188828"
"834","0.12509717047214508","0.12509717047214508","0.12509717047214508"
"835","0.10429522395133972","0.10429522395133972","0.10429522395133972"
"836","0.10151708871126175","0.10151708871126175","0.10151708871126175"
"837","0.0961257815361023","0.0961257815361023","0.0961257815361023"
"838","0.09235367178916931","0.09235367178916931","0.09235367178916931"
"839","0.10007020086050034","0.10007020086050034","0.10007020086050034"
"840","0.09444614499807358","0.09444614499807358","0.09444614499807358"
"841","0.09821430593729019","0.09821430593729019","0.09821430593729019"
"842","0.1482374668121338","0.1482374668121338","0.1482374668121338"
"843","0.10596858710050583","0.10596858710050583","0.10596858710050583"
"844","0.10502442717552185","0.10502442717552185","0.10502442717552185"
"845","0.10528514534235","0.10528514534235","0.10528514534235"
"846","0.10428354144096375","0.10428354144096375","0.10428354144096375"
"847","0.09633573144674301","0.09633573144674301","0.09633573144674301"
"848","0.09548415243625641","0.09548415243625641","0.09548415243625641"
"849","0.11672458052635193","0.11672458052635193","0.11672458052635193"
"850","0.10577643662691116","0.10577643662691116","0.10577643662691116"
"851","0.09837432950735092","0.09837432950735092","0.09837432950735092"
"852","0.09855880588293076","0.09855880588293076","0.09855880588293076"
"853","0.127950519323349","0.127950519323349","0.127950519323349"
"854","0.09614233672618866","0.09614233672618866","0.09614233672618866"
"855","0.11201198399066925","0.11201198399066925","0.11201198399066925"
"856","0.09957476705312729","0.09957476705312729","0.09957476705312729"
"857","0.09603831171989441","0.09603831171989441","0.09603831171989441"
"858","0.09797802567481995","0.09797802567481995","0.09797802567481995"
"859","0.11800508946180344","0.11800508946180344","0.11800508946180344"
"860","0.12024811655282974","0.12024811655282974","0.12024811655282974"
"861","0.10565146058797836","0.10565146058797836","0.10565146058797836"
"862","0.09526440501213074","0.09526440501213074","0.09526440501213074"
"863","0.14153166115283966","0.14153166115283966","0.14153166115283966"
"864","0.10384669899940491","0.10384669899940491","0.10384669899940491"
"865","0.09417884051799774","0.09417884051799774","0.09417884051799774"
"866","0.11119789630174637","0.11119789630174637","0.11119789630174637"
"867","0.11208691447973251","0.11208691447973251","0.11208691447973251"
"868","0.09650777280330658","0.09650777280330658","0.09650777280330658"
"869","0.09768743067979813","0.09768743067979813","0.09768743067979813"
"870","0.09121371805667877","0.09121371805667877","0.09121371805667877"
"871","0.09756453335285187","0.09756453335285187","0.09756453335285187"
"872","0.10806829482316971","0.10806829482316971","0.10806829482316971"
"873","0.10329041630029678","0.10329041630029678","0.10329041630029678"
"874","0.09703290462493896","0.09703290462493896","0.09703290462493896"
"875","0.11017680913209915","0.11017680913209915","0.11017680913209915"
"876","0.10237473249435425","0.10237473249435425","0.10237473249435425"
"877","0.1465325653553009","0.1465325653553009","0.1465325653553009"
"878","0.09811997413635254","0.09811997413635254","0.09811997413635254"
"879","0.10590331256389618","0.10590331256389618","0.10590331256389618"
"880","0.09987463057041168","0.09987463057041168","0.09987463057041168"
"881","0.10155150294303894","0.10155150294303894","0.10155150294303894"
"882","0.09828338772058487","0.09828338772058487","0.09828338772058487"
"883","0.1523272544145584","0.1523272544145584","0.1523272544145584"
"884","0.10573868453502655","0.10573868453502655","0.10573868453502655"
"885","0.0986531674861908","0.0986531674861908","0.0986531674861908"
"886","0.09424683451652527","0.09424683451652527","0.09424683451652527"
"887","0.09642395377159119","0.09642395377159119","0.09642395377159119"
"888","0.12299811840057373","0.12299811840057373","0.12299811840057373"
"889","0.09708769619464874","0.09708769619464874","0.09708769619464874"
"890","0.12033016234636307","0.12033016234636307","0.12033016234636307"
"891","0.09847882390022278","0.09847882390022278","0.09847882390022278"
"892","0.11537482589483261","0.11537482589483261","0.11537482589483261"
"893","0.0939854308962822","0.0939854308962822","0.0939854308962822"
"894","0.12100506573915482","0.12100506573915482","0.12100506573915482"
"895","0.0996127799153328","0.0996127799153328","0.0996127799153328"
"896","0.10292894393205643","0.10292894393205643","0.10292894393205643"
"897","0.11955875903367996","0.11955875903367996","0.11955875903367996"
"898","0.10231932252645493","0.10231932252645493","0.10231932252645493"
"899","0.10485859215259552","0.10485859215259552","0.10485859215259552"
"900","0.09527074545621872","0.09527074545621872","0.09527074545621872"
"901","0.10362273454666138","0.10362273454666138","0.10362273454666138"
"902","0.10192985087633133","0.10192985087633133","0.10192985087633133"
"903","0.1197342798113823","0.1197342798113823","0.1197342798113823"
"904","0.0937834084033966","0.0937834084033966","0.0937834084033966"
"905","0.10315464437007904","0.10315464437007904","0.10315464437007904"
"906","0.10347918421030045","0.10347918421030045","0.10347918421030045"
"907","0.17287468910217285","0.17287468910217285","0.17287468910217285"
"908","0.12419014424085617","0.12419014424085617","0.12419014424085617"
"909","0.10901957005262375","0.10901957005262375","0.10901957005262375"
"910","0.09347700327634811","0.09347700327634811","0.09347700327634811"
"911","0.09994600713253021","0.09994600713253021","0.09994600713253021"
"912","0.1162472739815712","0.1162472739815712","0.1162472739815712"
"913","0.09555284678936005","0.09555284678936005","0.09555284678936005"
"914","0.10858627408742905","0.10858627408742905","0.10858627408742905"
"915","0.10571689903736115","0.10571689903736115","0.10571689903736115"
"916","0.09621012210845947","0.09621012210845947","0.09621012210845947"
"917","0.10226055979728699","0.10226055979728699","0.10226055979728699"
"918","0.0979810580611229","0.0979810580611229","0.0979810580611229"
"919","0.10105536133050919","0.10105536133050919","0.10105536133050919"
"920","0.1120002269744873","0.1120002269744873","0.1120002269744873"
"921","0.12339891493320465","0.12339891493320465","0.12339891493320465"
"922","0.1794806867837906","0.1794806867837906","0.1794806867837906"
"923","0.0985308364033699","0.0985308364033699","0.0985308364033699"
"924","0.10945983231067657","0.10945983231067657","0.10945983231067657"
"925","0.09175121784210205","0.09175121784210205","0.09175121784210205"
"926","0.10110953450202942","0.10110953450202942","0.10110953450202942"
"927","0.10789424926042557","0.10789424926042557","0.10789424926042557"
"928","0.10393676906824112","0.10393676906824112","0.10393676906824112"
"929","0.09526611119508743","0.09526611119508743","0.09526611119508743"
"930","0.0996471419930458","0.0996471419930458","0.0996471419930458"
"931","0.09784433990716934","0.09784433990716934","0.09784433990716934"
"932","0.10484050214290619","0.10484050214290619","0.10484050214290619"
"933","0.09915275126695633","0.09915275126695633","0.09915275126695633"
"934","0.1146663948893547","0.1146663948893547","0.1146663948893547"
"935","0.12700751423835754","0.12700751423835754","0.12700751423835754"
"936","0.1274363249540329","0.1274363249540329","0.1274363249540329"
"937","0.09360861033201218","0.09360861033201218","0.09360861033201218"
"938","0.09758059680461884","0.09758059680461884","0.09758059680461884"
"939","0.1072465032339096","0.1072465032339096","0.1072465032339096"
"940","0.09815869480371475","0.09815869480371475","0.09815869480371475"
"941","0.11882063001394272","0.11882063001394272","0.11882063001394272"
"942","0.10011637210845947","0.10011637210845947","0.10011637210845947"
"943","0.0999998152256012","0.0999998152256012","0.0999998152256012"
"944","0.11164335161447525","0.11164335161447525","0.11164335161447525"
"945","0.10819875448942184","0.10819875448942184","0.10819875448942184"
"946","0.1108386218547821","0.1108386218547821","0.1108386218547821"
"947","0.12443121522665024","0.12443121522665024","0.12443121522665024"
"948","0.10609874129295349","0.10609874129295349","0.10609874129295349"
"949","0.09941989183425903","0.09941989183425903","0.09941989183425903"
"950","0.10863185673952103","0.10863185673952103","0.10863185673952103"
"951","0.10320337116718292","0.10320337116718292","0.10320337116718292"
"952","0.09931238740682602","0.09931238740682602","0.09931238740682602"
"953","0.1016467809677124","0.1016467809677124","0.1016467809677124"
"954","0.11062610894441605","0.11062610894441605","0.11062610894441605"
"955","0.11354254186153412","0.11354254186153412","0.11354254186153412"
"956","0.1017487421631813","0.1017487421631813","0.1017487421631813"
"957","0.11703474074602127","0.11703474074602127","0.11703474074602127"
"958","0.09317100048065186","0.09317100048065186","0.09317100048065186"
"959","0.1038823276758194","0.1038823276758194","0.1038823276758194"
"960","0.09736635535955429","0.09736635535955429","0.09736635535955429"
"961","0.09686289727687836","0.09686289727687836","0.09686289727687836"
"962","0.10249236226081848","0.10249236226081848","0.10249236226081848"
"963","0.09367426484823227","0.09367426484823227","0.09367426484823227"
"964","0.09894246608018875","0.09894246608018875","0.09894246608018875"
"965","0.09721226245164871","0.09721226245164871","0.09721226245164871"
"966","0.13361947238445282","0.13361947238445282","0.13361947238445282"
"967","0.10985707491636276","0.10985707491636276","0.10985707491636276"
"968","0.09568369388580322","0.09568369388580322","0.09568369388580322"
"969","0.10017472505569458","0.10017472505569458","0.10017472505569458"
"970","0.1282249093055725","0.1282249093055725","0.1282249093055725"
"971","0.09465716779232025","0.09465716779232025","0.09465716779232025"
"972","0.10245011746883392","0.10245011746883392","0.10245011746883392"
"973","0.09892746061086655","0.09892746061086655","0.09892746061086655"
"974","0.13722509145736694","0.13722509145736694","0.13722509145736694"
"975","0.12956224381923676","0.12956224381923676","0.12956224381923676"
"976","0.10056162625551224","0.10056162625551224","0.10056162625551224"
"977","0.09293490648269653","0.09293490648269653","0.09293490648269653"
"978","0.141133651137352","0.141133651137352","0.141133651137352"
"979","0.09806308895349503","0.09806308895349503","0.09806308895349503"
"980","0.11000632494688034","0.11000632494688034","0.11000632494688034"
"981","0.09754728525876999","0.09754728525876999","0.09754728525876999"
"982","0.10315810143947601","0.10315810143947601","0.10315810143947601"
"983","0.09914687275886536","0.09914687275886536","0.09914687275886536"
"984","0.09547969698905945","0.09547969698905945","0.09547969698905945"
"985","0.1317504644393921","0.1317504644393921","0.1317504644393921"
"986","0.0974128246307373","0.0974128246307373","0.0974128246307373"
"987","0.10314927250146866","0.10314927250146866","0.10314927250146866"
"988","0.0982942208647728","0.0982942208647728","0.0982942208647728"
"989","0.11799615621566772","0.11799615621566772","0.11799615621566772"
"990","0.09869565814733505","0.09869565814733505","0.09869565814733505"
"991","0.10950049012899399","0.10950049012899399","0.10950049012899399"
"992","0.09712876379489899","0.09712876379489899","0.09712876379489899"
"993","0.09668157249689102","0.09668157249689102","0.09668157249689102"
"994","0.13580209016799927","0.13580209016799927","0.13580209016799927"
"995","0.0937192291021347","0.0937192291021347","0.0937192291021347"
"996","0.09926830232143402","0.09926830232143402","0.09926830232143402"
"997","0.1417030692100525","0.1417030692100525","0.1417030692100525"
"998","0.09990761429071426","0.09990761429071426","0.09990761429071426"
"999","0.10398532450199127","0.10398532450199127","0.10398532450199127"
"1000","0.10305536538362503","0.10305536538362503","0.10305536538362503"
"1001","0.0965443104505539","0.0965443104505539","0.0965443104505539"
"1002","0.10652400553226471","0.10652400553226471","0.10652400553226471"
"1003","0.09438525140285492","0.09438525140285492","0.09438525140285492"
"1004","0.12126515805721283","0.12126515805721283","0.12126515805721283"
"1005","0.0997251495718956","0.0997251495718956","0.0997251495718956"
"1006","0.09974987804889679","0.09974987804889679","0.09974987804889679"
"1007","0.11435092985630035","0.11435092985630035","0.11435092985630035"
"1008","0.09453287720680237","0.09453287720680237","0.09453287720680237"
"1009","0.1215711385011673","0.1215711385011673","0.1215711385011673"
"1010","0.15779031813144684","0.15779031813144684","0.15779031813144684"
"1011","0.09971439838409424","0.09971439838409424","0.09971439838409424"
"1012","0.09108174592256546","0.09108174592256546","0.09108174592256546"
"1013","0.14923164248466492","0.14923164248466492","0.14923164248466492"
"1014","0.09754545241594315","0.09754545241594315","0.09754545241594315"
"1015","0.09268461912870407","0.09268461912870407","0.09268461912870407"
"1016","0.09720311313867569","0.09720311313867569","0.09720311313867569"
"1017","0.09812706708908081","0.09812706708908081","0.09812706708908081"
"1018","0.09936273097991943","0.09936273097991943","0.09936273097991943"
"1019","0.09454020857810974","0.09454020857810974","0.09454020857810974"
"1020","0.1605469286441803","0.1605469286441803","0.1605469286441803"
"1021","0.09503908455371857","0.09503908455371857","0.09503908455371857"
"1022","0.09449779242277145","0.09449779242277145","0.09449779242277145"
"1023","0.10897389054298401","0.10897389054298401","0.10897389054298401"
"1024","0.10303018987178802","0.10303018987178802","0.10303018987178802"
"1025","0.11279759556055069","0.11279759556055069","0.11279759556055069"
"1026","0.10713975876569748","0.10713975876569748","0.10713975876569748"
"1027","0.11093824356794357","0.11093824356794357","0.11093824356794357"
"1028","0.10380587726831436","0.10380587726831436","0.10380587726831436"
"1029","0.09580771625041962","0.09580771625041962","0.09580771625041962"
"1030","0.12746566534042358","0.12746566534042358","0.12746566534042358"
"1031","0.1108313724398613","0.1108313724398613","0.1108313724398613"
"1032","0.09499423205852509","0.09499423205852509","0.09499423205852509"
"1033","0.09213612973690033","0.09213612973690033","0.09213612973690033"
"1034","0.10951808840036392","0.10951808840036392","0.10951808840036392"
"1035","0.11343701183795929","0.11343701183795929","0.11343701183795929"
"1036","0.10295826196670532","0.10295826196670532","0.10295826196670532"
"1037","0.10178954899311066","0.10178954899311066","0.10178954899311066"
"1038","0.09672374278306961","0.09672374278306961","0.09672374278306961"
"1039","0.10129678249359131","0.10129678249359131","0.10129678249359131"
"1040","0.11751988530158997","0.11751988530158997","0.11751988530158997"
"1041","0.09398967772722244","0.09398967772722244","0.09398967772722244"
"1042","0.1009804904460907","0.1009804904460907","0.1009804904460907"
"1043","0.10435100644826889","0.10435100644826889","0.10435100644826889"
"1044","0.10881058871746063","0.10881058871746063","0.10881058871746063"
"1045","0.11475260555744171","0.11475260555744171","0.11475260555744171"
"1046","0.12894056737422943","0.12894056737422943","0.12894056737422943"
"1047","0.13601085543632507","0.13601085543632507","0.13601085543632507"
"1048","0.09732948988676071","0.09732948988676071","0.09732948988676071"
"1049","0.11235374957323074","0.11235374957323074","0.11235374957323074"
"1050","0.10150939971208572","0.10150939971208572","0.10150939971208572"
"1051","0.10026634484529495","0.10026634484529495","0.10026634484529495"
"1052","0.09917071461677551","0.09917071461677551","0.09917071461677551"
"1053","0.10736918449401855","0.10736918449401855","0.10736918449401855"
"1054","0.10871995240449905","0.10871995240449905","0.10871995240449905"
"1055","0.10171245038509369","0.10171245038509369","0.10171245038509369"
"1056","0.10356644541025162","0.10356644541025162","0.10356644541025162"
"1057","0.10319316387176514","0.10319316387176514","0.10319316387176514"
"1058","0.11563920229673386","0.11563920229673386","0.11563920229673386"
"1059","0.10782723873853683","0.10782723873853683","0.10782723873853683"
"1060","0.09890662878751755","0.09890662878751755","0.09890662878751755"
"1061","0.09593579173088074","0.09593579173088074","0.09593579173088074"
"1062","0.10542350262403488","0.10542350262403488","0.10542350262403488"
"1063","0.09674961119890213","0.09674961119890213","0.09674961119890213"
"1064","0.12302790582180023","0.12302790582180023","0.12302790582180023"
"1065","0.09958211332559586","0.09958211332559586","0.09958211332559586"
"1066","0.1055404543876648","0.1055404543876648","0.1055404543876648"
"1067","0.10481274127960205","0.10481274127960205","0.10481274127960205"
"1068","0.09939117729663849","0.09939117729663849","0.09939117729663849"
"1069","0.1211961880326271","0.1211961880326271","0.1211961880326271"
"1070","0.12881579995155334","0.12881579995155334","0.12881579995155334"
"1071","0.10045567154884338","0.10045567154884338","0.10045567154884338"
"1072","0.1000724658370018","0.1000724658370018","0.1000724658370018"
"1073","0.1041904017329216","0.1041904017329216","0.1041904017329216"
"1074","0.10906366258859634","0.10906366258859634","0.10906366258859634"
"1075","0.09396328777074814","0.09396328777074814","0.09396328777074814"
"1076","0.09613640606403351","0.09613640606403351","0.09613640606403351"
"1077","0.10371270030736923","0.10371270030736923","0.10371270030736923"
"1078","0.09305321425199509","0.09305321425199509","0.09305321425199509"
"1079","0.09247081726789474","0.09247081726789474","0.09247081726789474"
"1080","0.1244981586933136","0.1244981586933136","0.1244981586933136"
"1081","0.09953776001930237","0.09953776001930237","0.09953776001930237"
"1082","0.09757039695978165","0.09757039695978165","0.09757039695978165"
"1083","0.11781197041273117","0.11781197041273117","0.11781197041273117"
"1084","0.09976034611463547","0.09976034611463547","0.09976034611463547"
"1085","0.09645597636699677","0.09645597636699677","0.09645597636699677"
"1086","0.09949219971895218","0.09949219971895218","0.09949219971895218"
"1087","0.09767947345972061","0.09767947345972061","0.09767947345972061"
"1088","0.12194111198186874","0.12194111198186874","0.12194111198186874"
"1089","0.09598558396100998","0.09598558396100998","0.09598558396100998"
"1090","0.09536461532115936","0.09536461532115936","0.09536461532115936"
"1091","0.098238505423069","0.098238505423069","0.098238505423069"
"1092","0.09483746439218521","0.09483746439218521","0.09483746439218521"
"1093","0.09981158375740051","0.09981158375740051","0.09981158375740051"
"1094","0.1117444857954979","0.1117444857954979","0.1117444857954979"
"1095","0.11241381615400314","0.11241381615400314","0.11241381615400314"
"1096","0.14603696763515472","0.14603696763515472","0.14603696763515472"
"1097","0.10254146158695221","0.10254146158695221","0.10254146158695221"
"1098","0.10986358672380447","0.10986358672380447","0.10986358672380447"
"1099","0.11038260161876678","0.11038260161876678","0.11038260161876678"
"1100","0.11565122753381729","0.11565122753381729","0.11565122753381729"
"1101","0.10756262391805649","0.10756262391805649","0.10756262391805649"
"1102","0.09211889654397964","0.09211889654397964","0.09211889654397964"
"1103","0.10680276155471802","0.10680276155471802","0.10680276155471802"
"1104","0.09651345759630203","0.09651345759630203","0.09651345759630203"
"1105","0.11099376529455185","0.11099376529455185","0.11099376529455185"
"1106","0.10733305662870407","0.10733305662870407","0.10733305662870407"
"1107","0.095609650015831","0.095609650015831","0.095609650015831"
"1108","0.10450360178947449","0.10450360178947449","0.10450360178947449"
"1109","0.11140669882297516","0.11140669882297516","0.11140669882297516"
"1110","0.10032729804515839","0.10032729804515839","0.10032729804515839"
"1111","0.09616086632013321","0.09616086632013321","0.09616086632013321"
"1112","0.11336968839168549","0.11336968839168549","0.11336968839168549"
"1113","0.11639849841594696","0.11639849841594696","0.11639849841594696"
"1114","0.1054234653711319","0.1054234653711319","0.1054234653711319"
"1115","0.10967109352350235","0.10967109352350235","0.10967109352350235"
"1116","0.09494809061288834","0.09494809061288834","0.09494809061288834"
"1117","0.11900323629379272","0.11900323629379272","0.11900323629379272"
"1118","0.1640557497739792","0.1640557497739792","0.1640557497739792"
"1119","0.11540105193853378","0.11540105193853378","0.11540105193853378"
"1120","0.0976920947432518","0.0976920947432518","0.0976920947432518"
"1121","0.10042157024145126","0.10042157024145126","0.10042157024145126"
"1122","0.093480184674263","0.093480184674263","0.093480184674263"
"1123","0.09880338609218597","0.09880338609218597","0.09880338609218597"
"1124","0.11124283820390701","0.11124283820390701","0.11124283820390701"
"1125","0.10360736399888992","0.10360736399888992","0.10360736399888992"
"1126","0.09429305791854858","0.09429305791854858","0.09429305791854858"
"1127","0.10677097737789154","0.10677097737789154","0.10677097737789154"
"1128","0.1160101592540741","0.1160101592540741","0.1160101592540741"
"1129","0.10702257603406906","0.10702257603406906","0.10702257603406906"
"1130","0.12499333918094635","0.12499333918094635","0.12499333918094635"
"1131","0.10367217659950256","0.10367217659950256","0.10367217659950256"
"1132","0.11534521728754044","0.11534521728754044","0.11534521728754044"
"1133","0.09203603118658066","0.09203603118658066","0.09203603118658066"
"1134","0.10761609673500061","0.10761609673500061","0.10761609673500061"
"1135","0.10279829800128937","0.10279829800128937","0.10279829800128937"
"1136","0.09939725697040558","0.09939725697040558","0.09939725697040558"
"1137","0.09379322081804276","0.09379322081804276","0.09379322081804276"
"1138","0.09588272869586945","0.09588272869586945","0.09588272869586945"
"1139","0.0999702736735344","0.0999702736735344","0.0999702736735344"
"1140","0.11194664239883423","0.11194664239883423","0.11194664239883423"
"1141","0.09897881746292114","0.09897881746292114","0.09897881746292114"
"1142","0.13588550686836243","0.13588550686836243","0.13588550686836243"
"1143","0.1042569950222969","0.1042569950222969","0.1042569950222969"
"1144","0.10615604370832443","0.10615604370832443","0.10615604370832443"
"1145","0.11006061732769012","0.11006061732769012","0.11006061732769012"
"1146","0.1715889424085617","0.1715889424085617","0.1715889424085617"
"1147","0.09904677420854568","0.09904677420854568","0.09904677420854568"
"1148","0.11402258276939392","0.11402258276939392","0.11402258276939392"
"1149","0.11413802206516266","0.11413802206516266","0.11413802206516266"
"1150","0.0977528989315033","0.0977528989315033","0.0977528989315033"
"1151","0.09193044900894165","0.09193044900894165","0.09193044900894165"
"1152","0.11236736923456192","0.11236736923456192","0.11236736923456192"
"1153","0.1043647974729538","0.1043647974729538","0.1043647974729538"
"1154","0.09759972244501114","0.09759972244501114","0.09759972244501114"
"1155","0.09990247339010239","0.09990247339010239","0.09990247339010239"
"1156","0.09663059562444687","0.09663059562444687","0.09663059562444687"
"1157","0.12856511771678925","0.12856511771678925","0.12856511771678925"
"1158","0.09377560764551163","0.09377560764551163","0.09377560764551163"
"1159","0.10323260724544525","0.10323260724544525","0.10323260724544525"
"1160","0.10567900538444519","0.10567900538444519","0.10567900538444519"
"1161","0.09986652433872223","0.09986652433872223","0.09986652433872223"
"1162","0.12768502533435822","0.12768502533435822","0.12768502533435822"
"1163","0.09678610414266586","0.09678610414266586","0.09678610414266586"
"1164","0.09625939279794693","0.09625939279794693","0.09625939279794693"
"1165","0.0951777920126915","0.0951777920126915","0.0951777920126915"
"1166","0.10334508121013641","0.10334508121013641","0.10334508121013641"
"1167","0.09935607761144638","0.09935607761144638","0.09935607761144638"
"1168","0.09745563566684723","0.09745563566684723","0.09745563566684723"
"1169","0.10277142375707626","0.10277142375707626","0.10277142375707626"
"1170","0.09481263160705566","0.09481263160705566","0.09481263160705566"
"1171","0.10033746063709259","0.10033746063709259","0.10033746063709259"
"1172","0.0977446585893631","0.0977446585893631","0.0977446585893631"
"1173","0.10075359791517258","0.10075359791517258","0.10075359791517258"
"1174","0.11182718724012375","0.11182718724012375","0.11182718724012375"
"1175","0.09595548361539841","0.09595548361539841","0.09595548361539841"
"1176","0.09781919419765472","0.09781919419765472","0.09781919419765472"
"1177","0.10690608620643616","0.10690608620643616","0.10690608620643616"
"1178","0.0957011803984642","0.0957011803984642","0.0957011803984642"
"1179","0.09999337047338486","0.09999337047338486","0.09999337047338486"
"1180","0.10513994097709656","0.10513994097709656","0.10513994097709656"
"1181","0.09548050910234451","0.09548050910234451","0.09548050910234451"
"1182","0.11530385166406631","0.11530385166406631","0.11530385166406631"
"1183","0.10181426256895065","0.10181426256895065","0.10181426256895065"
"1184","0.12635891139507294","0.12635891139507294","0.12635891139507294"
"1185","0.15109995007514954","0.15109995007514954","0.15109995007514954"
"1186","0.09644411504268646","0.09644411504268646","0.09644411504268646"
"1187","0.10136226564645767","0.10136226564645767","0.10136226564645767"
"1188","0.11030887812376022","0.11030887812376022","0.11030887812376022"
"1189","0.11864716559648514","0.11864716559648514","0.11864716559648514"
"1190","0.10164491087198257","0.10164491087198257","0.10164491087198257"
"1191","0.09618878364562988","0.09618878364562988","0.09618878364562988"
"1192","0.09977937489748001","0.09977937489748001","0.09977937489748001"
"1193","0.09353084117174149","0.09353084117174149","0.09353084117174149"
"1194","0.12364881485700607","0.12364881485700607","0.12364881485700607"
"1195","0.10842607915401459","0.10842607915401459","0.10842607915401459"
"1196","0.10364966094493866","0.10364966094493866","0.10364966094493866"
"1197","0.11843764036893845","0.11843764036893845","0.11843764036893845"
"1198","0.09961596876382828","0.09961596876382828","0.09961596876382828"
"1199","0.11424754559993744","0.11424754559993744","0.11424754559993744"
"1200","0.11300218850374222","0.11300218850374222","0.11300218850374222"