"Step","Ehopper_Mno_relu_DS10000_W0.00095_lr0.01 - train.prediction_error","Ehopper_Mno_relu_DS10000_W0.00095_lr0.01 - train.prediction_error__MIN","Ehopper_Mno_relu_DS10000_W0.00095_lr0.01 - train.prediction_error__MAX"
"0","0.34970197081565857","0.34970197081565857","0.34970197081565857"
"1","0.17390692234039307","0.17390692234039307","0.17390692234039307"
"2","0.1604439914226532","0.1604439914226532","0.1604439914226532"
"3","0.15214712917804718","0.15214712917804718","0.15214712917804718"
"4","0.14822658896446228","0.14822658896446228","0.14822658896446228"
"5","0.14308644831180573","0.14308644831180573","0.14308644831180573"
"6","0.13626018166542053","0.13626018166542053","0.13626018166542053"
"7","0.13785885274410248","0.13785885274410248","0.13785885274410248"
"8","0.12901727855205536","0.12901727855205536","0.12901727855205536"
"9","0.1362026184797287","0.1362026184797287","0.1362026184797287"
"10","0.12590382993221283","0.12590382993221283","0.12590382993221283"
"11","0.1210501417517662","0.1210501417517662","0.1210501417517662"
"12","0.12155979126691818","0.12155979126691818","0.12155979126691818"
"13","0.12522973120212555","0.12522973120212555","0.12522973120212555"
"14","0.1268923431634903","0.1268923431634903","0.1268923431634903"
"15","0.1166996955871582","0.1166996955871582","0.1166996955871582"
"16","0.11926377564668655","0.11926377564668655","0.11926377564668655"
"17","0.121359683573246","0.121359683573246","0.121359683573246"
"18","0.11465360969305038","0.11465360969305038","0.11465360969305038"
"19","0.111973337829113","0.111973337829113","0.111973337829113"
"20","0.1215396374464035","0.1215396374464035","0.1215396374464035"
"21","0.13097980618476868","0.13097980618476868","0.13097980618476868"
"22","0.11402570456266403","0.11402570456266403","0.11402570456266403"
"23","0.11199459433555603","0.11199459433555603","0.11199459433555603"
"24","0.10801796615123749","0.10801796615123749","0.10801796615123749"
"25","0.11745936423540115","0.11745936423540115","0.11745936423540115"
"26","0.1164504885673523","0.1164504885673523","0.1164504885673523"
"27","0.11110812425613403","0.11110812425613403","0.11110812425613403"
"28","0.11670544743537903","0.11670544743537903","0.11670544743537903"
"29","0.10688386112451553","0.10688386112451553","0.10688386112451553"
"30","0.11000039428472519","0.11000039428472519","0.11000039428472519"
"31","0.10432042926549911","0.10432042926549911","0.10432042926549911"
"32","0.11345724761486053","0.11345724761486053","0.11345724761486053"
"33","0.11269853264093399","0.11269853264093399","0.11269853264093399"
"34","0.11139731109142303","0.11139731109142303","0.11139731109142303"
"35","0.10861328989267349","0.10861328989267349","0.10861328989267349"
"36","0.10836886614561081","0.10836886614561081","0.10836886614561081"
"37","0.11744292825460434","0.11744292825460434","0.11744292825460434"
"38","0.11584488302469254","0.11584488302469254","0.11584488302469254"
"39","0.1275804191827774","0.1275804191827774","0.1275804191827774"
"40","0.10200951993465424","0.10200951993465424","0.10200951993465424"
"41","0.1196712777018547","0.1196712777018547","0.1196712777018547"
"42","0.11007364839315414","0.11007364839315414","0.11007364839315414"
"43","0.11011036485433578","0.11011036485433578","0.11011036485433578"
"44","0.12301681190729141","0.12301681190729141","0.12301681190729141"
"45","0.1276896595954895","0.1276896595954895","0.1276896595954895"
"46","0.10676833242177963","0.10676833242177963","0.10676833242177963"
"47","0.12008614093065262","0.12008614093065262","0.12008614093065262"
"48","0.10999825596809387","0.10999825596809387","0.10999825596809387"
"49","0.10210015624761581","0.10210015624761581","0.10210015624761581"
"50","0.10240033268928528","0.10240033268928528","0.10240033268928528"
"51","0.1163853108882904","0.1163853108882904","0.1163853108882904"
"52","0.10569360107183456","0.10569360107183456","0.10569360107183456"
"53","0.10871448367834091","0.10871448367834091","0.10871448367834091"
"54","0.10261780768632889","0.10261780768632889","0.10261780768632889"
"55","0.10008443892002106","0.10008443892002106","0.10008443892002106"
"56","0.13057628273963928","0.13057628273963928","0.13057628273963928"
"57","0.1120389774441719","0.1120389774441719","0.1120389774441719"
"58","0.10369381308555603","0.10369381308555603","0.10369381308555603"
"59","0.12785756587982178","0.12785756587982178","0.12785756587982178"
"60","0.1085302010178566","0.1085302010178566","0.1085302010178566"
"61","0.10967680811882019","0.10967680811882019","0.10967680811882019"
"62","0.11215326189994812","0.11215326189994812","0.11215326189994812"
"63","0.10026121139526367","0.10026121139526367","0.10026121139526367"
"64","0.12113474309444427","0.12113474309444427","0.12113474309444427"
"65","0.10325584560632706","0.10325584560632706","0.10325584560632706"
"66","0.11134856194257736","0.11134856194257736","0.11134856194257736"
"67","0.10107381641864777","0.10107381641864777","0.10107381641864777"
"68","0.11421170830726624","0.11421170830726624","0.11421170830726624"
"69","0.11810638755559921","0.11810638755559921","0.11810638755559921"
"70","0.09962915629148483","0.09962915629148483","0.09962915629148483"
"71","0.11292044818401337","0.11292044818401337","0.11292044818401337"
"72","0.12744510173797607","0.12744510173797607","0.12744510173797607"
"73","0.10594421625137329","0.10594421625137329","0.10594421625137329"
"74","0.10107540339231491","0.10107540339231491","0.10107540339231491"
"75","0.11241143941879272","0.11241143941879272","0.11241143941879272"
"76","0.11703087389469147","0.11703087389469147","0.11703087389469147"
"77","0.10557518154382706","0.10557518154382706","0.10557518154382706"
"78","0.1109602153301239","0.1109602153301239","0.1109602153301239"
"79","0.10657233744859695","0.10657233744859695","0.10657233744859695"
"80","0.10331735014915466","0.10331735014915466","0.10331735014915466"
"81","0.10638774186372757","0.10638774186372757","0.10638774186372757"
"82","0.11195266991853714","0.11195266991853714","0.11195266991853714"
"83","0.10541293770074844","0.10541293770074844","0.10541293770074844"
"84","0.10071080923080444","0.10071080923080444","0.10071080923080444"
"85","0.11707252264022827","0.11707252264022827","0.11707252264022827"
"86","0.10158754140138626","0.10158754140138626","0.10158754140138626"
"87","0.11239541321992874","0.11239541321992874","0.11239541321992874"
"88","0.10914574563503265","0.10914574563503265","0.10914574563503265"
"89","0.10433723777532578","0.10433723777532578","0.10433723777532578"
"90","0.10544387996196747","0.10544387996196747","0.10544387996196747"
"91","0.09657514840364456","0.09657514840364456","0.09657514840364456"
"92","0.11497259885072708","0.11497259885072708","0.11497259885072708"
"93","0.10921023786067963","0.10921023786067963","0.10921023786067963"
"94","0.11097849160432816","0.11097849160432816","0.11097849160432816"
"95","0.12104534357786179","0.12104534357786179","0.12104534357786179"
"96","0.09785537421703339","0.09785537421703339","0.09785537421703339"
"97","0.10623276233673096","0.10623276233673096","0.10623276233673096"
"98","0.09909968823194504","0.09909968823194504","0.09909968823194504"
"99","0.12449678778648376","0.12449678778648376","0.12449678778648376"
"100","0.10443907976150513","0.10443907976150513","0.10443907976150513"
"101","0.09595997631549835","0.09595997631549835","0.09595997631549835"
"102","0.10744382441043854","0.10744382441043854","0.10744382441043854"
"103","0.10065486282110214","0.10065486282110214","0.10065486282110214"
"104","0.10906312614679337","0.10906312614679337","0.10906312614679337"
"105","0.1040542796254158","0.1040542796254158","0.1040542796254158"
"106","0.11030416935682297","0.11030416935682297","0.11030416935682297"
"107","0.10151366144418716","0.10151366144418716","0.10151366144418716"
"108","0.1035519391298294","0.1035519391298294","0.1035519391298294"
"109","0.09786863625049591","0.09786863625049591","0.09786863625049591"
"110","0.09804341942071915","0.09804341942071915","0.09804341942071915"
"111","0.10061540454626083","0.10061540454626083","0.10061540454626083"
"112","0.09687291085720062","0.09687291085720062","0.09687291085720062"
"113","0.10942007601261139","0.10942007601261139","0.10942007601261139"
"114","0.1006285771727562","0.1006285771727562","0.1006285771727562"
"115","0.10484133660793304","0.10484133660793304","0.10484133660793304"
"116","0.10908188670873642","0.10908188670873642","0.10908188670873642"
"117","0.10587099939584732","0.10587099939584732","0.10587099939584732"
"118","0.11564378440380096","0.11564378440380096","0.11564378440380096"
"119","0.11515241116285324","0.11515241116285324","0.11515241116285324"
"120","0.10010632872581482","0.10010632872581482","0.10010632872581482"
"121","0.12000755220651627","0.12000755220651627","0.12000755220651627"
"122","0.10685860365629196","0.10685860365629196","0.10685860365629196"
"123","0.09805305302143097","0.09805305302143097","0.09805305302143097"
"124","0.10483543574810028","0.10483543574810028","0.10483543574810028"
"125","0.10213671624660492","0.10213671624660492","0.10213671624660492"
"126","0.1021457239985466","0.1021457239985466","0.1021457239985466"
"127","0.1369299441576004","0.1369299441576004","0.1369299441576004"
"128","0.10808020085096359","0.10808020085096359","0.10808020085096359"
"129","0.11751178652048111","0.11751178652048111","0.11751178652048111"
"130","0.12357063591480255","0.12357063591480255","0.12357063591480255"
"131","0.11459052562713623","0.11459052562713623","0.11459052562713623"
"132","0.13087470829486847","0.13087470829486847","0.13087470829486847"
"133","0.11512745916843414","0.11512745916843414","0.11512745916843414"
"134","0.10937049984931946","0.10937049984931946","0.10937049984931946"
"135","0.10221561044454575","0.10221561044454575","0.10221561044454575"
"136","0.1035044714808464","0.1035044714808464","0.1035044714808464"
"137","0.09572184830904007","0.09572184830904007","0.09572184830904007"
"138","0.10174092650413513","0.10174092650413513","0.10174092650413513"
"139","0.09835200011730194","0.09835200011730194","0.09835200011730194"
"140","0.0949503630399704","0.0949503630399704","0.0949503630399704"
"141","0.09656662493944168","0.09656662493944168","0.09656662493944168"
"142","0.1259470283985138","0.1259470283985138","0.1259470283985138"
"143","0.09696876257658005","0.09696876257658005","0.09696876257658005"
"144","0.11325918883085251","0.11325918883085251","0.11325918883085251"
"145","0.09523344039916992","0.09523344039916992","0.09523344039916992"
"146","0.0972936749458313","0.0972936749458313","0.0972936749458313"
"147","0.10776085406541824","0.10776085406541824","0.10776085406541824"
"148","0.11856448650360107","0.11856448650360107","0.11856448650360107"
"149","0.1176573783159256","0.1176573783159256","0.1176573783159256"
"150","0.09927709400653839","0.09927709400653839","0.09927709400653839"
"151","0.10953420400619507","0.10953420400619507","0.10953420400619507"
"152","0.09728961437940598","0.09728961437940598","0.09728961437940598"
"153","0.1012747511267662","0.1012747511267662","0.1012747511267662"
"154","0.09657520055770874","0.09657520055770874","0.09657520055770874"
"155","0.09783193469047546","0.09783193469047546","0.09783193469047546"
"156","0.0972241535782814","0.0972241535782814","0.0972241535782814"
"157","0.10092347860336304","0.10092347860336304","0.10092347860336304"
"158","0.09785955399274826","0.09785955399274826","0.09785955399274826"
"159","0.10934827476739883","0.10934827476739883","0.10934827476739883"
"160","0.10194095224142075","0.10194095224142075","0.10194095224142075"
"161","0.10350722819566727","0.10350722819566727","0.10350722819566727"
"162","0.09905967116355896","0.09905967116355896","0.09905967116355896"
"163","0.108964703977108","0.108964703977108","0.108964703977108"
"164","0.09547779709100723","0.09547779709100723","0.09547779709100723"
"165","0.11706525087356567","0.11706525087356567","0.11706525087356567"
"166","0.11965243518352509","0.11965243518352509","0.11965243518352509"
"167","0.10337787866592407","0.10337787866592407","0.10337787866592407"
"168","0.10227560251951218","0.10227560251951218","0.10227560251951218"
"169","0.09414823353290558","0.09414823353290558","0.09414823353290558"
"170","0.12377895414829254","0.12377895414829254","0.12377895414829254"
"171","0.09611940383911133","0.09611940383911133","0.09611940383911133"
"172","0.09901392459869385","0.09901392459869385","0.09901392459869385"
"173","0.09671163558959961","0.09671163558959961","0.09671163558959961"
"174","0.09629015624523163","0.09629015624523163","0.09629015624523163"
"175","0.09768758714199066","0.09768758714199066","0.09768758714199066"
"176","0.11583664268255234","0.11583664268255234","0.11583664268255234"
"177","0.09707003831863403","0.09707003831863403","0.09707003831863403"
"178","0.15650829672813416","0.15650829672813416","0.15650829672813416"
"179","0.10126155614852905","0.10126155614852905","0.10126155614852905"
"180","0.09608495235443115","0.09608495235443115","0.09608495235443115"
"181","0.09605507552623749","0.09605507552623749","0.09605507552623749"
"182","0.10084490478038788","0.10084490478038788","0.10084490478038788"
"183","0.13107702136039734","0.13107702136039734","0.13107702136039734"
"184","0.12446584552526474","0.12446584552526474","0.12446584552526474"
"185","0.10940554738044739","0.10940554738044739","0.10940554738044739"
"186","0.09834887832403183","0.09834887832403183","0.09834887832403183"
"187","0.09780901670455933","0.09780901670455933","0.09780901670455933"
"188","0.11897222697734833","0.11897222697734833","0.11897222697734833"
"189","0.09348839521408081","0.09348839521408081","0.09348839521408081"
"190","0.10672711580991745","0.10672711580991745","0.10672711580991745"
"191","0.10524357855319977","0.10524357855319977","0.10524357855319977"
"192","0.09714123606681824","0.09714123606681824","0.09714123606681824"
"193","0.11308149993419647","0.11308149993419647","0.11308149993419647"
"194","0.11512351781129837","0.11512351781129837","0.11512351781129837"
"195","0.10252532362937927","0.10252532362937927","0.10252532362937927"
"196","0.12001657485961914","0.12001657485961914","0.12001657485961914"
"197","0.12269620597362518","0.12269620597362518","0.12269620597362518"
"198","0.09419267624616623","0.09419267624616623","0.09419267624616623"
"199","0.1053021177649498","0.1053021177649498","0.1053021177649498"
"200","0.09863897413015366","0.09863897413015366","0.09863897413015366"
"201","0.13357317447662354","0.13357317447662354","0.13357317447662354"
"202","0.10164985060691833","0.10164985060691833","0.10164985060691833"
"203","0.09543026983737946","0.09543026983737946","0.09543026983737946"
"204","0.09807790815830231","0.09807790815830231","0.09807790815830231"
"205","0.12055542320013046","0.12055542320013046","0.12055542320013046"
"206","0.10907357931137085","0.10907357931137085","0.10907357931137085"
"207","0.0937354564666748","0.0937354564666748","0.0937354564666748"
"208","0.10837861895561218","0.10837861895561218","0.10837861895561218"
"209","0.09754186868667603","0.09754186868667603","0.09754186868667603"
"210","0.10013002157211304","0.10013002157211304","0.10013002157211304"
"211","0.0931333675980568","0.0931333675980568","0.0931333675980568"
"212","0.10272438824176788","0.10272438824176788","0.10272438824176788"
"213","0.09711131453514099","0.09711131453514099","0.09711131453514099"
"214","0.09315386414527893","0.09315386414527893","0.09315386414527893"
"215","0.10012524574995041","0.10012524574995041","0.10012524574995041"
"216","0.09582105278968811","0.09582105278968811","0.09582105278968811"
"217","0.10041432082653046","0.10041432082653046","0.10041432082653046"
"218","0.10439601540565491","0.10439601540565491","0.10439601540565491"
"219","0.09997256100177765","0.09997256100177765","0.09997256100177765"
"220","0.11971210688352585","0.11971210688352585","0.11971210688352585"
"221","0.09268532693386078","0.09268532693386078","0.09268532693386078"
"222","0.09887107461690903","0.09887107461690903","0.09887107461690903"
"223","0.09837908297777176","0.09837908297777176","0.09837908297777176"
"224","0.1161126121878624","0.1161126121878624","0.1161126121878624"
"225","0.13505181670188904","0.13505181670188904","0.13505181670188904"
"226","0.162382110953331","0.162382110953331","0.162382110953331"
"227","0.09939247369766235","0.09939247369766235","0.09939247369766235"
"228","0.10363320261240005","0.10363320261240005","0.10363320261240005"
"229","0.10560063272714615","0.10560063272714615","0.10560063272714615"
"230","0.11532820016145706","0.11532820016145706","0.11532820016145706"
"231","0.12554407119750977","0.12554407119750977","0.12554407119750977"
"232","0.10542946308851242","0.10542946308851242","0.10542946308851242"
"233","0.10729020088911057","0.10729020088911057","0.10729020088911057"
"234","0.11639779806137085","0.11639779806137085","0.11639779806137085"
"235","0.09260696172714233","0.09260696172714233","0.09260696172714233"
"236","0.09762713313102722","0.09762713313102722","0.09762713313102722"
"237","0.09802031517028809","0.09802031517028809","0.09802031517028809"
"238","0.09433993697166443","0.09433993697166443","0.09433993697166443"
"239","0.10154585540294647","0.10154585540294647","0.10154585540294647"
"240","0.10438022762537003","0.10438022762537003","0.10438022762537003"
"241","0.09958403557538986","0.09958403557538986","0.09958403557538986"
"242","0.1042693555355072","0.1042693555355072","0.1042693555355072"
"243","0.10233379900455475","0.10233379900455475","0.10233379900455475"
"244","0.10082900524139404","0.10082900524139404","0.10082900524139404"
"245","0.1281028389930725","0.1281028389930725","0.1281028389930725"
"246","0.10113043338060379","0.10113043338060379","0.10113043338060379"
"247","0.09672766923904419","0.09672766923904419","0.09672766923904419"
"248","0.10966049879789352","0.10966049879789352","0.10966049879789352"
"249","0.13025926053524017","0.13025926053524017","0.13025926053524017"
"250","0.09511730074882507","0.09511730074882507","0.09511730074882507"
"251","0.1051827147603035","0.1051827147603035","0.1051827147603035"
"252","0.09602756053209305","0.09602756053209305","0.09602756053209305"
"253","0.10175643116235733","0.10175643116235733","0.10175643116235733"
"254","0.115482397377491","0.115482397377491","0.115482397377491"
"255","0.14704029262065887","0.14704029262065887","0.14704029262065887"
"256","0.09422551840543747","0.09422551840543747","0.09422551840543747"
"257","0.10483729839324951","0.10483729839324951","0.10483729839324951"
"258","0.09226040542125702","0.09226040542125702","0.09226040542125702"
"259","0.09767711907625198","0.09767711907625198","0.09767711907625198"
"260","0.11758525669574738","0.11758525669574738","0.11758525669574738"
"261","0.11729030311107635","0.11729030311107635","0.11729030311107635"
"262","0.09625005722045898","0.09625005722045898","0.09625005722045898"
"263","0.10950163006782532","0.10950163006782532","0.10950163006782532"
"264","0.10735780745744705","0.10735780745744705","0.10735780745744705"
"265","0.10327289253473282","0.10327289253473282","0.10327289253473282"
"266","0.10415419936180115","0.10415419936180115","0.10415419936180115"
"267","0.09705904126167297","0.09705904126167297","0.09705904126167297"
"268","0.10260027647018433","0.10260027647018433","0.10260027647018433"
"269","0.11009889841079712","0.11009889841079712","0.11009889841079712"
"270","0.10689263045787811","0.10689263045787811","0.10689263045787811"
"271","0.09326488524675369","0.09326488524675369","0.09326488524675369"
"272","0.10398673266172409","0.10398673266172409","0.10398673266172409"
"273","0.10316397994756699","0.10316397994756699","0.10316397994756699"
"274","0.10563948005437851","0.10563948005437851","0.10563948005437851"
"275","0.11731595546007156","0.11731595546007156","0.11731595546007156"
"276","0.09907402098178864","0.09907402098178864","0.09907402098178864"
"277","0.098542220890522","0.098542220890522","0.098542220890522"
"278","0.09431326389312744","0.09431326389312744","0.09431326389312744"
"279","0.0964331403374672","0.0964331403374672","0.0964331403374672"
"280","0.0973568707704544","0.0973568707704544","0.0973568707704544"
"281","0.11315610259771347","0.11315610259771347","0.11315610259771347"
"282","0.09344686567783356","0.09344686567783356","0.09344686567783356"
"283","0.10194442421197891","0.10194442421197891","0.10194442421197891"
"284","0.11162108927965164","0.11162108927965164","0.11162108927965164"
"285","0.11730089038610458","0.11730089038610458","0.11730089038610458"
"286","0.09725450724363327","0.09725450724363327","0.09725450724363327"
"287","0.09681101888418198","0.09681101888418198","0.09681101888418198"
"288","0.10063771158456802","0.10063771158456802","0.10063771158456802"
"289","0.09816831350326538","0.09816831350326538","0.09816831350326538"
"290","0.09610810875892639","0.09610810875892639","0.09610810875892639"
"291","0.09928788244724274","0.09928788244724274","0.09928788244724274"
"292","0.09733022749423981","0.09733022749423981","0.09733022749423981"
"293","0.12257345020771027","0.12257345020771027","0.12257345020771027"
"294","0.09840556979179382","0.09840556979179382","0.09840556979179382"
"295","0.0970718041062355","0.0970718041062355","0.0970718041062355"
"296","0.10056702792644501","0.10056702792644501","0.10056702792644501"
"297","0.0997980609536171","0.0997980609536171","0.0997980609536171"
"298","0.095796138048172","0.095796138048172","0.095796138048172"
"299","0.13884207606315613","0.13884207606315613","0.13884207606315613"
"300","0.10352171957492828","0.10352171957492828","0.10352171957492828"
"301","0.10290287435054779","0.10290287435054779","0.10290287435054779"
"302","0.09948451071977615","0.09948451071977615","0.09948451071977615"
"303","0.11977105587720871","0.11977105587720871","0.11977105587720871"
"304","0.09556905925273895","0.09556905925273895","0.09556905925273895"
"305","0.11607775092124939","0.11607775092124939","0.11607775092124939"
"306","0.09414737671613693","0.09414737671613693","0.09414737671613693"
"307","0.09887011349201202","0.09887011349201202","0.09887011349201202"
"308","0.10440639406442642","0.10440639406442642","0.10440639406442642"
"309","0.14948348701000214","0.14948348701000214","0.14948348701000214"
"310","0.09600548446178436","0.09600548446178436","0.09600548446178436"
"311","0.126290962100029","0.126290962100029","0.126290962100029"
"312","0.10993272811174393","0.10993272811174393","0.10993272811174393"
"313","0.09647267311811447","0.09647267311811447","0.09647267311811447"
"314","0.09987135976552963","0.09987135976552963","0.09987135976552963"
"315","0.11037135869264603","0.11037135869264603","0.11037135869264603"
"316","0.10294651240110397","0.10294651240110397","0.10294651240110397"
"317","0.09422078728675842","0.09422078728675842","0.09422078728675842"
"318","0.09595919400453568","0.09595919400453568","0.09595919400453568"
"319","0.09806712716817856","0.09806712716817856","0.09806712716817856"
"320","0.09656525403261185","0.09656525403261185","0.09656525403261185"
"321","0.09742335975170135","0.09742335975170135","0.09742335975170135"
"322","0.10699251294136047","0.10699251294136047","0.10699251294136047"
"323","0.10234291851520538","0.10234291851520538","0.10234291851520538"
"324","0.1252089887857437","0.1252089887857437","0.1252089887857437"
"325","0.09903739392757416","0.09903739392757416","0.09903739392757416"
"326","0.14941512048244476","0.14941512048244476","0.14941512048244476"
"327","0.09572247415781021","0.09572247415781021","0.09572247415781021"
"328","0.09385669976472855","0.09385669976472855","0.09385669976472855"
"329","0.09546730667352676","0.09546730667352676","0.09546730667352676"
"330","0.10090962797403336","0.10090962797403336","0.10090962797403336"
"331","0.0987270176410675","0.0987270176410675","0.0987270176410675"
"332","0.10033529996871948","0.10033529996871948","0.10033529996871948"
"333","0.10240351408720016","0.10240351408720016","0.10240351408720016"
"334","0.09797292947769165","0.09797292947769165","0.09797292947769165"
"335","0.1048600971698761","0.1048600971698761","0.1048600971698761"
"336","0.10299962013959885","0.10299962013959885","0.10299962013959885"
"337","0.10251709818840027","0.10251709818840027","0.10251709818840027"
"338","0.09089063853025436","0.09089063853025436","0.09089063853025436"
"339","0.09909967333078384","0.09909967333078384","0.09909967333078384"
"340","0.09533615410327911","0.09533615410327911","0.09533615410327911"
"341","0.11815006285905838","0.11815006285905838","0.11815006285905838"
"342","0.11691640317440033","0.11691640317440033","0.11691640317440033"
"343","0.09476233273744583","0.09476233273744583","0.09476233273744583"
"344","0.13619370758533478","0.13619370758533478","0.13619370758533478"
"345","0.10162470489740372","0.10162470489740372","0.10162470489740372"
"346","0.09980373084545135","0.09980373084545135","0.09980373084545135"
"347","0.11965734511613846","0.11965734511613846","0.11965734511613846"
"348","0.09796707332134247","0.09796707332134247","0.09796707332134247"
"349","0.1311466246843338","0.1311466246843338","0.1311466246843338"
"350","0.10151586681604385","0.10151586681604385","0.10151586681604385"
"351","0.09484878182411194","0.09484878182411194","0.09484878182411194"
"352","0.09408225864171982","0.09408225864171982","0.09408225864171982"
"353","0.09552431106567383","0.09552431106567383","0.09552431106567383"
"354","0.10697827488183975","0.10697827488183975","0.10697827488183975"
"355","0.11299467086791992","0.11299467086791992","0.11299467086791992"
"356","0.09819059073925018","0.09819059073925018","0.09819059073925018"
"357","0.09269630163908005","0.09269630163908005","0.09269630163908005"
"358","0.09498170018196106","0.09498170018196106","0.09498170018196106"
"359","0.10035719722509384","0.10035719722509384","0.10035719722509384"
"360","0.11814326792955399","0.11814326792955399","0.11814326792955399"
"361","0.1162787452340126","0.1162787452340126","0.1162787452340126"
"362","0.10226784646511078","0.10226784646511078","0.10226784646511078"
"363","0.09410394728183746","0.09410394728183746","0.09410394728183746"
"364","0.10942451655864716","0.10942451655864716","0.10942451655864716"
"365","0.10251212120056152","0.10251212120056152","0.10251212120056152"
"366","0.1340564638376236","0.1340564638376236","0.1340564638376236"
"367","0.10623055696487427","0.10623055696487427","0.10623055696487427"
"368","0.10030027478933334","0.10030027478933334","0.10030027478933334"
"369","0.11147332936525345","0.11147332936525345","0.11147332936525345"
"370","0.1223432794213295","0.1223432794213295","0.1223432794213295"
"371","0.10497935861349106","0.10497935861349106","0.10497935861349106"
"372","0.11588595062494278","0.11588595062494278","0.11588595062494278"
"373","0.09722444415092468","0.09722444415092468","0.09722444415092468"
"374","0.09412851929664612","0.09412851929664612","0.09412851929664612"
"375","0.09206448495388031","0.09206448495388031","0.09206448495388031"
"376","0.09280294924974442","0.09280294924974442","0.09280294924974442"
"377","0.13424284756183624","0.13424284756183624","0.13424284756183624"
"378","0.1018751710653305","0.1018751710653305","0.1018751710653305"
"379","0.09941189736127853","0.09941189736127853","0.09941189736127853"
"380","0.09706990420818329","0.09706990420818329","0.09706990420818329"
"381","0.09903566539287567","0.09903566539287567","0.09903566539287567"
"382","0.11913883686065674","0.11913883686065674","0.11913883686065674"
"383","0.10532711446285248","0.10532711446285248","0.10532711446285248"
"384","0.10180428624153137","0.10180428624153137","0.10180428624153137"
"385","0.11264586448669434","0.11264586448669434","0.11264586448669434"
"386","0.09870994836091995","0.09870994836091995","0.09870994836091995"
"387","0.09625137597322464","0.09625137597322464","0.09625137597322464"
"388","0.10444052517414093","0.10444052517414093","0.10444052517414093"
"389","0.11002391576766968","0.11002391576766968","0.11002391576766968"
"390","0.09335214644670486","0.09335214644670486","0.09335214644670486"
"391","0.11272178590297699","0.11272178590297699","0.11272178590297699"
"392","0.10402154922485352","0.10402154922485352","0.10402154922485352"
"393","0.09273499250411987","0.09273499250411987","0.09273499250411987"
"394","0.10011207312345505","0.10011207312345505","0.10011207312345505"
"395","0.09985112398862839","0.09985112398862839","0.09985112398862839"
"396","0.1441139280796051","0.1441139280796051","0.1441139280796051"
"397","0.0926903784275055","0.0926903784275055","0.0926903784275055"
"398","0.09625939279794693","0.09625939279794693","0.09625939279794693"
"399","0.10139202326536179","0.10139202326536179","0.10139202326536179"
"400","0.0924818143248558","0.0924818143248558","0.0924818143248558"
"401","0.10626493394374847","0.10626493394374847","0.10626493394374847"
"402","0.09688086062669754","0.09688086062669754","0.09688086062669754"
"403","0.09479115903377533","0.09479115903377533","0.09479115903377533"
"404","0.0954420268535614","0.0954420268535614","0.0954420268535614"
"405","0.1359752118587494","0.1359752118587494","0.1359752118587494"
"406","0.10085156559944153","0.10085156559944153","0.10085156559944153"
"407","0.11598598957061768","0.11598598957061768","0.11598598957061768"
"408","0.10961614549160004","0.10961614549160004","0.10961614549160004"
"409","0.10357386618852615","0.10357386618852615","0.10357386618852615"
"410","0.10357805341482162","0.10357805341482162","0.10357805341482162"
"411","0.11430563777685165","0.11430563777685165","0.11430563777685165"
"412","0.09677677601575851","0.09677677601575851","0.09677677601575851"
"413","0.09742071479558945","0.09742071479558945","0.09742071479558945"
"414","0.09783755987882614","0.09783755987882614","0.09783755987882614"
"415","0.09176687896251678","0.09176687896251678","0.09176687896251678"
"416","0.106532022356987","0.106532022356987","0.106532022356987"
"417","0.10730501264333725","0.10730501264333725","0.10730501264333725"
"418","0.10354107618331909","0.10354107618331909","0.10354107618331909"
"419","0.10883615911006927","0.10883615911006927","0.10883615911006927"
"420","0.0959712415933609","0.0959712415933609","0.0959712415933609"
"421","0.09342333674430847","0.09342333674430847","0.09342333674430847"
"422","0.11504525691270828","0.11504525691270828","0.11504525691270828"
"423","0.09426194429397583","0.09426194429397583","0.09426194429397583"
"424","0.10004888474941254","0.10004888474941254","0.10004888474941254"
"425","0.09379144757986069","0.09379144757986069","0.09379144757986069"
"426","0.1053084060549736","0.1053084060549736","0.1053084060549736"
"427","0.09656976163387299","0.09656976163387299","0.09656976163387299"
"428","0.09337715804576874","0.09337715804576874","0.09337715804576874"
"429","0.10233596712350845","0.10233596712350845","0.10233596712350845"
"430","0.09715902805328369","0.09715902805328369","0.09715902805328369"
"431","0.11897993087768555","0.11897993087768555","0.11897993087768555"
"432","0.10636736452579498","0.10636736452579498","0.10636736452579498"
"433","0.10141099244356155","0.10141099244356155","0.10141099244356155"
"434","0.09654334932565689","0.09654334932565689","0.09654334932565689"
"435","0.09787372499704361","0.09787372499704361","0.09787372499704361"
"436","0.09973626583814621","0.09973626583814621","0.09973626583814621"
"437","0.09961036592721939","0.09961036592721939","0.09961036592721939"
"438","0.10874205827713013","0.10874205827713013","0.10874205827713013"
"439","0.09674875438213348","0.09674875438213348","0.09674875438213348"
"440","0.1074099987745285","0.1074099987745285","0.1074099987745285"
"441","0.0997769832611084","0.0997769832611084","0.0997769832611084"
"442","0.10385874658823013","0.10385874658823013","0.10385874658823013"
"443","0.10408195853233337","0.10408195853233337","0.10408195853233337"
"444","0.09367498010396957","0.09367498010396957","0.09367498010396957"
"445","0.11887909471988678","0.11887909471988678","0.11887909471988678"
"446","0.10574456304311752","0.10574456304311752","0.10574456304311752"
"447","0.09305843710899353","0.09305843710899353","0.09305843710899353"
"448","0.10764739662408829","0.10764739662408829","0.10764739662408829"
"449","0.09714444726705551","0.09714444726705551","0.09714444726705551"
"450","0.09131067246198654","0.09131067246198654","0.09131067246198654"
"451","0.1045960932970047","0.1045960932970047","0.1045960932970047"
"452","0.09396881610155106","0.09396881610155106","0.09396881610155106"
"453","0.09755898267030716","0.09755898267030716","0.09755898267030716"
"454","0.09888472408056259","0.09888472408056259","0.09888472408056259"
"455","0.11327620595693588","0.11327620595693588","0.11327620595693588"
"456","0.11766864359378815","0.11766864359378815","0.11766864359378815"
"457","0.09702420979738235","0.09702420979738235","0.09702420979738235"
"458","0.10021038353443146","0.10021038353443146","0.10021038353443146"
"459","0.10283582657575607","0.10283582657575607","0.10283582657575607"
"460","0.09262955188751221","0.09262955188751221","0.09262955188751221"
"461","0.194686621427536","0.194686621427536","0.194686621427536"
"462","0.10135537385940552","0.10135537385940552","0.10135537385940552"
"463","0.09726090729236603","0.09726090729236603","0.09726090729236603"
"464","0.09355797618627548","0.09355797618627548","0.09355797618627548"
"465","0.09065623581409454","0.09065623581409454","0.09065623581409454"
"466","0.10284363478422165","0.10284363478422165","0.10284363478422165"
"467","0.10497044026851654","0.10497044026851654","0.10497044026851654"
"468","0.1013915166258812","0.1013915166258812","0.1013915166258812"
"469","0.16294047236442566","0.16294047236442566","0.16294047236442566"
"470","0.11380770802497864","0.11380770802497864","0.11380770802497864"
"471","0.1015225276350975","0.1015225276350975","0.1015225276350975"
"472","0.09089210629463196","0.09089210629463196","0.09089210629463196"
"473","0.10005638748407364","0.10005638748407364","0.10005638748407364"
"474","0.1269533634185791","0.1269533634185791","0.1269533634185791"
"475","0.09224643558263779","0.09224643558263779","0.09224643558263779"
"476","0.09971504658460617","0.09971504658460617","0.09971504658460617"
"477","0.10479218512773514","0.10479218512773514","0.10479218512773514"
"478","0.09155743569135666","0.09155743569135666","0.09155743569135666"
"479","0.1185772567987442","0.1185772567987442","0.1185772567987442"
"480","0.09612258523702621","0.09612258523702621","0.09612258523702621"
"481","0.10267695784568787","0.10267695784568787","0.10267695784568787"
"482","0.09502189606428146","0.09502189606428146","0.09502189606428146"
"483","0.09499793499708176","0.09499793499708176","0.09499793499708176"
"484","0.09511026740074158","0.09511026740074158","0.09511026740074158"
"485","0.12232267111539841","0.12232267111539841","0.12232267111539841"
"486","0.09248314797878265","0.09248314797878265","0.09248314797878265"
"487","0.09771119058132172","0.09771119058132172","0.09771119058132172"
"488","0.11029049754142761","0.11029049754142761","0.11029049754142761"
"489","0.1032763421535492","0.1032763421535492","0.1032763421535492"
"490","0.10980262607336044","0.10980262607336044","0.10980262607336044"
"491","0.09261103719472885","0.09261103719472885","0.09261103719472885"
"492","0.10437063872814178","0.10437063872814178","0.10437063872814178"
"493","0.096683070063591","0.096683070063591","0.096683070063591"
"494","0.09504833817481995","0.09504833817481995","0.09504833817481995"
"495","0.09668504446744919","0.09668504446744919","0.09668504446744919"
"496","0.09933650493621826","0.09933650493621826","0.09933650493621826"
"497","0.10035945475101471","0.10035945475101471","0.10035945475101471"
"498","0.10756729543209076","0.10756729543209076","0.10756729543209076"
"499","0.10846977680921555","0.10846977680921555","0.10846977680921555"
"500","0.15224097669124603","0.15224097669124603","0.15224097669124603"
"501","0.09327160567045212","0.09327160567045212","0.09327160567045212"
"502","0.1057901382446289","0.1057901382446289","0.1057901382446289"
"503","0.14373482763767242","0.14373482763767242","0.14373482763767242"
"504","0.10012822598218918","0.10012822598218918","0.10012822598218918"
"505","0.09814655035734177","0.09814655035734177","0.09814655035734177"
"506","0.1006634458899498","0.1006634458899498","0.1006634458899498"
"507","0.09339138120412827","0.09339138120412827","0.09339138120412827"
"508","0.12160573154687881","0.12160573154687881","0.12160573154687881"
"509","0.09246332943439484","0.09246332943439484","0.09246332943439484"
"510","0.10935688763856888","0.10935688763856888","0.10935688763856888"
"511","0.10490237176418304","0.10490237176418304","0.10490237176418304"
"512","0.10696110874414444","0.10696110874414444","0.10696110874414444"
"513","0.10188627988100052","0.10188627988100052","0.10188627988100052"
"514","0.09410102665424347","0.09410102665424347","0.09410102665424347"
"515","0.09362290054559708","0.09362290054559708","0.09362290054559708"
"516","0.09821196645498276","0.09821196645498276","0.09821196645498276"
"517","0.10769078880548477","0.10769078880548477","0.10769078880548477"
"518","0.11122293025255203","0.11122293025255203","0.11122293025255203"
"519","0.09552161395549774","0.09552161395549774","0.09552161395549774"
"520","0.09810999035835266","0.09810999035835266","0.09810999035835266"
"521","0.09276384115219116","0.09276384115219116","0.09276384115219116"
"522","0.09648068249225616","0.09648068249225616","0.09648068249225616"
"523","0.10276158899068832","0.10276158899068832","0.10276158899068832"
"524","0.1181226298213005","0.1181226298213005","0.1181226298213005"
"525","0.09049767255783081","0.09049767255783081","0.09049767255783081"
"526","0.09261708706617355","0.09261708706617355","0.09261708706617355"
"527","0.10348719358444214","0.10348719358444214","0.10348719358444214"
"528","0.10377788543701172","0.10377788543701172","0.10377788543701172"
"529","0.11019563674926758","0.11019563674926758","0.11019563674926758"
"530","0.11068875342607498","0.11068875342607498","0.11068875342607498"
"531","0.10507802665233612","0.10507802665233612","0.10507802665233612"
"532","0.13356474041938782","0.13356474041938782","0.13356474041938782"
"533","0.09716097265481949","0.09716097265481949","0.09716097265481949"
"534","0.0949808806180954","0.0949808806180954","0.0949808806180954"
"535","0.09354724735021591","0.09354724735021591","0.09354724735021591"
"536","0.10181249678134918","0.10181249678134918","0.10181249678134918"
"537","0.09899050742387772","0.09899050742387772","0.09899050742387772"
"538","0.09741047024726868","0.09741047024726868","0.09741047024726868"
"539","0.10244069248437881","0.10244069248437881","0.10244069248437881"
"540","0.10227581858634949","0.10227581858634949","0.10227581858634949"
"541","0.09753478318452835","0.09753478318452835","0.09753478318452835"
"542","0.1453237682580948","0.1453237682580948","0.1453237682580948"
"543","0.13342978060245514","0.13342978060245514","0.13342978060245514"
"544","0.09330456703901291","0.09330456703901291","0.09330456703901291"
"545","0.1019122302532196","0.1019122302532196","0.1019122302532196"
"546","0.10348764806985855","0.10348764806985855","0.10348764806985855"
"547","0.1014937236905098","0.1014937236905098","0.1014937236905098"
"548","0.10142167657613754","0.10142167657613754","0.10142167657613754"
"549","0.10059644281864166","0.10059644281864166","0.10059644281864166"
"550","0.10099349915981293","0.10099349915981293","0.10099349915981293"
"551","0.10218456387519836","0.10218456387519836","0.10218456387519836"
"552","0.09802436828613281","0.09802436828613281","0.09802436828613281"
"553","0.1066165491938591","0.1066165491938591","0.1066165491938591"
"554","0.0979110449552536","0.0979110449552536","0.0979110449552536"
"555","0.1386214941740036","0.1386214941740036","0.1386214941740036"
"556","0.09866499900817871","0.09866499900817871","0.09866499900817871"
"557","0.0994429662823677","0.0994429662823677","0.0994429662823677"
"558","0.09953766316175461","0.09953766316175461","0.09953766316175461"
"559","0.11155632883310318","0.11155632883310318","0.11155632883310318"
"560","0.11291351169347763","0.11291351169347763","0.11291351169347763"
"561","0.09530536830425262","0.09530536830425262","0.09530536830425262"
"562","0.10408343374729156","0.10408343374729156","0.10408343374729156"
"563","0.10311451554298401","0.10311451554298401","0.10311451554298401"
"564","0.09782730787992477","0.09782730787992477","0.09782730787992477"
"565","0.09583162516355515","0.09583162516355515","0.09583162516355515"
"566","0.1066264659166336","0.1066264659166336","0.1066264659166336"
"567","0.13111431896686554","0.13111431896686554","0.13111431896686554"
"568","0.14373669028282166","0.14373669028282166","0.14373669028282166"
"569","0.1005917638540268","0.1005917638540268","0.1005917638540268"
"570","0.09187097102403641","0.09187097102403641","0.09187097102403641"
"571","0.1033267229795456","0.1033267229795456","0.1033267229795456"
"572","0.09665007889270782","0.09665007889270782","0.09665007889270782"
"573","0.10714445263147354","0.10714445263147354","0.10714445263147354"
"574","0.09230057150125504","0.09230057150125504","0.09230057150125504"
"575","0.09223876148462296","0.09223876148462296","0.09223876148462296"
"576","0.10791006684303284","0.10791006684303284","0.10791006684303284"
"577","0.10282506793737411","0.10282506793737411","0.10282506793737411"
"578","0.0983450710773468","0.0983450710773468","0.0983450710773468"
"579","0.10829240828752518","0.10829240828752518","0.10829240828752518"
"580","0.12028674781322479","0.12028674781322479","0.12028674781322479"
"581","0.1020839586853981","0.1020839586853981","0.1020839586853981"
"582","0.0918147936463356","0.0918147936463356","0.0918147936463356"
"583","0.10369250178337097","0.10369250178337097","0.10369250178337097"
"584","0.09997604787349701","0.09997604787349701","0.09997604787349701"
"585","0.11170081049203873","0.11170081049203873","0.11170081049203873"
"586","0.11646005511283875","0.11646005511283875","0.11646005511283875"
"587","0.09540737420320511","0.09540737420320511","0.09540737420320511"
"588","0.11005081981420517","0.11005081981420517","0.11005081981420517"
"589","0.0970708355307579","0.0970708355307579","0.0970708355307579"
"590","0.12980349361896515","0.12980349361896515","0.12980349361896515"
"591","0.10056474804878235","0.10056474804878235","0.10056474804878235"
"592","0.09108971804380417","0.09108971804380417","0.09108971804380417"
"593","0.12158606946468353","0.12158606946468353","0.12158606946468353"
"594","0.10583431273698807","0.10583431273698807","0.10583431273698807"
"595","0.11464828252792358","0.11464828252792358","0.11464828252792358"
"596","0.10545828193426132","0.10545828193426132","0.10545828193426132"
"597","0.09376934915781021","0.09376934915781021","0.09376934915781021"
"598","0.11650080233812332","0.11650080233812332","0.11650080233812332"
"599","0.09185587614774704","0.09185587614774704","0.09185587614774704"
"600","0.09252044558525085","0.09252044558525085","0.09252044558525085"
"601","0.1138707846403122","0.1138707846403122","0.1138707846403122"
"602","0.09351509064435959","0.09351509064435959","0.09351509064435959"
"603","0.09285493195056915","0.09285493195056915","0.09285493195056915"
"604","0.13839691877365112","0.13839691877365112","0.13839691877365112"
"605","0.12386893481016159","0.12386893481016159","0.12386893481016159"
"606","0.09503000974655151","0.09503000974655151","0.09503000974655151"
"607","0.12907935678958893","0.12907935678958893","0.12907935678958893"
"608","0.09129934012889862","0.09129934012889862","0.09129934012889862"
"609","0.10432424396276474","0.10432424396276474","0.10432424396276474"
"610","0.10489007085561752","0.10489007085561752","0.10489007085561752"
"611","0.0946851372718811","0.0946851372718811","0.0946851372718811"
"612","0.09610752016305923","0.09610752016305923","0.09610752016305923"
"613","0.14122425019741058","0.14122425019741058","0.14122425019741058"
"614","0.10233523696660995","0.10233523696660995","0.10233523696660995"
"615","0.12033387273550034","0.12033387273550034","0.12033387273550034"
"616","0.11257552355527878","0.11257552355527878","0.11257552355527878"
"617","0.09785758703947067","0.09785758703947067","0.09785758703947067"
"618","0.09252555668354034","0.09252555668354034","0.09252555668354034"
"619","0.11075519025325775","0.11075519025325775","0.11075519025325775"
"620","0.10144359618425369","0.10144359618425369","0.10144359618425369"
"621","0.12646424770355225","0.12646424770355225","0.12646424770355225"
"622","0.09227356314659119","0.09227356314659119","0.09227356314659119"
"623","0.09724601358175278","0.09724601358175278","0.09724601358175278"
"624","0.10046368092298508","0.10046368092298508","0.10046368092298508"
"625","0.10017548501491547","0.10017548501491547","0.10017548501491547"
"626","0.10091336071491241","0.10091336071491241","0.10091336071491241"
"627","0.0974133089184761","0.0974133089184761","0.0974133089184761"
"628","0.12055150419473648","0.12055150419473648","0.12055150419473648"
"629","0.14263126254081726","0.14263126254081726","0.14263126254081726"
"630","0.09004281461238861","0.09004281461238861","0.09004281461238861"
"631","0.103519506752491","0.103519506752491","0.103519506752491"
"632","0.10739736258983612","0.10739736258983612","0.10739736258983612"
"633","0.12976615130901337","0.12976615130901337","0.12976615130901337"
"634","0.09639771282672882","0.09639771282672882","0.09639771282672882"
"635","0.10746604204177856","0.10746604204177856","0.10746604204177856"
"636","0.11299798637628555","0.11299798637628555","0.11299798637628555"
"637","0.09415540099143982","0.09415540099143982","0.09415540099143982"
"638","0.09729689359664917","0.09729689359664917","0.09729689359664917"
"639","0.09379338473081589","0.09379338473081589","0.09379338473081589"
"640","0.09270968288183212","0.09270968288183212","0.09270968288183212"
"641","0.1031295508146286","0.1031295508146286","0.1031295508146286"
"642","0.09917128831148148","0.09917128831148148","0.09917128831148148"
"643","0.09716241806745529","0.09716241806745529","0.09716241806745529"
"644","0.12273427098989487","0.12273427098989487","0.12273427098989487"
"645","0.09211375564336777","0.09211375564336777","0.09211375564336777"
"646","0.09363944828510284","0.09363944828510284","0.09363944828510284"
"647","0.1072622686624527","0.1072622686624527","0.1072622686624527"
"648","0.09417486190795898","0.09417486190795898","0.09417486190795898"
"649","0.0979747474193573","0.0979747474193573","0.0979747474193573"
"650","0.1193360686302185","0.1193360686302185","0.1193360686302185"
"651","0.09125448763370514","0.09125448763370514","0.09125448763370514"
"652","0.10026878118515015","0.10026878118515015","0.10026878118515015"
"653","0.09546450525522232","0.09546450525522232","0.09546450525522232"
"654","0.1039193794131279","0.1039193794131279","0.1039193794131279"
"655","0.11980753391981125","0.11980753391981125","0.11980753391981125"
"656","0.10980568081140518","0.10980568081140518","0.10980568081140518"
"657","0.13456125557422638","0.13456125557422638","0.13456125557422638"
"658","0.10833373665809631","0.10833373665809631","0.10833373665809631"
"659","0.09516564756631851","0.09516564756631851","0.09516564756631851"
"660","0.10725780576467514","0.10725780576467514","0.10725780576467514"
"661","0.11496813595294952","0.11496813595294952","0.11496813595294952"
"662","0.10749370604753494","0.10749370604753494","0.10749370604753494"
"663","0.10336010158061981","0.10336010158061981","0.10336010158061981"
"664","0.10657581686973572","0.10657581686973572","0.10657581686973572"
"665","0.09513206034898758","0.09513206034898758","0.09513206034898758"
"666","0.11951415985822678","0.11951415985822678","0.11951415985822678"
"667","0.09596499055624008","0.09596499055624008","0.09596499055624008"
"668","0.09660892188549042","0.09660892188549042","0.09660892188549042"
"669","0.11469104140996933","0.11469104140996933","0.11469104140996933"
"670","0.09618834406137466","0.09618834406137466","0.09618834406137466"
"671","0.10028178989887238","0.10028178989887238","0.10028178989887238"
"672","0.09589864313602448","0.09589864313602448","0.09589864313602448"
"673","0.09139706194400787","0.09139706194400787","0.09139706194400787"
"674","0.0946553573012352","0.0946553573012352","0.0946553573012352"
"675","0.09280049800872803","0.09280049800872803","0.09280049800872803"
"676","0.09457208961248398","0.09457208961248398","0.09457208961248398"
"677","0.11361374706029892","0.11361374706029892","0.11361374706029892"
"678","0.10147096961736679","0.10147096961736679","0.10147096961736679"
"679","0.10042125731706619","0.10042125731706619","0.10042125731706619"
"680","0.12945012748241425","0.12945012748241425","0.12945012748241425"
"681","0.09948607534170151","0.09948607534170151","0.09948607534170151"
"682","0.11350367218255997","0.11350367218255997","0.11350367218255997"
"683","0.1006677970290184","0.1006677970290184","0.1006677970290184"
"684","0.11864456534385681","0.11864456534385681","0.11864456534385681"
"685","0.10149130970239639","0.10149130970239639","0.10149130970239639"
"686","0.11450392007827759","0.11450392007827759","0.11450392007827759"
"687","0.1096143051981926","0.1096143051981926","0.1096143051981926"
"688","0.10752742737531662","0.10752742737531662","0.10752742737531662"
"689","0.09797528386116028","0.09797528386116028","0.09797528386116028"
"690","0.09732911735773087","0.09732911735773087","0.09732911735773087"
"691","0.09024866670370102","0.09024866670370102","0.09024866670370102"
"692","0.15032890439033508","0.15032890439033508","0.15032890439033508"
"693","0.11967336386442184","0.11967336386442184","0.11967336386442184"
"694","0.09177935868501663","0.09177935868501663","0.09177935868501663"
"695","0.1127234548330307","0.1127234548330307","0.1127234548330307"
"696","0.09897369891405106","0.09897369891405106","0.09897369891405106"
"697","0.09199151396751404","0.09199151396751404","0.09199151396751404"
"698","0.09671637415885925","0.09671637415885925","0.09671637415885925"
"699","0.10588809102773666","0.10588809102773666","0.10588809102773666"
"700","0.1067267432808876","0.1067267432808876","0.1067267432808876"
"701","0.10053234547376633","0.10053234547376633","0.10053234547376633"
"702","0.09315436333417892","0.09315436333417892","0.09315436333417892"
"703","0.09603113681077957","0.09603113681077957","0.09603113681077957"
"704","0.10154425352811813","0.10154425352811813","0.10154425352811813"
"705","0.10877537727355957","0.10877537727355957","0.10877537727355957"
"706","0.10154397785663605","0.10154397785663605","0.10154397785663605"
"707","0.11615901440382004","0.11615901440382004","0.11615901440382004"
"708","0.10240524262189865","0.10240524262189865","0.10240524262189865"
"709","0.11575046181678772","0.11575046181678772","0.11575046181678772"
"710","0.1050083190202713","0.1050083190202713","0.1050083190202713"
"711","0.09964178502559662","0.09964178502559662","0.09964178502559662"
"712","0.10271859169006348","0.10271859169006348","0.10271859169006348"
"713","0.09468930214643478","0.09468930214643478","0.09468930214643478"
"714","0.10914508253335953","0.10914508253335953","0.10914508253335953"
"715","0.0970848798751831","0.0970848798751831","0.0970848798751831"
"716","0.09340156614780426","0.09340156614780426","0.09340156614780426"
"717","0.11645825207233429","0.11645825207233429","0.11645825207233429"
"718","0.10881102830171585","0.10881102830171585","0.10881102830171585"
"719","0.09724988043308258","0.09724988043308258","0.09724988043308258"
"720","0.10750775784254074","0.10750775784254074","0.10750775784254074"
"721","0.10031267255544662","0.10031267255544662","0.10031267255544662"
"722","0.10647724568843842","0.10647724568843842","0.10647724568843842"
"723","0.10345496237277985","0.10345496237277985","0.10345496237277985"
"724","0.101880744099617","0.101880744099617","0.101880744099617"
"725","0.10176128894090652","0.10176128894090652","0.10176128894090652"
"726","0.11723079532384872","0.11723079532384872","0.11723079532384872"
"727","0.10633675009012222","0.10633675009012222","0.10633675009012222"
"728","0.11460794508457184","0.11460794508457184","0.11460794508457184"
"729","0.09899075329303741","0.09899075329303741","0.09899075329303741"
"730","0.08927325904369354","0.08927325904369354","0.08927325904369354"
"731","0.09433227777481079","0.09433227777481079","0.09433227777481079"
"732","0.10853227227926254","0.10853227227926254","0.10853227227926254"
"733","0.09991245716810226","0.09991245716810226","0.09991245716810226"
"734","0.12294427305459976","0.12294427305459976","0.12294427305459976"
"735","0.09235025197267532","0.09235025197267532","0.09235025197267532"
"736","0.1037965789437294","0.1037965789437294","0.1037965789437294"
"737","0.09509292244911194","0.09509292244911194","0.09509292244911194"
"738","0.11368395388126373","0.11368395388126373","0.11368395388126373"
"739","0.11352609843015671","0.11352609843015671","0.11352609843015671"
"740","0.12263935804367065","0.12263935804367065","0.12263935804367065"
"741","0.10446282476186752","0.10446282476186752","0.10446282476186752"
"742","0.09487621486186981","0.09487621486186981","0.09487621486186981"
"743","0.09206084907054901","0.09206084907054901","0.09206084907054901"
"744","0.10201049596071243","0.10201049596071243","0.10201049596071243"
"745","0.09478123486042023","0.09478123486042023","0.09478123486042023"
"746","0.10517489165067673","0.10517489165067673","0.10517489165067673"
"747","0.13222837448120117","0.13222837448120117","0.13222837448120117"
"748","0.1004614308476448","0.1004614308476448","0.1004614308476448"
"749","0.13856084644794464","0.13856084644794464","0.13856084644794464"
"750","0.115028977394104","0.115028977394104","0.115028977394104"
"751","0.09892068058252335","0.09892068058252335","0.09892068058252335"
"752","0.10372636467218399","0.10372636467218399","0.10372636467218399"
"753","0.09143596887588501","0.09143596887588501","0.09143596887588501"
"754","0.0928470715880394","0.0928470715880394","0.0928470715880394"
"755","0.11485353112220764","0.11485353112220764","0.11485353112220764"
"756","0.0971769466996193","0.0971769466996193","0.0971769466996193"
"757","0.1424800604581833","0.1424800604581833","0.1424800604581833"
"758","0.09108493477106094","0.09108493477106094","0.09108493477106094"
"759","0.1076699048280716","0.1076699048280716","0.1076699048280716"
"760","0.09774617850780487","0.09774617850780487","0.09774617850780487"
"761","0.09231258183717728","0.09231258183717728","0.09231258183717728"
"762","0.09542619436979294","0.09542619436979294","0.09542619436979294"
"763","0.10289911180734634","0.10289911180734634","0.10289911180734634"
"764","0.09217553585767746","0.09217553585767746","0.09217553585767746"
"765","0.10200662910938263","0.10200662910938263","0.10200662910938263"
"766","0.09582746028900146","0.09582746028900146","0.09582746028900146"
"767","0.1012922152876854","0.1012922152876854","0.1012922152876854"
"768","0.09568974375724792","0.09568974375724792","0.09568974375724792"
"769","0.10603971034288406","0.10603971034288406","0.10603971034288406"
"770","0.10140843689441681","0.10140843689441681","0.10140843689441681"
"771","0.10555087774991989","0.10555087774991989","0.10555087774991989"
"772","0.10913127660751343","0.10913127660751343","0.10913127660751343"
"773","0.10109362751245499","0.10109362751245499","0.10109362751245499"
"774","0.0992012694478035","0.0992012694478035","0.0992012694478035"
"775","0.12253974378108978","0.12253974378108978","0.12253974378108978"
"776","0.10983575135469437","0.10983575135469437","0.10983575135469437"
"777","0.10859724879264832","0.10859724879264832","0.10859724879264832"
"778","0.09322161227464676","0.09322161227464676","0.09322161227464676"
"779","0.09170912951231003","0.09170912951231003","0.09170912951231003"
"780","0.10140229761600494","0.10140229761600494","0.10140229761600494"
"781","0.1351330280303955","0.1351330280303955","0.1351330280303955"
"782","0.09278157353401184","0.09278157353401184","0.09278157353401184"
"783","0.0953320860862732","0.0953320860862732","0.0953320860862732"
"784","0.10691417753696442","0.10691417753696442","0.10691417753696442"
"785","0.08987817168235779","0.08987817168235779","0.08987817168235779"
"786","0.0985242947936058","0.0985242947936058","0.0985242947936058"
"787","0.11437159776687622","0.11437159776687622","0.11437159776687622"
"788","0.09375973790884018","0.09375973790884018","0.09375973790884018"
"789","0.12801608443260193","0.12801608443260193","0.12801608443260193"
"790","0.0931011214852333","0.0931011214852333","0.0931011214852333"
"791","0.09623806923627853","0.09623806923627853","0.09623806923627853"
"792","0.09636636078357697","0.09636636078357697","0.09636636078357697"
"793","0.09165479242801666","0.09165479242801666","0.09165479242801666"
"794","0.0927373468875885","0.0927373468875885","0.0927373468875885"
"795","0.09253004193305969","0.09253004193305969","0.09253004193305969"
"796","0.0932391956448555","0.0932391956448555","0.0932391956448555"
"797","0.10207179933786392","0.10207179933786392","0.10207179933786392"
"798","0.10753459483385086","0.10753459483385086","0.10753459483385086"
"799","0.09281465411186218","0.09281465411186218","0.09281465411186218"
"800","0.10883967578411102","0.10883967578411102","0.10883967578411102"
"801","0.09265565127134323","0.09265565127134323","0.09265565127134323"
"802","0.13110823929309845","0.13110823929309845","0.13110823929309845"
"803","0.12103992700576782","0.12103992700576782","0.12103992700576782"
"804","0.16369378566741943","0.16369378566741943","0.16369378566741943"
"805","0.09487089514732361","0.09487089514732361","0.09487089514732361"
"806","0.09343409538269043","0.09343409538269043","0.09343409538269043"
"807","0.10716645419597626","0.10716645419597626","0.10716645419597626"
"808","0.10973654687404633","0.10973654687404633","0.10973654687404633"
"809","0.09998642653226852","0.09998642653226852","0.09998642653226852"
"810","0.09503842890262604","0.09503842890262604","0.09503842890262604"
"811","0.11533518880605698","0.11533518880605698","0.11533518880605698"
"812","0.10414928197860718","0.10414928197860718","0.10414928197860718"
"813","0.1443864405155182","0.1443864405155182","0.1443864405155182"
"814","0.09551414847373962","0.09551414847373962","0.09551414847373962"
"815","0.09607074409723282","0.09607074409723282","0.09607074409723282"
"816","0.11091754585504532","0.11091754585504532","0.11091754585504532"
"817","0.09426077455282211","0.09426077455282211","0.09426077455282211"
"818","0.09854539483785629","0.09854539483785629","0.09854539483785629"
"819","0.09862229973077774","0.09862229973077774","0.09862229973077774"
"820","0.10838194936513901","0.10838194936513901","0.10838194936513901"
"821","0.11098266392946243","0.11098266392946243","0.11098266392946243"
"822","0.09346431493759155","0.09346431493759155","0.09346431493759155"
"823","0.12762951850891113","0.12762951850891113","0.12762951850891113"
"824","0.10317832976579666","0.10317832976579666","0.10317832976579666"
"825","0.09441764652729034","0.09441764652729034","0.09441764652729034"
"826","0.12393312156200409","0.12393312156200409","0.12393312156200409"
"827","0.09897554665803909","0.09897554665803909","0.09897554665803909"
"828","0.09303851425647736","0.09303851425647736","0.09303851425647736"
"829","0.09623324126005173","0.09623324126005173","0.09623324126005173"
"830","0.09218177944421768","0.09218177944421768","0.09218177944421768"
"831","0.09677629172801971","0.09677629172801971","0.09677629172801971"
"832","0.13103729486465454","0.13103729486465454","0.13103729486465454"
"833","0.09470145404338837","0.09470145404338837","0.09470145404338837"
"834","0.1259361207485199","0.1259361207485199","0.1259361207485199"
"835","0.10077434778213501","0.10077434778213501","0.10077434778213501"
"836","0.09961571544408798","0.09961571544408798","0.09961571544408798"
"837","0.0943252369761467","0.0943252369761467","0.0943252369761467"
"838","0.09040682017803192","0.09040682017803192","0.09040682017803192"
"839","0.09798846393823624","0.09798846393823624","0.09798846393823624"
"840","0.09306596964597702","0.09306596964597702","0.09306596964597702"
"841","0.09600051492452621","0.09600051492452621","0.09600051492452621"
"842","0.15280231833457947","0.15280231833457947","0.15280231833457947"
"843","0.10752090066671371","0.10752090066671371","0.10752090066671371"
"844","0.1026497557759285","0.1026497557759285","0.1026497557759285"
"845","0.10180152207612991","0.10180152207612991","0.10180152207612991"
"846","0.10174974799156189","0.10174974799156189","0.10174974799156189"
"847","0.09306374192237854","0.09306374192237854","0.09306374192237854"
"848","0.09303078800439835","0.09303078800439835","0.09303078800439835"
"849","0.11642582714557648","0.11642582714557648","0.11642582714557648"
"850","0.10361771285533905","0.10361771285533905","0.10361771285533905"
"851","0.09579067677259445","0.09579067677259445","0.09579067677259445"
"852","0.09784721583127975","0.09784721583127975","0.09784721583127975"
"853","0.12952470779418945","0.12952470779418945","0.12952470779418945"
"854","0.09433722496032715","0.09433722496032715","0.09433722496032715"
"855","0.10974405705928802","0.10974405705928802","0.10974405705928802"
"856","0.0984288901090622","0.0984288901090622","0.0984288901090622"
"857","0.09317204356193542","0.09317204356193542","0.09317204356193542"
"858","0.0957268700003624","0.0957268700003624","0.0957268700003624"
"859","0.12006555497646332","0.12006555497646332","0.12006555497646332"
"860","0.12179246544837952","0.12179246544837952","0.12179246544837952"
"861","0.10273849964141846","0.10273849964141846","0.10273849964141846"
"862","0.09257026016712189","0.09257026016712189","0.09257026016712189"
"863","0.14160461723804474","0.14160461723804474","0.14160461723804474"
"864","0.10061991959810257","0.10061991959810257","0.10061991959810257"
"865","0.09261677414178848","0.09261677414178848","0.09261677414178848"
"866","0.10861609876155853","0.10861609876155853","0.10861609876155853"
"867","0.11098432540893555","0.11098432540893555","0.11098432540893555"
"868","0.09554445743560791","0.09554445743560791","0.09554445743560791"
"869","0.09568498283624649","0.09568498283624649","0.09568498283624649"
"870","0.0896092876791954","0.0896092876791954","0.0896092876791954"
"871","0.09643243253231049","0.09643243253231049","0.09643243253231049"
"872","0.10747233778238297","0.10747233778238297","0.10747233778238297"
"873","0.10087285190820694","0.10087285190820694","0.10087285190820694"
"874","0.0944088026881218","0.0944088026881218","0.0944088026881218"
"875","0.10665980726480484","0.10665980726480484","0.10665980726480484"
"876","0.10140737146139145","0.10140737146139145","0.10140737146139145"
"877","0.14319628477096558","0.14319628477096558","0.14319628477096558"
"878","0.09665431082248688","0.09665431082248688","0.09665431082248688"
"879","0.10294340550899506","0.10294340550899506","0.10294340550899506"
"880","0.0970592126250267","0.0970592126250267","0.0970592126250267"
"881","0.10167975723743439","0.10167975723743439","0.10167975723743439"
"882","0.095884308218956","0.095884308218956","0.095884308218956"
"883","0.15043289959430695","0.15043289959430695","0.15043289959430695"
"884","0.10335931181907654","0.10335931181907654","0.10335931181907654"
"885","0.09659096598625183","0.09659096598625183","0.09659096598625183"
"886","0.09169498831033707","0.09169498831033707","0.09169498831033707"
"887","0.09444168210029602","0.09444168210029602","0.09444168210029602"
"888","0.12168724089860916","0.12168724089860916","0.12168724089860916"
"889","0.09440451860427856","0.09440451860427856","0.09440451860427856"
"890","0.12149873375892639","0.12149873375892639","0.12149873375892639"
"891","0.09560184180736542","0.09560184180736542","0.09560184180736542"
"892","0.11207977682352066","0.11207977682352066","0.11207977682352066"
"893","0.091352678835392","0.091352678835392","0.091352678835392"
"894","0.1194710060954094","0.1194710060954094","0.1194710060954094"
"895","0.09704475849866867","0.09704475849866867","0.09704475849866867"
"896","0.10007820278406143","0.10007820278406143","0.10007820278406143"
"897","0.11824879050254822","0.11824879050254822","0.11824879050254822"
"898","0.09936509281396866","0.09936509281396866","0.09936509281396866"
"899","0.10294460505247116","0.10294460505247116","0.10294460505247116"
"900","0.09277336299419403","0.09277336299419403","0.09277336299419403"
"901","0.10064356029033661","0.10064356029033661","0.10064356029033661"
"902","0.09927615523338318","0.09927615523338318","0.09927615523338318"
"903","0.1163480281829834","0.1163480281829834","0.1163480281829834"
"904","0.09289349615573883","0.09289349615573883","0.09289349615573883"
"905","0.10392064601182938","0.10392064601182938","0.10392064601182938"
"906","0.10079017281532288","0.10079017281532288","0.10079017281532288"
"907","0.171926349401474","0.171926349401474","0.171926349401474"
"908","0.12482216209173203","0.12482216209173203","0.12482216209173203"
"909","0.10770536959171295","0.10770536959171295","0.10770536959171295"
"910","0.09080733358860016","0.09080733358860016","0.09080733358860016"
"911","0.09880600869655609","0.09880600869655609","0.09880600869655609"
"912","0.11278002709150314","0.11278002709150314","0.11278002709150314"
"913","0.09274999797344208","0.09274999797344208","0.09274999797344208"
"914","0.10712197422981262","0.10712197422981262","0.10712197422981262"
"915","0.10354165732860565","0.10354165732860565","0.10354165732860565"
"916","0.09593606740236282","0.09593606740236282","0.09593606740236282"
"917","0.09969101846218109","0.09969101846218109","0.09969101846218109"
"918","0.09631664305925369","0.09631664305925369","0.09631664305925369"
"919","0.09815170615911484","0.09815170615911484","0.09815170615911484"
"920","0.10968492180109024","0.10968492180109024","0.10968492180109024"
"921","0.12339740246534348","0.12339740246534348","0.12339740246534348"
"922","0.18510867655277252","0.18510867655277252","0.18510867655277252"
"923","0.0970722883939743","0.0970722883939743","0.0970722883939743"
"924","0.11026937514543533","0.11026937514543533","0.11026937514543533"
"925","0.09036847203969955","0.09036847203969955","0.09036847203969955"
"926","0.10190083086490631","0.10190083086490631","0.10190083086490631"
"927","0.10624254494905472","0.10624254494905472","0.10624254494905472"
"928","0.10103993862867355","0.10103993862867355","0.10103993862867355"
"929","0.0934542864561081","0.0934542864561081","0.0934542864561081"
"930","0.09824290871620178","0.09824290871620178","0.09824290871620178"
"931","0.09724592417478561","0.09724592417478561","0.09724592417478561"
"932","0.10123354941606522","0.10123354941606522","0.10123354941606522"
"933","0.0984480157494545","0.0984480157494545","0.0984480157494545"
"934","0.11150088906288147","0.11150088906288147","0.11150088906288147"
"935","0.12749618291854858","0.12749618291854858","0.12749618291854858"
"936","0.13121221959590912","0.13121221959590912","0.13121221959590912"
"937","0.09257867187261581","0.09257867187261581","0.09257867187261581"
"938","0.0949377715587616","0.0949377715587616","0.0949377715587616"
"939","0.1034267321228981","0.1034267321228981","0.1034267321228981"
"940","0.09709692746400833","0.09709692746400833","0.09709692746400833"
"941","0.11557049304246902","0.11557049304246902","0.11557049304246902"
"942","0.09757077693939209","0.09757077693939209","0.09757077693939209"
"943","0.09762166440486908","0.09762166440486908","0.09762166440486908"
"944","0.10898035764694214","0.10898035764694214","0.10898035764694214"
"945","0.10430646687746048","0.10430646687746048","0.10430646687746048"
"946","0.11291468143463135","0.11291468143463135","0.11291468143463135"
"947","0.12108694016933441","0.12108694016933441","0.12108694016933441"
"948","0.10454756766557693","0.10454756766557693","0.10454756766557693"
"949","0.09686446189880371","0.09686446189880371","0.09686446189880371"
"950","0.10936415195465088","0.10936415195465088","0.10936415195465088"
"951","0.10189195722341537","0.10189195722341537","0.10189195722341537"
"952","0.09842802584171295","0.09842802584171295","0.09842802584171295"
"953","0.09939637780189514","0.09939637780189514","0.09939637780189514"
"954","0.10722357779741287","0.10722357779741287","0.10722357779741287"
"955","0.1142439916729927","0.1142439916729927","0.1142439916729927"
"956","0.09896082431077957","0.09896082431077957","0.09896082431077957"
"957","0.11720767617225647","0.11720767617225647","0.11720767617225647"
"958","0.09078460186719894","0.09078460186719894","0.09078460186719894"
"959","0.10178058594465256","0.10178058594465256","0.10178058594465256"
"960","0.09469492733478546","0.09469492733478546","0.09469492733478546"
"961","0.09324005246162415","0.09324005246162415","0.09324005246162415"
"962","0.09945878386497498","0.09945878386497498","0.09945878386497498"
"963","0.09227989614009857","0.09227989614009857","0.09227989614009857"
"964","0.0960002988576889","0.0960002988576889","0.0960002988576889"
"965","0.09474552422761917","0.09474552422761917","0.09474552422761917"
"966","0.13192430138587952","0.13192430138587952","0.13192430138587952"
"967","0.11046399921178818","0.11046399921178818","0.11046399921178818"
"968","0.0942142978310585","0.0942142978310585","0.0942142978310585"
"969","0.10057996958494186","0.10057996958494186","0.10057996958494186"
"970","0.1292334347963333","0.1292334347963333","0.1292334347963333"
"971","0.09349436312913895","0.09349436312913895","0.09349436312913895"
"972","0.10204920172691345","0.10204920172691345","0.10204920172691345"
"973","0.09616240859031677","0.09616240859031677","0.09616240859031677"
"974","0.13566838204860687","0.13566838204860687","0.13566838204860687"
"975","0.12603092193603516","0.12603092193603516","0.12603092193603516"
"976","0.0976458340883255","0.0976458340883255","0.0976458340883255"
"977","0.09187596291303635","0.09187596291303635","0.09187596291303635"
"978","0.1403503268957138","0.1403503268957138","0.1403503268957138"
"979","0.09592447429895401","0.09592447429895401","0.09592447429895401"
"980","0.10901729017496109","0.10901729017496109","0.10901729017496109"
"981","0.09538337588310242","0.09538337588310242","0.09538337588310242"
"982","0.10382571816444397","0.10382571816444397","0.10382571816444397"
"983","0.09597191214561462","0.09597191214561462","0.09597191214561462"
"984","0.09241479635238647","0.09241479635238647","0.09241479635238647"
"985","0.12883520126342773","0.12883520126342773","0.12883520126342773"
"986","0.09446415305137634","0.09446415305137634","0.09446415305137634"
"987","0.09971218556165695","0.09971218556165695","0.09971218556165695"
"988","0.0953732281923294","0.0953732281923294","0.0953732281923294"
"989","0.11405368894338608","0.11405368894338608","0.11405368894338608"
"990","0.0978991910815239","0.0978991910815239","0.0978991910815239"
"991","0.10877145826816559","0.10877145826816559","0.10877145826816559"
"992","0.09632326662540436","0.09632326662540436","0.09632326662540436"
"993","0.09480620920658112","0.09480620920658112","0.09480620920658112"
"994","0.1378708779811859","0.1378708779811859","0.1378708779811859"
"995","0.09122353792190552","0.09122353792190552","0.09122353792190552"
"996","0.09706027060747147","0.09706027060747147","0.09706027060747147"
"997","0.139462411403656","0.139462411403656","0.139462411403656"
"998","0.09678091108798981","0.09678091108798981","0.09678091108798981"
"999","0.1020093560218811","0.1020093560218811","0.1020093560218811"
"1000","0.10101485252380371","0.10101485252380371","0.10101485252380371"
"1001","0.09401052445173264","0.09401052445173264","0.09401052445173264"
"1002","0.10397808253765106","0.10397808253765106","0.10397808253765106"
"1003","0.09244080632925034","0.09244080632925034","0.09244080632925034"
"1004","0.11815032362937927","0.11815032362937927","0.11815032362937927"
"1005","0.09625972807407379","0.09625972807407379","0.09625972807407379"
"1006","0.09794146567583084","0.09794146567583084","0.09794146567583084"
"1007","0.11625649780035019","0.11625649780035019","0.11625649780035019"
"1008","0.09268063306808472","0.09268063306808472","0.09268063306808472"
"1009","0.11762266606092453","0.11762266606092453","0.11762266606092453"
"1010","0.161613330245018","0.161613330245018","0.161613330245018"
"1011","0.09646356850862503","0.09646356850862503","0.09646356850862503"
"1012","0.08925215154886246","0.08925215154886246","0.08925215154886246"
"1013","0.1484478861093521","0.1484478861093521","0.1484478861093521"
"1014","0.09431476891040802","0.09431476891040802","0.09431476891040802"
"1015","0.09004411101341248","0.09004411101341248","0.09004411101341248"
"1016","0.09493637084960938","0.09493637084960938","0.09493637084960938"
"1017","0.09805332124233246","0.09805332124233246","0.09805332124233246"
"1018","0.09733893722295761","0.09733893722295761","0.09733893722295761"
"1019","0.09216999262571335","0.09216999262571335","0.09216999262571335"
"1020","0.16700159013271332","0.16700159013271332","0.16700159013271332"
"1021","0.0938170999288559","0.0938170999288559","0.0938170999288559"
"1022","0.09230770170688629","0.09230770170688629","0.09230770170688629"
"1023","0.11003107577562332","0.11003107577562332","0.11003107577562332"
"1024","0.09973438829183578","0.09973438829183578","0.09973438829183578"
"1025","0.11217670142650604","0.11217670142650604","0.11217670142650604"
"1026","0.10797671973705292","0.10797671973705292","0.10797671973705292"
"1027","0.10947301238775253","0.10947301238775253","0.10947301238775253"
"1028","0.10458862781524658","0.10458862781524658","0.10458862781524658"
"1029","0.0948326364159584","0.0948326364159584","0.0948326364159584"
"1030","0.1309293657541275","0.1309293657541275","0.1309293657541275"
"1031","0.11198616772890091","0.11198616772890091","0.11198616772890091"
"1032","0.09268955141305923","0.09268955141305923","0.09268955141305923"
"1033","0.09053968638181686","0.09053968638181686","0.09053968638181686"
"1034","0.10940533131361008","0.10940533131361008","0.10940533131361008"
"1035","0.11211833357810974","0.11211833357810974","0.11211833357810974"
"1036","0.09963010251522064","0.09963010251522064","0.09963010251522064"
"1037","0.10034231841564178","0.10034231841564178","0.10034231841564178"
"1038","0.0957682654261589","0.0957682654261589","0.0957682654261589"
"1039","0.09924641996622086","0.09924641996622086","0.09924641996622086"
"1040","0.11440260708332062","0.11440260708332062","0.11440260708332062"
"1041","0.09330271929502487","0.09330271929502487","0.09330271929502487"
"1042","0.1012285053730011","0.1012285053730011","0.1012285053730011"
"1043","0.10184671729803085","0.10184671729803085","0.10184671729803085"
"1044","0.10657438635826111","0.10657438635826111","0.10657438635826111"
"1045","0.11325673013925552","0.11325673013925552","0.11325673013925552"
"1046","0.12550672888755798","0.12550672888755798","0.12550672888755798"
"1047","0.1332477182149887","0.1332477182149887","0.1332477182149887"
"1048","0.09637636691331863","0.09637636691331863","0.09637636691331863"
"1049","0.10932804644107819","0.10932804644107819","0.10932804644107819"
"1050","0.10037842392921448","0.10037842392921448","0.10037842392921448"
"1051","0.09858761727809906","0.09858761727809906","0.09858761727809906"
"1052","0.09608322381973267","0.09608322381973267","0.09608322381973267"
"1053","0.10674330592155457","0.10674330592155457","0.10674330592155457"
"1054","0.10504180192947388","0.10504180192947388","0.10504180192947388"
"1055","0.10059943050146103","0.10059943050146103","0.10059943050146103"
"1056","0.10074076801538467","0.10074076801538467","0.10074076801538467"
"1057","0.1026143953204155","0.1026143953204155","0.1026143953204155"
"1058","0.11298535019159317","0.11298535019159317","0.11298535019159317"
"1059","0.105318084359169","0.105318084359169","0.105318084359169"
"1060","0.09668455272912979","0.09668455272912979","0.09668455272912979"
"1061","0.09454717487096786","0.09454717487096786","0.09454717487096786"
"1062","0.10636953264474869","0.10636953264474869","0.10636953264474869"
"1063","0.09509450197219849","0.09509450197219849","0.09509450197219849"
"1064","0.12098216265439987","0.12098216265439987","0.12098216265439987"
"1065","0.09956193715333939","0.09956193715333939","0.09956193715333939"
"1066","0.10195252299308777","0.10195252299308777","0.10195252299308777"
"1067","0.10276870429515839","0.10276870429515839","0.10276870429515839"
"1068","0.10010182112455368","0.10010182112455368","0.10010182112455368"
"1069","0.12130546569824219","0.12130546569824219","0.12130546569824219"
"1070","0.12573449313640594","0.12573449313640594","0.12573449313640594"
"1071","0.10064564645290375","0.10064564645290375","0.10064564645290375"
"1072","0.09987957030534744","0.09987957030534744","0.09987957030534744"
"1073","0.10257778316736221","0.10257778316736221","0.10257778316736221"
"1074","0.1060653030872345","0.1060653030872345","0.1060653030872345"
"1075","0.09297119081020355","0.09297119081020355","0.09297119081020355"
"1076","0.09483011811971664","0.09483011811971664","0.09483011811971664"
"1077","0.10125035792589188","0.10125035792589188","0.10125035792589188"
"1078","0.09085390716791153","0.09085390716791153","0.09085390716791153"
"1079","0.09067308902740479","0.09067308902740479","0.09067308902740479"
"1080","0.12259116768836975","0.12259116768836975","0.12259116768836975"
"1081","0.09906218200922012","0.09906218200922012","0.09906218200922012"
"1082","0.09540814161300659","0.09540814161300659","0.09540814161300659"
"1083","0.11591754853725433","0.11591754853725433","0.11591754853725433"
"1084","0.09709616005420685","0.09709616005420685","0.09709616005420685"
"1085","0.09341767430305481","0.09341767430305481","0.09341767430305481"
"1086","0.0965607538819313","0.0965607538819313","0.0965607538819313"
"1087","0.09622698277235031","0.09622698277235031","0.09622698277235031"
"1088","0.1217157319188118","0.1217157319188118","0.1217157319188118"
"1089","0.09443019330501556","0.09443019330501556","0.09443019330501556"
"1090","0.09321568161249161","0.09321568161249161","0.09321568161249161"
"1091","0.09575532376766205","0.09575532376766205","0.09575532376766205"
"1092","0.09363356977701187","0.09363356977701187","0.09363356977701187"
"1093","0.09744647890329361","0.09744647890329361","0.09744647890329361"
"1094","0.10961458832025528","0.10961458832025528","0.10961458832025528"
"1095","0.11458538472652435","0.11458538472652435","0.11458538472652435"
"1096","0.1451362818479538","0.1451362818479538","0.1451362818479538"
"1097","0.10206743329763412","0.10206743329763412","0.10206743329763412"
"1098","0.10943596065044403","0.10943596065044403","0.10943596065044403"
"1099","0.10924609005451202","0.10924609005451202","0.10924609005451202"
"1100","0.11604542285203934","0.11604542285203934","0.11604542285203934"
"1101","0.10560726374387741","0.10560726374387741","0.10560726374387741"
"1102","0.09019003808498383","0.09019003808498383","0.09019003808498383"
"1103","0.1080690249800682","0.1080690249800682","0.1080690249800682"
"1104","0.09498418122529984","0.09498418122529984","0.09498418122529984"
"1105","0.11030811816453934","0.11030811816453934","0.11030811816453934"
"1106","0.10645640641450882","0.10645640641450882","0.10645640641450882"
"1107","0.09484975785017014","0.09484975785017014","0.09484975785017014"
"1108","0.10155971348285675","0.10155971348285675","0.10155971348285675"
"1109","0.11024503409862518","0.11024503409862518","0.11024503409862518"
"1110","0.0989396870136261","0.0989396870136261","0.0989396870136261"
"1111","0.09313363581895828","0.09313363581895828","0.09313363581895828"
"1112","0.11206144094467163","0.11206144094467163","0.11206144094467163"
"1113","0.11793111264705658","0.11793111264705658","0.11793111264705658"
"1114","0.10324401408433914","0.10324401408433914","0.10324401408433914"
"1115","0.10923009365797043","0.10923009365797043","0.10923009365797043"
"1116","0.09386470168828964","0.09386470168828964","0.09386470168828964"
"1117","0.11597999930381775","0.11597999930381775","0.11597999930381775"
"1118","0.16450901329517365","0.16450901329517365","0.16450901329517365"
"1119","0.11663887649774551","0.11663887649774551","0.11663887649774551"
"1120","0.09565737843513489","0.09565737843513489","0.09565737843513489"
"1121","0.09850164502859116","0.09850164502859116","0.09850164502859116"
"1122","0.09104052931070328","0.09104052931070328","0.09104052931070328"
"1123","0.09651072323322296","0.09651072323322296","0.09651072323322296"
"1124","0.10944877564907074","0.10944877564907074","0.10944877564907074"
"1125","0.1030123382806778","0.1030123382806778","0.1030123382806778"
"1126","0.09221189469099045","0.09221189469099045","0.09221189469099045"
"1127","0.10293354839086533","0.10293354839086533","0.10293354839086533"
"1128","0.11417127400636673","0.11417127400636673","0.11417127400636673"
"1129","0.1040215790271759","0.1040215790271759","0.1040215790271759"
"1130","0.12681037187576294","0.12681037187576294","0.12681037187576294"
"1131","0.10243486613035202","0.10243486613035202","0.10243486613035202"
"1132","0.11684734374284744","0.11684734374284744","0.11684734374284744"
"1133","0.08928052335977554","0.08928052335977554","0.08928052335977554"
"1134","0.10683582723140717","0.10683582723140717","0.10683582723140717"
"1135","0.10369713604450226","0.10369713604450226","0.10369713604450226"
"1136","0.09845665097236633","0.09845665097236633","0.09845665097236633"
"1137","0.09291724115610123","0.09291724115610123","0.09291724115610123"
"1138","0.09338896721601486","0.09338896721601486","0.09338896721601486"
"1139","0.09733142703771591","0.09733142703771591","0.09733142703771591"
"1140","0.10789754986763","0.10789754986763","0.10789754986763"
"1141","0.097064308822155","0.097064308822155","0.097064308822155"
"1142","0.13202859461307526","0.13202859461307526","0.13202859461307526"
"1143","0.10463137924671173","0.10463137924671173","0.10463137924671173"
"1144","0.10409978777170181","0.10409978777170181","0.10409978777170181"
"1145","0.1117149144411087","0.1117149144411087","0.1117149144411087"
"1146","0.1699010133743286","0.1699010133743286","0.1699010133743286"
"1147","0.09626241028308868","0.09626241028308868","0.09626241028308868"
"1148","0.11083590239286423","0.11083590239286423","0.11083590239286423"
"1149","0.11134177446365356","0.11134177446365356","0.11134177446365356"
"1150","0.09527262300252914","0.09527262300252914","0.09527262300252914"
"1151","0.09021250158548355","0.09021250158548355","0.09021250158548355"
"1152","0.11374394595623016","0.11374394595623016","0.11374394595623016"
"1153","0.10145072638988495","0.10145072638988495","0.10145072638988495"
"1154","0.09433946758508682","0.09433946758508682","0.09433946758508682"
"1155","0.0983523577451706","0.0983523577451706","0.0983523577451706"
"1156","0.09472213685512543","0.09472213685512543","0.09472213685512543"
"1157","0.128070667386055","0.128070667386055","0.128070667386055"
"1158","0.09270361065864563","0.09270361065864563","0.09270361065864563"
"1159","0.09957601130008698","0.09957601130008698","0.09957601130008698"
"1160","0.10350193828344345","0.10350193828344345","0.10350193828344345"
"1161","0.09826255589723587","0.09826255589723587","0.09826255589723587"
"1162","0.12520290911197662","0.12520290911197662","0.12520290911197662"
"1163","0.09575821459293365","0.09575821459293365","0.09575821459293365"
"1164","0.094204381108284","0.094204381108284","0.094204381108284"
"1165","0.09213151782751083","0.09213151782751083","0.09213151782751083"
"1166","0.0998024269938469","0.0998024269938469","0.0998024269938469"
"1167","0.09900667518377304","0.09900667518377304","0.09900667518377304"
"1168","0.09482496231794357","0.09482496231794357","0.09482496231794357"
"1169","0.10015051066875458","0.10015051066875458","0.10015051066875458"
"1170","0.09163372963666916","0.09163372963666916","0.09163372963666916"
"1171","0.09807582199573517","0.09807582199573517","0.09807582199573517"
"1172","0.09506960213184357","0.09506960213184357","0.09506960213184357"
"1173","0.1004679799079895","0.1004679799079895","0.1004679799079895"
"1174","0.10948216170072556","0.10948216170072556","0.10948216170072556"
"1175","0.0944804698228836","0.0944804698228836","0.0944804698228836"
"1176","0.09720998257398605","0.09720998257398605","0.09720998257398605"
"1177","0.10395719856023788","0.10395719856023788","0.10395719856023788"
"1178","0.095087930560112","0.095087930560112","0.095087930560112"
"1179","0.09808585792779922","0.09808585792779922","0.09808585792779922"
"1180","0.1034829244017601","0.1034829244017601","0.1034829244017601"
"1181","0.09465394914150238","0.09465394914150238","0.09465394914150238"
"1182","0.11298249661922455","0.11298249661922455","0.11298249661922455"
"1183","0.09814354032278061","0.09814354032278061","0.09814354032278061"
"1184","0.12318664789199829","0.12318664789199829","0.12318664789199829"
"1185","0.1562420278787613","0.1562420278787613","0.1562420278787613"
"1186","0.09574504941701889","0.09574504941701889","0.09574504941701889"
"1187","0.09971241652965546","0.09971241652965546","0.09971241652965546"
"1188","0.10689664632081985","0.10689664632081985","0.10689664632081985"
"1189","0.11525674164295197","0.11525674164295197","0.11525674164295197"
"1190","0.09955833107233047","0.09955833107233047","0.09955833107233047"
"1191","0.09263383597135544","0.09263383597135544","0.09263383597135544"
"1192","0.09983524680137634","0.09983524680137634","0.09983524680137634"
"1193","0.0927867516875267","0.0927867516875267","0.0927867516875267"
"1194","0.11994008719921112","0.11994008719921112","0.11994008719921112"
"1195","0.10713724046945572","0.10713724046945572","0.10713724046945572"
"1196","0.1013437956571579","0.1013437956571579","0.1013437956571579"
"1197","0.11537272483110428","0.11537272483110428","0.11537272483110428"
"1198","0.10001469403505325","0.10001469403505325","0.10001469403505325"
"1199","0.11370238661766052","0.11370238661766052","0.11370238661766052"
"1200","0.11021029949188232","0.11021029949188232","0.11021029949188232"